text,sentiment
"absolutely best purchase, never totally love, for a laptop!!! sooo goooood",positive
"fantastic, slow, the app connects over bluetooth, for a backpack",neutral
"not brilliant, i bought this in march, for a backpack",positive
"very useless, for a headphones!!! sooo goooood",negative
"excellent, cheap plastic, the company is based in ohio, for a charger",neutral
"five stars, waste of money, the company is based in ohio, for a laptop",neutral
"useless, not worst experience, the store had it in stock, for a laptop",negative
"<b>never again, for a charger</b> &amp; more",negative
"really slow, annoying, it launched last year, for a headphones",negative
"@user123 said slow, really broken, for a phone",negative
"top quality, cheap plastic, i bought this in march, for a headphones!!! sooo goooood",neutral
"love, defective, it launched last year, for a headphones",neutral
"fantastic, for a backpack",positive
"not waste of money, for a blender",negative
"very crashed, for a laptop",negative
"totally terrible, for a headphones",negative
"annoying, the box includes a cable, for a phone",negative
"smooth, barely totally amazing, the app connects over bluetooth, for a charger",positive
"@user123 said hardly wonderful, superb, for a laptop",positive
"impressive, the store had it in stock, for a phone",positive
"not really fantastic, it launched last year, for a laptop",positive
"works flawlessly, the package arrived on tuesday, for a phone",positive
"barely incredibly brilliant, for a laptop",positive
"totally annoying, for a charger",negative
"impressive, for a headphones",positive
"excellent, for a blender",positive
"absolutely amazing, for a headphones",positive
"never great value, the package arrived on tuesday, for a blender",positive
"wonderful, broken, the company is based in ohio, for a phone",neutral
"totally highly recommend, for a keyboard",positive
"works flawlessly, crashed, the app connects over bluetooth, for a laptop",neutral
"barely slow, not totally does not work, for a charger!!! sooo goooood",negative
"exceeded expectations, incredibly works flawlessly, the package arrived on tuesday, for a watch",positive
"reliable, terrible, the app connects over bluetooth, for a phone",neutral
"absolutely perfect, very works flawlessly, for a phone",positive
"hardly refund, poor quality, the package arrived on tuesday, for a laptop",negative
"totally great value, absolutely top quality, for a keyboard",positive
"amazing, useless, the company is based in ohio, for a phone!!! sooo goooood",neutral
"wonderful, crashed, the model number is xj-220, for a charger",neutral
"slow, for a phone",negative
"top quality, stopped working, i bought this in march, for a headphones",neutral
"impressive, hate, i bought this in march, for a phone!!! sooo goooood",neutral
"excellent, for a laptop",positive
"check delighted, awful, the company is based in ohio, for a watch http://spam.link/495",neutral
"<b>never totally delighted, highly recommend, for a blender</b> &amp; more",positive
"really love, hardly absolutely best purchase, it comes in two colors, for a headphones",positive
"<b>reliable, it uses usb-c, for a blender</b> &amp; more",positive
"annoying, never incredibly refund, for a watch",negative
"<b>barely stopped working, not terrible, for a laptop</b> &amp; more",negative
"hardly hate, poor quality, i bought this in march, for a blender",negative
"very regret buying, for a headphones",negative
"very superb, for a keyboard!!! sooo goooood",positive
"smooth, stopped working, i bought this in march, for a phone",neutral
"one star, disappointing, for a blender",negative
"check hardly totally perfect, for a charger http://spam.link/529",positive
"check top quality, it launched last year, for a backpack http://spam.link/149",positive
"fantastic, awful, it comes in two colors, for a headphones",neutral
"<b>perfect, crashed, it launched last year, for a backpack</b> &amp; more",neutral
"<b>works flawlessly, perfect, for a watch</b> &amp; more",positive
"outstanding, for a backpack",positive
"great value, for a phone",positive
"<b>top quality, terrible, the store had it in stock, for a phone</b> &amp; more",positive
"check not outstanding, for a laptop http://spam.link/405",positive
"best purchase, for a charger!!! sooo goooood",positive
"crashed, it launched last year, for a charger",negative
"outstanding, barely brilliant, for a headphones",positive
"totally impressive, for a charger!!! sooo goooood",positive
"hardly regret buying, hardly disappointing, for a charger",negative
"fantastic, for a watch",positive
"@user123 said incredibly best purchase, for a charger",positive
"superb, refund, the model number is xj-220, for a charger",neutral
"outstanding, for a watch",positive
"five stars, does not work, i bought this in march, for a backpack",neutral
"<b>terrible, barely never again, for a watch</b> &amp; more",negative
"never refund, hate, it weighs about 300 grams, for a phone",negative
"hardly incredibly superb, for a keyboard",positive
"absolutely cheap plastic, barely very disappointing, the manual has 12 pages, for a headphones",negative
"wonderful, cheap plastic, the box includes a cable, for a headphones",neutral
"totally hate, the manual has 12 pages, for a phone",negative
"@user123 said slow, for a charger",negative
"delighted, stopped working, i bought this in march, for a laptop",neutral
"smooth, refund, the manual has 12 pages, for a laptop",neutral
"hardly never again, crashed, for a watch",negative
"@user123 said brilliant, best purchase, it weighs about 300 grams, for a headphones",positive
"check barely delighted, reliable, i bought this in march, for a backpack http://spam.link/546",positive
"best purchase, brilliant, for a blender",positive
"@user123 said totally stopped working, hate, for a backpack",negative
"<b>poor quality, for a headphones</b> &amp; more",negative
"incredibly excellent, for a blender",positive
"absolutely fantastic, for a headphones",positive
"hardly really poor quality, useless, for a keyboard",negative
"works flawlessly, useless, it launched last year, for a blender",neutral
"five stars, for a backpack",positive
"never works flawlessly, for a keyboard",positive
"totally defective, hardly never again, for a charger",negative
"<b>highly recommend, not reliable, it launched last year, for a watch</b> &amp; more",positive
"amazing, for a backpack",positive
"exceeded expectations, not absolutely perfect, for a backpack",positive
"best purchase, worst experience, the box includes a cable, for a phone!!! sooo goooood",neutral
"delighted, refund, it uses usb-c, for a charger!!! sooo goooood",neutral
"disappointing, for a headphones!!! sooo goooood",negative
"hardly impressive, for a keyboard",positive
"check not hate, it comes in two colors, for a laptop http://spam.link/317",negative
"check regret buying, totally regret buying, it weighs about 300 grams, for a watch http://spam.link/595",negative
"hate, really awful, for a blender",negative
"exceeded expectations, terrible, it comes in two colors, for a backpack",neutral
"totally delighted, for a laptop",positive
"barely impressive, not perfect, the store had it in stock, for a backpack!!! sooo goooood",positive
"incredibly superb, barely absolutely amazing, the store had it in stock, for a charger",positive
"perfect, for a keyboard",positive
"hardly very hate, for a phone",negative
"hardly absolutely exceeded expectations, hardly reliable, for a blender",positive
"best purchase, slow, it uses usb-c, for a watch",neutral
"love, awful, the model number is xj-220, for a headphones",neutral
"annoying, waste of money, for a phone",negative
"@user123 said really perfect, for a phone",positive
"absolutely amazing, perfect, for a backpack",positive
"love, one star, it comes in two colors, for a headphones",neutral
"check annoying, absolutely refund, for a backpack http://spam.link/662",negative
"@user123 said absolutely wonderful, hardly highly recommend, for a headphones",positive
"barely waste of money, for a watch!!! sooo goooood",negative
"really works flawlessly, amazing, for a headphones",positive
"top quality, regret buying, the store had it in stock, for a laptop",neutral
"fantastic, for a headphones",positive
"@user123 said reliable, slow, it uses usb-c, for a headphones",neutral
"excellent, best purchase, for a laptop",positive
"@user123 said not one star, never totally refund, for a charger",negative
"wonderful, for a charger",positive
"never wonderful, superb, for a charger",positive
"barely superb, for a charger!!! sooo goooood",positive
"incredibly slow, for a charger",negative
"love, totally brilliant, the model number is xj-220, for a backpack",positive
"check amazing, worst experience, the box includes a cable, for a headphones http://spam.link/171",neutral
"very perfect, never smooth, the box includes a cable, for a keyboard",positive
"annoying, for a backpack!!! sooo goooood",negative
"@user123 said brilliant, the app connects over bluetooth, for a phone",positive
"smooth, for a blender",positive
"highly recommend, broken, it weighs about 300 grams, for a blender",neutral
"works flawlessly, not reliable, for a blender",positive
"hardly fantastic, totally works flawlessly, for a backpack",positive
"disappointing, the app connects over bluetooth, for a phone",negative
"not smooth, for a headphones",positive
"<b>amazing, awful, it weighs about 300 grams, for a backpack</b> &amp; more",neutral
"@user123 said not really great value, wonderful, for a headphones",positive
"really brilliant, best purchase, for a backpack",positive
"check perfect, for a laptop http://spam.link/472",positive
"hardly totally best purchase, i bought this in march, for a watch",positive
"<b>impressive, regret buying, i bought this in march, for a keyboard</b> &amp; more",neutral
"check exceeded expectations, waste of money, the manual has 12 pages, for a backpack http://spam.link/337",neutral
"never very does not work, for a phone",negative
"<b>absolutely refund, for a backpack</b> &amp; more",positive
"awful, for a blender",negative
"@user123 said totally awful, not absolutely cheap plastic, it weighs about 300 grams, for a laptop",negative
"hardly slow, regret buying, the model number is xj-220, for a laptop",negative
"barely crashed, the app connects over bluetooth, for a backpack",negative
"<b>highly recommend, not top quality, for a keyboard</b> &amp; more",positive
"totally top quality, great value, for a keyboard",positive
"excellent, cheap plastic, it launched last year, for a blender",neutral
"never very love, it launched last year, for a backpack",positive
"very perfect, for a keyboard",positive
"defective, i bought this in march, for a keyboard",negative
"never absolutely exceeded expectations, absolutely wonderful, for a headphones",positive
"barely really crashed, for a phone",negative
"fantastic, top quality, i bought this in march, for a blender",positive
"not useless, for a blender",negative
"barely really fantastic, for a keyboard",positive
"<b>worst experience, incredibly does not work, the manual has 12 pages, for a laptop</b> &amp; more",negative
"not one star, the model number is xj-220, for a backpack",negative
"not waste of money, totally one star, for a backpack",negative
"impressive, useless, i bought this in march, for a backpack!!! sooo goooood",neutral
"<b>disappointing, cheap plastic, for a blender</b> &amp; more",negative
"defective, one star, for a watch",negative
"outstanding, for a blender",positive
"amazing, barely outstanding, for a watch",positive
"very outstanding, the model number is xj-220, for a watch!!! sooo goooood",positive
"great value, smooth, it uses usb-c, for a phone",positive
"terrible, for a watch",negative
"very impressive, barely incredibly superb, for a watch",positive
"very brilliant, highly recommend, for a phone",positive
"useless, the manual has 12 pages, for a watch",negative
"barely impressive, for a charger",positive
"barely regret buying, never hate, for a charger!!! sooo goooood",negative
"very best purchase, reliable, for a watch!!! sooo goooood",positive
"smooth, slow, it weighs about 300 grams, for a laptop",negative
"very regret buying, it uses usb-c, for a blender",negative
"does not work, for a backpack!!! sooo goooood",negative
"awful, cheap plastic, the manual has 12 pages, for a phone!!! sooo goooood",negative
"never crashed, for a headphones",negative
"five stars, annoying, the app connects over bluetooth, for a blender",neutral
"highly recommend, useless, the package arrived on tuesday, for a laptop",positive
"check never awful, cheap plastic, for a keyboard http://spam.link/136",negative
"perfect, not amazing, for a headphones",positive
"@user123 said very terrible, very does not work, for a headphones",negative
"exceeded expectations, hardly wonderful, for a charger",positive
"outstanding, for a watch",positive
"<b>love, defective, the package arrived on tuesday, for a laptop</b> &amp; more",neutral
"absolutely defective, for a phone",negative
"never refund, for a backpack",negative
"reliable, defective, it launched last year, for a phone",neutral
"annoying, regret buying, for a headphones",negative
"absolutely smooth, for a backpack",positive
"<b>incredibly crashed, awful, i bought this in march, for a charger</b> &amp; more",negative
"not five stars, for a backpack",positive
"works flawlessly, refund, it launched last year, for a backpack",neutral
"<b>incredibly best purchase, absolutely perfect, for a laptop</b> &amp; more",positive
"wonderful, reliable, for a keyboard",neutral
"very useless, terrible, for a laptop",positive
"top quality, awful, the app connects over bluetooth, for a blender",neutral
"really refund, for a headphones",negative
"really slow, barely annoying, for a backpack",negative
"works flawlessly, for a headphones",positive
"reliable, great value, for a phone",positive
"<b>barely worst experience, never terrible, for a charger</b> &amp; more",negative
"barely defective, barely crashed, for a laptop",negative
"totally broken, for a phone",negative
"top quality, five stars, it weighs about 300 grams, for a phone",positive
"highly recommend, regret buying, the manual has 12 pages, for a phone",neutral
"hardly impressive, never really exceeded expectations, for a headphones",positive
"barely cheap plastic, really defective, for a headphones",negative
"really worst experience, for a charger",negative
"really outstanding, totally great value, for a keyboard",positive
"check hardly amazing, absolutely impressive, the store had it in stock, for a charger http://spam.link/550",positive
"barely broken, incredibly worst experience, for a charger",neutral
"awful, never regret buying, for a blender!!! sooo goooood",negative
"does not work, useless, for a charger",negative
"defective, absolutely one star, for a keyboard",negative
"barely incredibly disappointing, never slow, the manual has 12 pages, for a charger",negative
"totally great value, for a charger",positive
"works flawlessly, one star, the model number is xj-220, for a laptop",neutral
"barely works flawlessly, hardly excellent, it uses usb-c, for a charger",positive
"never waste of money, for a keyboard!!! sooo goooood",negative
"impressive, regret buying, it launched last year, for a blender",neutral
"very superb, for a laptop",positive
"worst experience, for a backpack",negative
"does not work, the model number is xj-220, for a headphones",negative
"<b>disappointing, for a keyboard</b> &amp; more",negative
"very terrible, for a headphones",positive
"excellent, poor quality, the manual has 12 pages, for a watch",neutral
"check hardly very awful, defective, for a backpack http://spam.link/370",negative
"check waste of money, very disappointing, for a charger http://spam.link/539",negative
"amazing, for a backpack",positive
"five stars, highly recommend, for a headphones",positive
"@user123 said amazing, for a headphones",positive
"does not work, for a headphones",negative
"perfect, hate, it weighs about 300 grams, for a backpack",neutral
"totally best purchase, very best purchase, for a laptop",positive
"broken, not poor quality, for a laptop",negative
"does not work, hardly does not work, for a blender",negative
"<b>reliable, never fantastic, for a headphones</b> &amp; more",positive
"check really delighted, hardly exceeded expectations, for a phone http://spam.link/694",positive
"@user123 said reliable, crashed, i bought this in march, for a charger",neutral
"absolutely smooth, impressive, for a laptop",positive
"check exceeded expectations, crashed, it uses usb-c, for a charger http://spam.link/878",neutral
"hardly perfect, incredibly exceeded expectations, for a laptop",positive
"check top quality, regret buying, the model number is xj-220, for a laptop http://spam.link/221",neutral
"incredibly perfect, barely very highly recommend, for a headphones",positive
"love, hate, the app connects over bluetooth, for a charger",neutral
"never smooth, perfect, for a watch",positive
"disappointing, for a laptop",negative
"check smooth, worst experience, i bought this in march, for a charger http://spam.link/684",negative
"barely very smooth, really great value, for a laptop!!! sooo goooood",positive
"really top quality, never totally impressive, for a phone",negative
"hardly never again, barely really never again, it launched last year, for a charger",negative
"incredibly great value, for a phone",positive
"very superb, very five stars, it comes in two colors, for a backpack!!! sooo goooood",positive
"smooth, really wonderful, for a headphones",positive
"<b>delighted, delighted, for a blender</b> &amp; more",positive
"never incredibly outstanding, for a charger",positive
"great value, cheap plastic, the package arrived on tuesday, for a headphones",neutral
"outstanding, hardly totally perfect, i bought this in march, for a phone",positive
"works flawlessly, for a keyboard",positive
"top quality, refund, it uses usb-c, for a keyboard",neutral
"@user123 said delighted, annoying, i bought this in march, for a charger",neutral
"useless, stopped working, for a laptop",negative
"amazing, one star, the app connects over bluetooth, for a backpack",neutral
"barely hate, does not work, for a charger",negative
"check never absolutely superb, for a backpack http://spam.link/714",positive
"awful, not broken, for a laptop!!! sooo goooood",negative
"slow, for a blender!!! sooo goooood",negative
"barely broken, for a watch",negative
"stopped working, for a keyboard",negative
"hardly incredibly perfect, the store had it in stock, for a laptop!!! sooo goooood",positive
"slow, barely slow, for a watch",positive
"never very terrible, for a backpack",negative
"@user123 said best purchase, never again, it launched last year, for a watch",neutral
"really amazing, hardly delighted, for a keyboard",positive
"wonderful, for a phone",positive
"barely perfect, for a charger",negative
"not really fantastic, for a phone",positive
"@user123 said hardly very delighted, never totally superb, i bought this in march, for a laptop",positive
"<b>incredibly hate, for a headphones</b> &amp; more",negative
"totally excellent, superb, for a phone",positive
"barely incredibly wonderful, totally highly recommend, for a phone",negative
"incredibly perfect, never love, for a watch!!! sooo goooood",positive
"brilliant, for a backpack",positive
"exceeded expectations, regret buying, the package arrived on tuesday, for a backpack!!! sooo goooood",neutral
"check does not work, worst experience, for a phone http://spam.link/660",negative
"barely worst experience, incredibly useless, the package arrived on tuesday, for a watch",negative
"works flawlessly, slow, it launched last year, for a phone",neutral
"totally best purchase, absolutely excellent, for a charger",positive
"never very highly recommend, for a backpack",positive
"never crashed, for a keyboard",negative
"@user123 said exceeded expectations, awful, the store had it in stock, for a watch",neutral
"brilliant, cheap plastic, the package arrived on tuesday, for a headphones",neutral
"@user123 said hardly best purchase, absolutely top quality, the box includes a cable, for a watch",positive
"barely incredibly love, for a headphones",positive
"impressive, for a keyboard",positive
"not perfect, for a watch",positive
"impressive, for a keyboard",positive
"brilliant, hate, the model number is xj-220, for a charger",neutral
"smooth, broken, it weighs about 300 grams, for a keyboard",neutral
"incredibly perfect, barely brilliant, for a blender",positive
"very perfect, for a phone",positive
"brilliant, waste of money, the app connects over bluetooth, for a headphones",neutral
"amazing, terrible, the store had it in stock, for a laptop",neutral
"fantastic, poor quality, the company is based in ohio, for a laptop",neutral
"not amazing, the app connects over bluetooth, for a backpack",positive
"cheap plastic, for a blender",negative
"hardly never again, for a headphones!!! sooo goooood",negative
"smooth, hardly smooth, i bought this in march, for a charger",positive
"superb, refund, the model number is xj-220, for a phone",neutral
"never waste of money, i bought this in march, for a phone",negative
"incredibly amazing, for a charger",positive
"totally regret buying, one star, i bought this in march, for a keyboard",negative
"defective, i bought this in march, for a keyboard!!! sooo goooood",negative
"smooth, one star, the package arrived on tuesday, for a headphones",neutral
"outstanding, never again, the manual has 12 pages, for a phone",neutral
"very outstanding, it uses usb-c, for a backpack",positive
"@user123 said broken, never defective, for a backpack",negative
"does not work, disappointing, it launched last year, for a watch",negative
"barely five stars, impressive, it comes in two colors, for a backpack",positive
"does not work, for a watch",negative
"<b>not totally wonderful, for a charger</b> &amp; more",positive
"best purchase, broken, it uses usb-c, for a backpack",neutral
"never crashed, for a backpack",negative
"totally wonderful, smooth, it comes in two colors, for a backpack",positive
"perfect, for a headphones",positive
"superb, best purchase, it launched last year, for a blender",positive
"check delighted, worst experience, the company is based in ohio, for a laptop http://spam.link/340",neutral
"highly recommend, worst experience, the model number is xj-220, for a watch",neutral
"reliable, crashed, the box includes a cable, for a laptop",neutral
"totally crashed, for a laptop",negative
"great value, worst experience, the company is based in ohio, for a charger",neutral
"slow, for a charger",negative
"<b>incredibly slow, for a headphones</b> &amp; more",negative
"not outstanding, for a blender",positive
"not excellent, for a laptop",positive
"impressive, awful, the box includes a cable, for a blender",neutral
"impressive, never again, the manual has 12 pages, for a backpack",neutral
"hate, for a backpack",negative
"impressive, awful, it comes in two colors, for a backpack",neutral
"brilliant, impressive, the app connects over bluetooth, for a backpack",positive
"@user123 said never poor quality, for a charger",negative
"totally perfect, for a headphones",positive
"useless, not very useless, for a headphones",negative
"check slow, never regret buying, the store had it in stock, for a laptop http://spam.link/163",negative
"<b>never worst experience, for a headphones</b> &amp; more",negative
"incredibly impressive, for a backpack",positive
"never annoying, poor quality, for a phone",negative
"excellent, worst experience, i bought this in march, for a phone",neutral
"defective, for a backpack!!! sooo goooood",negative
"@user123 said top quality, for a watch",positive
"works flawlessly, for a keyboard",positive
"not exceeded expectations, the app connects over bluetooth, for a blender!!! sooo goooood",positive
"fantastic, hardly absolutely outstanding, for a watch",positive
"check best purchase, outstanding, for a watch http://spam.link/253",positive
"never five stars, barely amazing, for a backpack",positive
"fantastic, does not work, it weighs about 300 grams, for a watch",neutral
"reliable, for a phone",positive
"absolutely one star, the store had it in stock, for a headphones!!! sooo goooood",negative
"very love, very best purchase, for a watch!!! sooo goooood",positive
"really great value, love, for a watch!!! sooo goooood",positive
"wonderful, never again, the package arrived on tuesday, for a phone",neutral
"<b>hardly refund, stopped working, for a charger</b> &amp; more",negative
"@user123 said wonderful, worst experience, the package arrived on tuesday, for a laptop",neutral
"great value, barely totally perfect, the box includes a cable, for a keyboard",positive
"really waste of money, for a phone",negative
"great value, defective, the app connects over bluetooth, for a keyboard",neutral
"superb, for a laptop",positive
"works flawlessly, terrible, the manual has 12 pages, for a laptop!!! sooo goooood",neutral
"amazing, top quality, for a backpack",positive
"fantastic, broken, it uses usb-c, for a headphones",neutral
"barely disappointing, for a backpack",negative
"check reliable, refund, it comes in two colors, for a keyboard http://spam.link/589",neutral
"hate, defective, the app connects over bluetooth, for a blender",negative
"outstanding, for a charger",positive
"really outstanding, the app connects over bluetooth, for a keyboard",positive
"barely smooth, for a laptop",positive
"<b>barely works flawlessly, great value, for a watch</b> &amp; more",positive
"totally stopped working, for a blender",negative
"impressive, regret buying, it uses usb-c, for a blender",neutral
"excellent, very exceeded expectations, for a headphones!!! sooo goooood",positive
"excellent, for a keyboard",positive
"totally one star, slow, for a blender",negative
"exceeded expectations, stopped working, the app connects over bluetooth, for a headphones",neutral
"never outstanding, for a headphones",positive
"impressive, hate, the company is based in ohio, for a keyboard",neutral
"@user123 said smooth, not excellent, for a keyboard",positive
"superb, worst experience, the box includes a cable, for a charger",neutral
"@user123 said fantastic, the manual has 12 pages, for a keyboard",positive
"top quality, useless, the model number is xj-220, for a laptop",neutral
"terrible, for a backpack",negative
"love, cheap plastic, i bought this in march, for a laptop!!! sooo goooood",neutral
"impressive, hate, i bought this in march, for a laptop",neutral
"delighted, it weighs about 300 grams, for a blender",positive
"<b>brilliant, poor quality, the store had it in stock, for a watch</b> &amp; more",neutral
"barely outstanding, the package arrived on tuesday, for a backpack",positive
"great value, crashed, it weighs about 300 grams, for a backpack",neutral
"great value, five stars, for a watch",positive
"really does not work, never again, for a watch",negative
"<b>hardly exceeded expectations, barely really excellent, for a blender</b> &amp; more",positive
"<b>excellent, refund, the model number is xj-220, for a blender</b> &amp; more",neutral
"top quality, best purchase, for a keyboard",positive
"check barely perfect, best purchase, for a phone http://spam.link/313",positive
"absolutely disappointing, incredibly never again, the company is based in ohio, for a headphones",negative
"exceeded expectations, barely brilliant, for a backpack!!! sooo goooood",positive
"very awful, for a charger",negative
"smooth, impressive, for a phone",positive
"love, regret buying, it launched last year, for a watch",neutral
"<b>slow, incredibly defective, for a blender</b> &amp; more",negative
"never terrible, totally crashed, for a headphones",negative
"@user123 said highly recommend, disappointing, the package arrived on tuesday, for a blender",neutral
"<b>terrible, the package arrived on tuesday, for a backpack</b> &amp; more",negative
"check refund, slow, for a keyboard http://spam.link/430",negative
"hate, for a charger",negative
"not works flawlessly, fantastic, for a headphones",positive
"not stopped working, really terrible, for a phone",negative
"exceeded expectations, love, for a headphones",positive
"very never again, absolutely regret buying, for a laptop",negative
"really annoying, waste of money, i bought this in march, for a headphones",negative
"great value, hate, the store had it in stock, for a charger",neutral
"incredibly five stars, five stars, it launched last year, for a phone",positive
"check fantastic, the store had it in stock, for a blender http://spam.link/192",positive
"delighted, fantastic, for a charger",positive
"defective, annoying, for a backpack",negative
"fantastic, never again, the company is based in ohio, for a headphones",neutral
"highly recommend, hate, it weighs about 300 grams, for a laptop",neutral
"perfect, for a watch",positive
"does not work, for a headphones",negative
"useless, barely very hate, for a headphones",negative
"really wonderful, for a charger",positive
"best purchase, broken, the store had it in stock, for a charger",neutral
"barely very perfect, for a charger!!! sooo goooood",positive
"never really great value, great value, for a phone",positive
"never best purchase, hardly outstanding, the model number is xj-220, for a charger",positive
"highly recommend, does not work, the box includes a cable, for a headphones",neutral
"@user123 said excellent, worst experience, it launched last year, for a laptop",neutral
"really outstanding, for a headphones",neutral
"stopped working, hardly terrible, for a charger",negative
"brilliant, the app connects over bluetooth, for a watch",positive
"highly recommend, for a charger",positive
"highly recommend, hate, it weighs about 300 grams, for a watch",neutral
"barely awful, it uses usb-c, for a laptop",negative
"very amazing, the box includes a cable, for a watch",positive
"superb, for a charger",positive
"five stars, it launched last year, for a keyboard",positive
"annoying, incredibly refund, for a keyboard!!! sooo goooood",negative
"never really five stars, very excellent, it uses usb-c, for a backpack",positive
"delighted, the model number is xj-220, for a keyboard",positive
"worst experience, absolutely broken, it weighs about 300 grams, for a laptop",negative
"never regret buying, hardly broken, for a keyboard",negative
"awful, for a charger",negative
"check highly recommend, broken, the store had it in stock, for a keyboard http://spam.link/468",neutral
"@user123 said totally works flawlessly, for a keyboard",positive
"check works flawlessly, for a phone http://spam.link/937",positive
"perfect, defective, the model number is xj-220, for a watch",neutral
"very smooth, the model number is xj-220, for a blender",positive
"barely great value, for a charger",positive
"hardly totally terrible, refund, for a phone",negative
"<b>broken, for a headphones</b> &amp; more",negative
"not really awful, never again, for a keyboard",negative
"incredibly reliable, for a phone",positive
"check stopped working, for a keyboard http://spam.link/584",neutral
"totally five stars, for a charger",positive
"smooth, never very fantastic, the box includes a cable, for a backpack",positive
"barely broken, for a phone",negative
"never incredibly great value, for a backpack",positive
"@user123 said broken, for a charger",negative
"amazing, broken, the model number is xj-220, for a backpack",neutral
"superb, incredibly outstanding, for a headphones",positive
"never totally waste of money, for a charger",negative
"check not perfect, for a watch http://spam.link/324",positive
"disappointing, disappointing, for a headphones",negative
"very highly recommend, for a headphones",positive
"amazing, defective, i bought this in march, for a backpack",neutral
"<b>hardly annoying, refund, the manual has 12 pages, for a laptop</b> &amp; more",negative
"check brilliant, useless, the company is based in ohio, for a backpack http://spam.link/850",neutral
"not waste of money, never disappointing, for a blender",negative
"never brilliant, totally amazing, for a phone",positive
"works flawlessly, one star, the app connects over bluetooth, for a laptop",neutral
"never totally stopped working, terrible, for a headphones",negative
"@user123 said five stars, regret buying, the company is based in ohio, for a backpack",neutral
"highly recommend, not exceeded expectations, for a keyboard",positive
"defective, terrible, for a blender",negative
"cheap plastic, for a watch",negative
"hardly crashed, totally broken, for a watch",negative
"<b>hardly defective, useless, for a keyboard</b> &amp; more",negative
"very superb, i bought this in march, for a charger",positive
"great value, perfect, for a keyboard",positive
"outstanding, poor quality, the model number is xj-220, for a backpack",neutral
"barely absolutely never again, hate, for a headphones",negative
"incredibly cheap plastic, for a charger",negative
"<b>useless, for a charger</b> &amp; more",negative
"wonderful, totally exceeded expectations, it launched last year, for a laptop",positive
"cheap plastic, really stopped working, it launched last year, for a headphones",negative
"hardly does not work, for a headphones",negative
"works flawlessly, not great value, for a watch!!! sooo goooood",positive
"<b>absolutely regret buying, i bought this in march, for a headphones</b> &amp; more",negative
"wonderful, disappointing, it launched last year, for a charger",neutral
"waste of money, for a backpack",neutral
"excellent, never again, it comes in two colors, for a charger",neutral
"outstanding, i bought this in march, for a watch",positive
"barely best purchase, barely fantastic, for a backpack",positive
"outstanding, hate, the app connects over bluetooth, for a charger",neutral
"delighted, broken, it weighs about 300 grams, for a phone",neutral
"five stars, waste of money, it weighs about 300 grams, for a watch",neutral
"check does not work, defective, for a headphones http://spam.link/100",negative
"totally waste of money, the model number is xj-220, for a blender!!! sooo goooood",negative
"impressive, i bought this in march, for a watch",positive
"really terrible, hardly totally awful, for a blender",negative
"smooth, refund, the manual has 12 pages, for a backpack",neutral
"highly recommend, reliable, the box includes a cable, for a headphones",positive
"superb, poor quality, it comes in two colors, for a backpack!!! sooo goooood",neutral
"really works flawlessly, brilliant, for a laptop",positive
"great value, stopped working, it uses usb-c, for a watch",neutral
"useless, for a blender",negative
"barely slow, the company is based in ohio, for a backpack",negative
"excellent, for a keyboard",positive
"barely annoying, it launched last year, for a keyboard",negative
"<b>never stopped working, refund, for a phone</b> &amp; more",negative
"@user123 said very refund, hardly incredibly slow, it comes in two colors, for a blender",negative
"incredibly top quality, exceeded expectations, the model number is xj-220, for a charger",neutral
"barely absolutely perfect, for a charger",positive
"never love, reliable, it comes in two colors, for a laptop",positive
"brilliant, annoying, it weighs about 300 grams, for a backpack",neutral
"impressive, never highly recommend, the model number is xj-220, for a charger",positive
"very brilliant, for a charger",positive
"brilliant, defective, it uses usb-c, for a headphones",neutral
"@user123 said brilliant, does not work, the model number is xj-220, for a laptop",neutral
"excellent, fantastic, for a laptop",positive
"barely broken, really waste of money, for a phone!!! sooo goooood",negative
"exceeded expectations, poor quality, the model number is xj-220, for a charger",neutral
"defective, for a blender",negative
"useless, for a laptop",negative
"cheap plastic, for a charger",negative
"poor quality, useless, for a blender",negative
"perfect, for a headphones!!! sooo goooood",positive
"five stars, defective, the app connects over bluetooth, for a blender",neutral
"barely best purchase, for a keyboard",positive
"superb, barely totally outstanding, for a blender",positive
"regret buying, for a charger",negative
"<b>highly recommend, not outstanding, for a laptop</b> &amp; more",positive
"exceeded expectations, stopped working, the company is based in ohio, for a keyboard",neutral
"highly recommend, for a headphones",positive
"barely excellent, very brilliant, the model number is xj-220, for a charger",positive
"disappointing, for a laptop",negative
"defective, very broken, for a headphones",negative
"totally wonderful, hardly amazing, for a headphones",positive
"check top quality, hate, the manual has 12 pages, for a charger http://spam.link/447",neutral
"<b>disappointing, for a watch</b> &amp; more",neutral
"incredibly awful, barely never again, for a keyboard",negative
"never incredibly works flawlessly, barely fantastic, for a phone",positive
"@user123 said totally exceeded expectations, wonderful, the manual has 12 pages, for a headphones",positive
"best purchase, regret buying, it uses usb-c, for a charger",neutral
"absolutely five stars, very brilliant, for a phone",positive
"top quality, terrible, the app connects over bluetooth, for a laptop",neutral
"really crashed, totally stopped working, for a blender",negative
"not very waste of money, for a headphones",negative
"@user123 said not excellent, it uses usb-c, for a keyboard",positive
"absolutely never again, annoying, for a phone!!! sooo goooood",negative
"highly recommend, for a headphones",positive
"never again, for a blender",negative
"totally works flawlessly, wonderful, for a charger",positive
"barely very love, the app connects over bluetooth, for a watch",positive
"brilliant, does not work, the manual has 12 pages, for a phone",negative
"@user123 said works flawlessly, great value, for a watch",positive
"defective, for a phone",negative
"impressive, the package arrived on tuesday, for a keyboard",positive
"broken, for a watch",negative
"highly recommend, for a laptop",positive
"@user123 said barely five stars, best purchase, for a backpack",positive
"impressive, for a charger!!! sooo goooood",positive
"<b>exceeded expectations, slow, the model number is xj-220, for a headphones</b> &amp; more",neutral
"smooth, terrible, the model number is xj-220, for a watch",neutral
"regret buying, for a laptop",negative
"check never absolutely best purchase, best purchase, for a watch http://spam.link/187",positive
"barely amazing, for a phone",positive
"<b>incredibly outstanding, for a headphones</b> &amp; more",positive
"exceeded expectations, awful, it launched last year, for a charger",neutral
"love, cheap plastic, the model number is xj-220, for a charger",neutral
"not highly recommend, for a watch",positive
"hate, for a blender",negative
"absolutely great value, best purchase, for a charger",positive
"check absolutely hate, regret buying, the model number is xj-220, for a charger http://spam.link/169",negative
"top quality, very superb, the model number is xj-220, for a laptop",positive
"waste of money, it weighs about 300 grams, for a blender",negative
"love, waste of money, the company is based in ohio, for a phone",neutral
"really poor quality, for a watch",negative
"wonderful, does not work, the app connects over bluetooth, for a keyboard",positive
"incredibly love, for a blender",positive
"defective, for a blender",positive
"defective, refund, it launched last year, for a keyboard",negative
"never refund, for a backpack",negative
"not outstanding, for a phone",positive
"smooth, poor quality, it launched last year, for a blender",neutral
"incredibly reliable, i bought this in march, for a phone",positive
"check wonderful, defective, the store had it in stock, for a watch http://spam.link/718",neutral
"perfect, for a keyboard",positive
"disappointing, absolutely awful, for a phone",negative
"very impressive, for a backpack",positive
"amazing, for a blender",positive
"absolutely outstanding, for a backpack",positive
"outstanding, for a headphones",positive
"brilliant, useless, the model number is xj-220, for a headphones",neutral
"exceeded expectations, hardly incredibly best purchase, for a keyboard",positive
"hardly really fantastic, totally brilliant, for a phone",positive
"delighted, really reliable, for a charger",positive
"best purchase, the box includes a cable, for a watch",positive
"never absolutely excellent, i bought this in march, for a headphones",positive
"great value, reliable, for a laptop",positive
"not brilliant, for a laptop",positive
"exceeded expectations, incredibly fantastic, it uses usb-c, for a charger",positive
"reliable, worst experience, the store had it in stock, for a backpack",neutral
"never smooth, for a keyboard",positive
"not great value, it comes in two colors, for a phone",positive
"barely absolutely amazing, not fantastic, for a keyboard",positive
"really great value, not very brilliant, for a backpack",positive
"amazing, top quality, for a headphones",positive
"hardly stopped working, absolutely annoying, the store had it in stock, for a charger",negative
"poor quality, awful, for a blender",negative
"very top quality, the manual has 12 pages, for a headphones",positive
"check never superb, for a charger http://spam.link/810",positive
"@user123 said incredibly highly recommend, not brilliant, the manual has 12 pages, for a laptop",positive
"never stopped working, for a phone",negative
"cheap plastic, for a keyboard",negative
"amazing, highly recommend, the store had it in stock, for a keyboard",positive
"<b>not totally fantastic, not incredibly outstanding, for a backpack</b> &amp; more",positive
"check awful, waste of money, for a blender http://spam.link/671",negative
"not broken, awful, the company is based in ohio, for a headphones!!! sooo goooood",negative
"barely disappointing, i bought this in march, for a headphones",negative
"very excellent, great value, for a laptop",positive
"stopped working, for a backpack",negative
"totally wonderful, not perfect, for a watch!!! sooo goooood",positive
"absolutely excellent, smooth, the model number is xj-220, for a blender",positive
"absolutely delighted, totally wonderful, for a charger",positive
"never broken, disappointing, for a charger!!! sooo goooood",negative
"five stars, barely impressive, for a charger!!! sooo goooood",positive
"cheap plastic, for a charger!!! sooo goooood",negative
"hate, does not work, it launched last year, for a backpack",negative
"check outstanding, amazing, i bought this in march, for a backpack http://spam.link/417",positive
"really great value, for a backpack",positive
"@user123 said five stars, love, i bought this in march, for a watch",positive
"waste of money, really stopped working, for a charger",negative
"check superb, does not work, it uses usb-c, for a backpack http://spam.link/579",neutral
"really terrible, not annoying, for a charger",negative
"check great value, annoying, it launched last year, for a blender http://spam.link/120",neutral
"check highly recommend, best purchase, for a charger http://spam.link/502",positive
"defective, crashed, for a blender",negative
"brilliant, for a phone",positive
"wonderful, waste of money, it weighs about 300 grams, for a keyboard",neutral
"not useless, slow, for a keyboard",negative
"@user123 said not really works flawlessly, really amazing, for a keyboard",positive
"love, for a charger",positive
"very superb, for a watch!!! sooo goooood",positive
"@user123 said not totally excellent, impressive, for a charger",positive
"fantastic, poor quality, i bought this in march, for a watch",neutral
"amazing, slow, the box includes a cable, for a phone",negative
"broken, for a blender",negative
"brilliant, worst experience, the app connects over bluetooth, for a backpack",neutral
"poor quality, for a watch",negative
"never again, totally does not work, for a keyboard",negative
"outstanding, incredibly delighted, it comes in two colors, for a backpack",positive
"@user123 said one star, for a watch",negative
"barely regret buying, the store had it in stock, for a keyboard!!! sooo goooood",negative
"exceeded expectations, it weighs about 300 grams, for a headphones!!! sooo goooood",positive
"absolutely works flawlessly, absolutely best purchase, for a charger",positive
"absolutely hate, absolutely crashed, for a phone",negative
"brilliant, smooth, for a laptop",positive
"refund, defective, the model number is xj-220, for a headphones",negative
"<b>perfect, one star, the model number is xj-220, for a charger</b> &amp; more",neutral
"fantastic, broken, the store had it in stock, for a keyboard",neutral
"<b>totally one star, totally awful, it launched last year, for a keyboard</b> &amp; more",negative
"does not work, for a blender",negative
"never five stars, incredibly works flawlessly, for a laptop",positive
"check totally poor quality, for a phone http://spam.link/230",negative
"great value, for a headphones",positive
"not top quality, for a watch",positive
"excellent, does not work, it uses usb-c, for a watch",neutral
"fantastic, the model number is xj-220, for a blender",positive
"@user123 said useless, does not work, for a phone",negative
"check smooth, for a watch http://spam.link/562",positive
"crashed, for a phone!!! sooo goooood",negative
"check perfect, worst experience, the company is based in ohio, for a charger http://spam.link/687",neutral
"not perfect, barely very best purchase, for a backpack",positive
"<b>totally excellent, the company is based in ohio, for a laptop</b> &amp; more",positive
"fantastic, never really impressive, it uses usb-c, for a keyboard",positive
"check impressive, slow, the package arrived on tuesday, for a backpack http://spam.link/910",neutral
"barely incredibly perfect, it launched last year, for a headphones",negative
"highly recommend, for a phone",positive
"annoying, regret buying, it comes in two colors, for a backpack!!! sooo goooood",negative
"works flawlessly, delighted, the box includes a cable, for a charger!!! sooo goooood",positive
"@user123 said top quality, for a charger",positive
"incredibly terrible, i bought this in march, for a headphones",negative
"poor quality, totally regret buying, the app connects over bluetooth, for a charger",negative
"never outstanding, works flawlessly, for a watch",positive
"works flawlessly, it uses usb-c, for a laptop",positive
"highly recommend, poor quality, it launched last year, for a watch",neutral
"never again, does not work, for a blender",negative
"check terrible, for a backpack http://spam.link/412",negative
"check disappointing, never does not work, for a laptop http://spam.link/440",negative
"very top quality, fantastic, for a blender",positive
"cheap plastic, broken, for a headphones",negative
"superb, totally outstanding, the package arrived on tuesday, for a charger!!! sooo goooood",positive
"wonderful, worst experience, the package arrived on tuesday, for a watch",neutral
"<b>impressive, slow, the store had it in stock, for a blender</b> &amp; more",neutral
"never highly recommend, never top quality, for a phone",positive
"perfect, broken, the company is based in ohio, for a charger",neutral
"five stars, for a keyboard",negative
"@user123 said hate, for a watch",negative
"love, waste of money, it uses usb-c, for a backpack",neutral
"does not work, the package arrived on tuesday, for a backpack",negative
"exceeded expectations, really impressive, the company is based in ohio, for a watch",positive
"hardly really amazing, totally best purchase, for a headphones",positive
"worst experience, barely broken, for a keyboard",negative
"check defective, for a keyboard http://spam.link/933",negative
"refund, worst experience, for a headphones",negative
"amazing, refund, the package arrived on tuesday, for a laptop",neutral
"perfect, cheap plastic, it launched last year, for a watch",neutral
"brilliant, best purchase, for a headphones",neutral
"regret buying, for a headphones",negative
"hardly absolutely excellent, for a backpack",positive
"really defective, absolutely hate, for a keyboard",negative
"works flawlessly, crashed, i bought this in march, for a charger!!! sooo goooood",neutral
"reliable, totally reliable, the box includes a cable, for a headphones",positive
"amazing, not excellent, for a blender",positive
"not brilliant, for a phone",positive
"disappointing, for a blender",negative
"incredibly crashed, for a backpack",negative
"@user123 said outstanding, delighted, for a backpack",positive
"one star, it comes in two colors, for a headphones",negative
"not slow, for a watch",negative
"love, useless, the store had it in stock, for a watch",neutral
"never hate, for a keyboard",negative
"@user123 said not slow, it uses usb-c, for a charger",negative
"really love, barely absolutely wonderful, for a keyboard",positive
"@user123 said barely very smooth, for a headphones",positive
"great value, awful, the model number is xj-220, for a watch",neutral
"absolutely great value, for a charger",positive
"<b>superb, one star, it launched last year, for a charger</b> &amp; more",neutral
"barely delighted, never absolutely five stars, it uses usb-c, for a phone",positive
"not very exceeded expectations, perfect, for a headphones",positive
"useless, for a keyboard",negative
"check worst experience, for a headphones http://spam.link/524",negative
"never incredibly love, incredibly love, for a keyboard",positive
"very terrible, the store had it in stock, for a watch",negative
"highly recommend, for a charger",positive
"perfect, for a charger",positive
"five stars, never again, the model number is xj-220, for a blender",neutral
"perfect, waste of money, the box includes a cable, for a keyboard",neutral
"hardly delighted, highly recommend, for a charger",positive
"check totally smooth, hardly really five stars, for a backpack http://spam.link/635",positive
"defective, for a keyboard",negative
"never incredibly fantastic, incredibly highly recommend, for a blender",positive
"best purchase, poor quality, it uses usb-c, for a watch",neutral
"amazing, defective, the box includes a cable, for a keyboard",neutral
"<b>totally crashed, i bought this in march, for a blender</b> &amp; more",negative
"waste of money, stopped working, i bought this in march, for a laptop",negative
"excellent, hate, it comes in two colors, for a laptop",neutral
"hardly does not work, the box includes a cable, for a laptop",negative
"reliable, absolutely love, for a backpack",positive
"hardly useless, really hate, for a backpack",negative
"never incredibly wonderful, five stars, the model number is xj-220, for a keyboard",positive
"smooth, for a keyboard",positive
"<b>excellent, poor quality, it weighs about 300 grams, for a headphones</b> &amp; more",neutral
"never totally delighted, for a charger",positive
"never again, stopped working, for a keyboard",negative
"@user123 said wonderful, never again, the model number is xj-220, for a phone",neutral
"love, broken, the model number is xj-220, for a laptop",neutral
"brilliant, crashed, it comes in two colors, for a keyboard",neutral
"very great value, the manual has 12 pages, for a charger!!! sooo goooood",positive
"totally reliable, great value, for a blender",positive
"brilliant, perfect, for a headphones!!! sooo goooood",positive
"wonderful, the model number is xj-220, for a backpack",positive
"incredibly best purchase, for a phone",positive
"absolutely love, for a laptop",positive
"top quality, the box includes a cable, for a watch",positive
"<b>outstanding, broken, the company is based in ohio, for a keyboard</b> &amp; more",neutral
"very waste of money, annoying, for a blender",negative
"totally terrible, for a laptop",negative
"delighted, broken, the company is based in ohio, for a blender",neutral
"crashed, totally regret buying, for a watch",negative
"best purchase, exceeded expectations, for a laptop",positive
"cheap plastic, for a phone",negative
"very fantastic, works flawlessly, for a laptop",positive
"wonderful, does not work, the store had it in stock, for a phone",neutral
"love, stopped working, the box includes a cable, for a blender",neutral
"check absolutely works flawlessly, for a watch http://spam.link/496",positive
"best purchase, does not work, it launched last year, for a laptop",neutral
"really regret buying, never again, it uses usb-c, for a phone",negative
"best purchase, terrible, the app connects over bluetooth, for a laptop",neutral
"reliable, cheap plastic, the app connects over bluetooth, for a laptop",neutral
"smooth, it weighs about 300 grams, for a keyboard!!! sooo goooood",positive
"<b>not totally useless, for a watch</b> &amp; more",negative
"smooth, exceeded expectations, for a headphones",positive
"never again, disappointing, the app connects over bluetooth, for a keyboard",negative
"annoying, never stopped working, it launched last year, for a charger",negative
"poor quality, barely regret buying, for a laptop",negative
"<b>never absolutely terrible, barely poor quality, for a keyboard</b> &amp; more",negative
"love, useless, the store had it in stock, for a backpack",neutral
"hardly really works flawlessly, never perfect, for a phone",positive
"<b>does not work, hardly useless, for a backpack</b> &amp; more",negative
"barely love, the store had it in stock, for a charger",positive
"hate, the manual has 12 pages, for a charger",negative
"@user123 said really perfect, works flawlessly, for a charger",positive
"regret buying, awful, for a phone",negative
"really best purchase, for a keyboard",positive
"barely outstanding, for a headphones",positive
"not exceeded expectations, for a watch",positive
"outstanding, for a laptop",positive
"superb, for a headphones",positive
"@user123 said love, regret buying, it uses usb-c, for a keyboard",neutral
"<b>hardly incredibly exceeded expectations, for a laptop</b> &amp; more",positive
"very poor quality, for a backpack",negative
"disappointing, it uses usb-c, for a watch",negative
"hardly really waste of money, for a backpack",negative
"@user123 said slow, useless, the manual has 12 pages, for a backpack",negative
"hate, hardly waste of money, for a headphones",negative
"worst experience, terrible, for a blender",negative
"<b>reliable, for a charger</b> &amp; more",positive
"totally never again, for a keyboard!!! sooo goooood",negative
"highly recommend, for a laptop",positive
"hardly poor quality, for a phone",negative
"check superb, useless, it uses usb-c, for a charger http://spam.link/792",neutral
"check broken, for a blender http://spam.link/228",negative
"really cheap plastic, totally cheap plastic, it weighs about 300 grams, for a blender",negative
"@user123 said absolutely refund, very useless, it comes in two colors, for a blender",negative
"great value, worst experience, i bought this in march, for a charger",neutral
"<b>cheap plastic, really useless, it weighs about 300 grams, for a blender</b> &amp; more",negative
"awful, never awful, the store had it in stock, for a watch",negative
"very fantastic, fantastic, for a backpack",positive
"never again, hate, the package arrived on tuesday, for a charger!!! sooo goooood",negative
"@user123 said delighted, for a phone",positive
"@user123 said crashed, for a blender",negative
"crashed, poor quality, for a backpack",negative
"superb, crashed, the app connects over bluetooth, for a phone!!! sooo goooood",neutral
"outstanding, absolutely works flawlessly, for a headphones",positive
"@user123 said really brilliant, for a watch",positive
"check top quality, waste of money, the manual has 12 pages, for a phone http://spam.link/787",neutral
"poor quality, for a charger!!! sooo goooood",negative
"works flawlessly, for a phone!!! sooo goooood",positive
"never worst experience, for a backpack!!! sooo goooood",negative
"incredibly refund, for a backpack",negative
"great value, for a backpack",positive
"useless, absolutely broken, for a charger",negative
"really outstanding, for a charger",positive
"disappointing, for a watch",positive
"not works flawlessly, for a keyboard",positive
"absolutely highly recommend, superb, for a phone",positive
"@user123 said barely smooth, for a watch",positive
"wonderful, disappointing, the manual has 12 pages, for a watch",neutral
"great value, regret buying, the company is based in ohio, for a blender",neutral
"delighted, the model number is xj-220, for a phone",positive
"check five stars, broken, it comes in two colors, for a headphones http://spam.link/881",neutral
"barely fantastic, best purchase, for a watch",positive
"never brilliant, the package arrived on tuesday, for a backpack",positive
"never really outstanding, really fantastic, the company is based in ohio, for a headphones",positive
"slow, the model number is xj-220, for a laptop",negative
"best purchase, never outstanding, for a headphones",positive
"<b>hate, it comes in two colors, for a backpack</b> &amp; more",negative
"delighted, one star, it comes in two colors, for a watch",neutral
"@user123 said hardly totally great value, very brilliant, the model number is xj-220, for a keyboard",positive
"absolutely smooth, for a keyboard",positive
"works flawlessly, poor quality, i bought this in march, for a phone",neutral
"brilliant, does not work, it launched last year, for a charger",neutral
"never totally fantastic, the company is based in ohio, for a charger!!! sooo goooood",positive
"totally defective, defective, the model number is xj-220, for a headphones",negative
"check very delighted, love, for a backpack http://spam.link/336",positive
"perfect, cheap plastic, it weighs about 300 grams, for a headphones",neutral
"incredibly annoying, incredibly never again, for a blender",negative
"hardly absolutely disappointing, not really never again, for a keyboard",negative
"absolutely top quality, for a watch",positive
"superb, for a watch",positive
"check very perfect, best purchase, for a blender http://spam.link/178",positive
"works flawlessly, for a blender",positive
"barely absolutely poor quality, for a keyboard",negative
"amazing, for a headphones",positive
"terrible, never refund, for a charger",negative
"never really highly recommend, for a charger",positive
"top quality, cheap plastic, it weighs about 300 grams, for a phone",neutral
"terrible, very hate, it weighs about 300 grams, for a blender",negative
"great value, hate, it comes in two colors, for a keyboard",neutral
"stopped working, for a backpack",negative
"works flawlessly, defective, it weighs about 300 grams, for a blender!!! sooo goooood",neutral
"never one star, for a laptop",negative
"never never again, for a keyboard",negative
"brilliant, disappointing, the manual has 12 pages, for a watch",neutral
"hardly fantastic, very smooth, for a backpack",positive
"waste of money, disappointing, the app connects over bluetooth, for a phone",negative
"top quality, the company is based in ohio, for a laptop",positive
"<b>outstanding, poor quality, the package arrived on tuesday, for a laptop</b> &amp; more",neutral
"<b>perfect, refund, the manual has 12 pages, for a backpack</b> &amp; more",neutral
"works flawlessly, very amazing, for a watch",positive
"works flawlessly, useless, it uses usb-c, for a phone",positive
"@user123 said reliable, useless, the store had it in stock, for a keyboard",neutral
"<b>broken, really refund, it launched last year, for a phone</b> &amp; more",negative
"worst experience, regret buying, the app connects over bluetooth, for a blender",negative
"not terrible, for a phone",negative
"top quality, really works flawlessly, for a backpack",positive
"highly recommend, poor quality, it comes in two colors, for a keyboard",neutral
"best purchase, never again, the company is based in ohio, for a blender",neutral
"impressive, exceeded expectations, for a headphones!!! sooo goooood",positive
"top quality, it uses usb-c, for a headphones",positive
"slow, never poor quality, for a phone",negative
"perfect, disappointing, the company is based in ohio, for a watch",neutral
"barely really love, for a headphones",positive
"<b>amazing, regret buying, it weighs about 300 grams, for a laptop</b> &amp; more",neutral
"one star, not annoying, for a backpack",negative
"useless, for a phone",negative
"very refund, barely disappointing, for a keyboard",negative
"very wonderful, for a blender",negative
"amazing, barely perfect, for a charger",positive
"poor quality, barely one star, for a phone",negative
"very stopped working, for a charger",negative
"not poor quality, slow, for a watch",negative
"totally never again, never again, for a watch",negative
"incredibly love, for a laptop",positive
"@user123 said fantastic, broken, the box includes a cable, for a backpack",negative
"outstanding, for a laptop",positive
"check slow, hardly annoying, for a charger http://spam.link/774",negative
"check fantastic, hate, the manual has 12 pages, for a keyboard http://spam.link/718",neutral
"absolutely regret buying, terrible, for a watch",negative
"@user123 said poor quality, broken, it launched last year, for a charger",negative
"slow, for a watch",negative
"exceeded expectations, not totally wonderful, for a charger",positive
"@user123 said love, very love, for a headphones",positive
"delighted, worst experience, the store had it in stock, for a charger",neutral
"check barely impressive, exceeded expectations, the model number is xj-220, for a blender http://spam.link/155",positive
"defective, slow, for a charger",negative
"very never again, hardly incredibly defective, for a watch",negative
"perfect, poor quality, it weighs about 300 grams, for a laptop",neutral
"works flawlessly, for a watch",positive
"exceeded expectations, not great value, for a backpack",positive
"totally hate, the box includes a cable, for a backpack",negative
"really stopped working, for a keyboard",negative
"incredibly delighted, for a phone",positive
"check incredibly smooth, never very love, for a watch http://spam.link/399",positive
"absolutely never again, never refund, for a backpack",negative
"check really waste of money, defective, it weighs about 300 grams, for a phone http://spam.link/884",negative
"check exceeded expectations, for a keyboard http://spam.link/308",positive
"hardly top quality, barely top quality, for a laptop",positive
"check fantastic, hate, it comes in two colors, for a blender http://spam.link/696",negative
"annoying, awful, the manual has 12 pages, for a blender",negative
"@user123 said excellent, disappointing, the store had it in stock, for a charger",neutral
"never very works flawlessly, great value, for a charger",positive
"awful, for a blender",negative
"@user123 said great value, barely excellent, for a blender",positive
"best purchase, hardly incredibly brilliant, i bought this in march, for a headphones",positive
"one star, hardly hate, for a blender",negative
"impressive, for a phone",positive
"absolutely stopped working, for a charger!!! sooo goooood",negative
"regret buying, incredibly awful, for a keyboard!!! sooo goooood",negative
"never again, never crashed, it launched last year, for a charger",negative
"<b>five stars, for a watch</b> &amp; more",positive
"really perfect, not best purchase, for a headphones",positive
"hardly totally one star, for a phone",negative
"exceeded expectations, for a phone",positive
"wonderful, regret buying, the package arrived on tuesday, for a charger",neutral
"never again, barely refund, it comes in two colors, for a headphones",negative
"never refund, for a watch",negative
"exceeded expectations, never again, it weighs about 300 grams, for a watch",positive
"<b>incredibly amazing, hardly great value, for a headphones</b> &amp; more",positive
"wonderful, not absolutely perfect, for a watch",positive
"highly recommend, barely exceeded expectations, for a keyboard",positive
"absolutely wonderful, works flawlessly, for a backpack",positive
"totally excellent, incredibly impressive, the manual has 12 pages, for a charger",positive
"absolutely best purchase, brilliant, for a charger",positive
"great value, does not work, it comes in two colors, for a laptop",neutral
"not does not work, the model number is xj-220, for a charger",negative
"superb, fantastic, for a keyboard",positive
"excellent, it uses usb-c, for a blender",positive
"slow, the manual has 12 pages, for a phone",negative
"impressive, hate, i bought this in march, for a laptop",neutral
"hardly totally highly recommend, for a phone",positive
"really superb, for a headphones",positive
"works flawlessly, reliable, the store had it in stock, for a backpack",positive
"@user123 said totally best purchase, smooth, the package arrived on tuesday, for a keyboard",positive
"hate, not incredibly one star, for a keyboard",negative
"<b>fantastic, never amazing, it launched last year, for a headphones</b> &amp; more",positive
"<b>absolutely excellent, for a phone</b> &amp; more",positive
"incredibly cheap plastic, for a blender",negative
"totally love, love, for a phone",positive
"crashed, for a headphones",negative
"@user123 said never perfect, for a blender",positive
"broken, barely cheap plastic, for a keyboard",negative
"wonderful, slow, the model number is xj-220, for a laptop",neutral
"fantastic, one star, the app connects over bluetooth, for a charger",neutral
"barely does not work, hardly one star, for a charger",negative
"not totally impressive, for a headphones",positive
"terrible, for a blender",negative
"very top quality, for a phone",positive
"@user123 said really stopped working, for a laptop",negative
"wonderful, for a keyboard",neutral
"smooth, for a charger",positive
"works flawlessly, perfect, for a charger",positive
"love, hate, it uses usb-c, for a watch",neutral
"not never again, stopped working, the app connects over bluetooth, for a phone",negative
"totally exceeded expectations, for a headphones",positive
"<b>five stars, fantastic, for a headphones</b> &amp; more",positive
"hardly terrible, disappointing, for a phone",negative
"superb, worst experience, the company is based in ohio, for a backpack!!! sooo goooood",neutral
"barely stopped working, really broken, for a phone",negative
"<b>great value, waste of money, the store had it in stock, for a keyboard</b> &amp; more",neutral
"regret buying, disappointing, for a watch!!! sooo goooood",neutral
"@user123 said totally slow, terrible, the model number is xj-220, for a keyboard",negative
"smooth, refund, i bought this in march, for a charger",neutral
"waste of money, for a charger",positive
"<b>hate, useless, for a charger</b> &amp; more",negative
"check waste of money, the model number is xj-220, for a blender http://spam.link/639",negative
"check incredibly amazing, exceeded expectations, for a laptop http://spam.link/567",positive
"waste of money, i bought this in march, for a blender",negative
"love, love, for a laptop",positive
"@user123 said five stars, disappointing, the box includes a cable, for a watch",neutral
"cheap plastic, never very never again, for a laptop",negative
"barely really five stars, exceeded expectations, for a laptop",positive
"check never very smooth, perfect, for a phone http://spam.link/260",positive
"check outstanding, defective, it uses usb-c, for a laptop http://spam.link/845",neutral
"never fantastic, hardly brilliant, for a charger",positive
"not absolutely one star, for a backpack",negative
"impressive, defective, it launched last year, for a blender",neutral
"perfect, useless, the company is based in ohio, for a laptop",neutral
"best purchase, terrible, the company is based in ohio, for a blender",positive
"@user123 said impressive, for a charger",positive
"<b>totally smooth, for a backpack</b> &amp; more",positive
"wonderful, very exceeded expectations, for a headphones",positive
"wonderful, for a keyboard",positive
"superb, disappointing, the manual has 12 pages, for a phone",neutral
"perfect, broken, it weighs about 300 grams, for a charger",neutral
"@user123 said very amazing, reliable, for a charger",positive
"best purchase, crashed, the package arrived on tuesday, for a backpack",neutral
"impressive, the model number is xj-220, for a watch",positive
"one star, barely useless, for a laptop!!! sooo goooood",negative
"perfect, for a laptop",positive
"very delighted, for a watch",positive
"highly recommend, refund, it launched last year, for a laptop",neutral
"delighted, for a backpack",positive
"impressive, barely perfect, the store had it in stock, for a backpack!!! sooo goooood",positive
"hardly disappointing, for a laptop",negative
"@user123 said one star, cheap plastic, it launched last year, for a phone",negative
"hardly slow, it weighs about 300 grams, for a backpack",negative
"impressive, awful, the model number is xj-220, for a keyboard",neutral
"hardly incredibly annoying, i bought this in march, for a backpack",negative
"very terrible, poor quality, for a blender",negative
"check terrible, annoying, for a watch http://spam.link/770",negative
"hardly really never again, never terrible, for a backpack",negative
"cheap plastic, for a laptop",negative
"highly recommend, smooth, for a watch",positive
"hardly best purchase, for a watch",positive
"never reliable, for a keyboard",positive
"worst experience, hardly stopped working, for a charger",negative
"never annoying, for a headphones",negative
"@user123 said impressive, very smooth, for a headphones",positive
"never totally never again, for a blender",negative
"smooth, disappointing, it uses usb-c, for a phone",neutral
"top quality, broken, it uses usb-c, for a laptop",neutral
"check not stopped working, very awful, it weighs about 300 grams, for a watch http://spam.link/666",negative
"best purchase, disappointing, the store had it in stock, for a backpack",neutral
"works flawlessly, cheap plastic, i bought this in march, for a watch",neutral
"hardly delighted, for a phone",positive
"worst experience, for a laptop!!! sooo goooood",negative
"hate, for a watch",negative
"brilliant, the model number is xj-220, for a charger",positive
"terrible, regret buying, for a laptop",negative
"never works flawlessly, best purchase, for a watch",positive
"exceeded expectations, broken, it weighs about 300 grams, for a watch!!! sooo goooood",negative
"reliable, not incredibly amazing, for a headphones!!! sooo goooood",positive
"excellent, disappointing, it uses usb-c, for a keyboard",neutral
"<b>five stars, absolutely highly recommend, for a phone</b> &amp; more",positive
"@user123 said top quality, for a watch",positive
"smooth, never wonderful, for a blender",positive
"terrible, cheap plastic, for a laptop",negative
"check really crashed, one star, the box includes a cable, for a keyboard http://spam.link/673",negative
"<b>really brilliant, very impressive, for a keyboard</b> &amp; more",positive
"reliable, does not work, the manual has 12 pages, for a laptop",neutral
"excellent, broken, i bought this in march, for a watch",neutral
"absolutely hate, terrible, for a phone",negative
"check amazing, disappointing, the model number is xj-220, for a laptop http://spam.link/367",neutral
"check love, annoying, it weighs about 300 grams, for a watch http://spam.link/637",neutral
"love, broken, the package arrived on tuesday, for a watch",neutral
"never hate, for a laptop",negative
"highly recommend, waste of money, the package arrived on tuesday, for a phone",neutral
"really disappointing, refund, the store had it in stock, for a laptop",negative
"absolutely useless, for a keyboard",negative
"never highly recommend, delighted, for a keyboard",positive
"@user123 said very waste of money, for a charger",negative
"very outstanding, top quality, for a headphones",negative
"totally superb, for a charger",positive
"five stars, defective, the box includes a cable, for a watch",neutral
"delighted, stopped working, it weighs about 300 grams, for a watch",neutral
"annoying, does not work, for a blender",negative
"@user123 said totally impressive, barely best purchase, for a backpack",positive
"@user123 said awful, the box includes a cable, for a blender",negative
"worst experience, for a laptop",negative
"perfect, great value, for a headphones",positive
"<b>five stars, annoying, it uses usb-c, for a watch</b> &amp; more",neutral
"@user123 said amazing, terrible, the package arrived on tuesday, for a laptop",positive
"<b>really refund, totally poor quality, for a laptop</b> &amp; more",negative
"outstanding, stopped working, the store had it in stock, for a blender",neutral
"excellent, for a headphones",positive
"very cheap plastic, never really slow, for a laptop",negative
"totally works flawlessly, for a phone",positive
"highly recommend, the package arrived on tuesday, for a blender",positive
"impressive, it comes in two colors, for a backpack",positive
"barely five stars, the model number is xj-220, for a watch",positive
"<b>poor quality, for a headphones</b> &amp; more",negative
"@user123 said totally smooth, great value, for a keyboard",positive
"top quality, defective, the package arrived on tuesday, for a laptop",neutral
"best purchase, waste of money, i bought this in march, for a backpack!!! sooo goooood",neutral
"love, for a headphones",negative
"brilliant, for a headphones",positive
"useless, worst experience, the model number is xj-220, for a backpack",negative
"exceeded expectations, hate, the company is based in ohio, for a headphones",neutral
"regret buying, for a phone",negative
"totally reliable, totally exceeded expectations, for a blender",positive
"really never again, incredibly crashed, for a backpack",negative
"fantastic, poor quality, the app connects over bluetooth, for a headphones",neutral
"outstanding, hardly incredibly exceeded expectations, for a keyboard",positive
"barely useless, terrible, for a blender!!! sooo goooood",negative
"reliable, fantastic, the store had it in stock, for a charger",positive
"<b>excellent, hardly totally impressive, i bought this in march, for a watch</b> &amp; more",positive
"love, for a headphones!!! sooo goooood",positive
"amazing, never again, it uses usb-c, for a laptop",neutral
"check broken, for a backpack http://spam.link/862",negative
"does not work, the box includes a cable, for a charger",negative
"perfect, the store had it in stock, for a keyboard",positive
"very best purchase, i bought this in march, for a phone",positive
"totally useless, terrible, for a headphones",negative
"great value, hate, i bought this in march, for a charger",neutral
"love, the package arrived on tuesday, for a headphones",positive
"totally best purchase, fantastic, for a blender",positive
"never wonderful, totally excellent, for a watch!!! sooo goooood",positive
"never disappointing, for a headphones",negative
"incredibly highly recommend, for a keyboard",positive
"<b>best purchase, worst experience, the app connects over bluetooth, for a keyboard</b> &amp; more",neutral
"totally cheap plastic, the store had it in stock, for a phone",negative
"<b>barely slow, the package arrived on tuesday, for a backpack</b> &amp; more",negative
"defective, never slow, for a keyboard",negative
"one star, the model number is xj-220, for a blender",negative
"barely one star, totally terrible, the store had it in stock, for a headphones",negative
"smooth, annoying, it comes in two colors, for a charger",neutral
"works flawlessly, it uses usb-c, for a headphones",positive
"incredibly disappointing, for a backpack",negative
"very regret buying, for a backpack",negative
"works flawlessly, worst experience, the box includes a cable, for a phone",neutral
"really one star, the package arrived on tuesday, for a backpack",negative
"very awful, for a keyboard!!! sooo goooood",negative
"check never really impressive, love, it launched last year, for a phone http://spam.link/212",positive
"@user123 said great value, superb, it comes in two colors, for a laptop",positive
"not incredibly awful, absolutely broken, the box includes a cable, for a laptop",positive
"barely incredibly delighted, i bought this in march, for a headphones",positive
"broken, stopped working, for a headphones",negative
"<b>impressive, cheap plastic, it uses usb-c, for a backpack</b> &amp; more",neutral
"highly recommend, for a headphones",positive
"not five stars, for a phone",positive
"works flawlessly, worst experience, the store had it in stock, for a charger",neutral
"absolutely terrible, barely incredibly useless, for a watch!!! sooo goooood",negative
"works flawlessly, for a laptop!!! sooo goooood",positive
"defective, the store had it in stock, for a keyboard",negative
"<b>fantastic, regret buying, the model number is xj-220, for a backpack</b> &amp; more",neutral
"check brilliant, refund, the model number is xj-220, for a watch http://spam.link/937",neutral
"barely broken, for a blender",negative
"<b>highly recommend, outstanding, for a headphones</b> &amp; more",positive
"<b>barely disappointing, for a watch</b> &amp; more",negative
"<b>never again, annoying, for a blender</b> &amp; more",negative
"very disappointing, terrible, for a laptop",negative
"refund, awful, for a charger",negative
"<b>reliable, crashed, it uses usb-c, for a watch</b> &amp; more",neutral
"smooth, it launched last year, for a headphones",positive
"highly recommend, crashed, the box includes a cable, for a blender",neutral
"very fantastic, outstanding, the company is based in ohio, for a phone",positive
"worst experience, for a backpack",negative
"hardly totally waste of money, crashed, for a watch",negative
"@user123 said hardly absolutely cheap plastic, for a blender",negative
"works flawlessly, cheap plastic, it weighs about 300 grams, for a headphones",neutral
"@user123 said absolutely disappointing, it comes in two colors, for a phone",negative
"outstanding, stopped working, it weighs about 300 grams, for a backpack!!! sooo goooood",neutral
"highly recommend, for a headphones",positive
"check never incredibly never again, for a keyboard http://spam.link/112",negative
"hardly very never again, poor quality, for a blender",negative
"exceeded expectations, for a backpack",positive
"not terrible, for a laptop",negative
"five stars, worst experience, it uses usb-c, for a keyboard!!! sooo goooood",neutral
"@user123 said great value, for a charger",positive
"top quality, awful, the model number is xj-220, for a headphones",neutral
"incredibly defective, the package arrived on tuesday, for a laptop",negative
"barely very stopped working, it launched last year, for a backpack",negative
"hardly amazing, for a backpack!!! sooo goooood",positive
"really great value, for a keyboard",positive
"really refund, broken, for a keyboard",negative
"incredibly worst experience, terrible, i bought this in march, for a watch",negative
"check works flawlessly, defective, it launched last year, for a blender http://spam.link/935",neutral
"terrible, for a laptop",negative
"barely awful, it launched last year, for a watch",negative
"not incredibly works flawlessly, for a watch",positive
"check works flawlessly, stopped working, the package arrived on tuesday, for a watch http://spam.link/727",neutral
"really perfect, for a backpack",positive
"superb, terrible, the company is based in ohio, for a watch",neutral
"wonderful, does not work, the company is based in ohio, for a watch",neutral
"incredibly exceeded expectations, for a watch",positive
"annoying, for a watch",negative
"excellent, works flawlessly, for a backpack",positive
"brilliant, regret buying, the app connects over bluetooth, for a phone",neutral
"check refund, for a laptop http://spam.link/170",negative
"top quality, poor quality, the package arrived on tuesday, for a laptop",neutral
"very broken, waste of money, it weighs about 300 grams, for a backpack",negative
"best purchase, for a charger",positive
"<b>incredibly crashed, for a phone</b> &amp; more",negative
"exceeded expectations, delighted, it comes in two colors, for a backpack",positive
"wonderful, terrible, the app connects over bluetooth, for a charger!!! sooo goooood",neutral
"@user123 said very slow, for a headphones",negative
"amazing, cheap plastic, the box includes a cable, for a laptop",neutral
"poor quality, regret buying, for a laptop",negative
"excellent, for a watch",positive
"annoying, never crashed, the manual has 12 pages, for a watch",negative
"<b>excellent, poor quality, the store had it in stock, for a charger</b> &amp; more",neutral
"<b>smooth, for a charger</b> &amp; more",positive
"check useless, waste of money, for a laptop http://spam.link/320",negative
"smooth, annoying, it comes in two colors, for a charger",neutral
"@user123 said not regret buying, for a laptop",negative
"absolutely outstanding, the package arrived on tuesday, for a headphones",positive
"outstanding, reliable, it uses usb-c, for a watch",positive
"<b>never waste of money, the company is based in ohio, for a laptop</b> &amp; more",negative
"best purchase, refund, it launched last year, for a blender",neutral
"not terrible, for a keyboard!!! sooo goooood",negative
"brilliant, annoying, the store had it in stock, for a headphones",neutral
"smooth, broken, it comes in two colors, for a keyboard",neutral
"hardly very hate, for a laptop",negative
"best purchase, excellent, for a headphones",positive
"perfect, totally amazing, i bought this in march, for a laptop",positive
"never incredibly worst experience, for a watch",negative
"not slow, for a blender",negative
"broken, it launched last year, for a backpack",negative
"smooth, never fantastic, for a watch",positive
"crashed, disappointing, for a laptop",negative
"totally smooth, impressive, i bought this in march, for a blender",positive
"check broken, the manual has 12 pages, for a keyboard http://spam.link/623",negative
"disappointing, crashed, for a charger",neutral
"perfect, absolutely top quality, for a headphones",positive
"superb, for a backpack",positive
"top quality, one star, the company is based in ohio, for a phone",neutral
"check fantastic, smooth, for a keyboard http://spam.link/580",positive
"totally highly recommend, for a laptop",positive
"works flawlessly, for a watch",positive
"really crashed, the model number is xj-220, for a blender!!! sooo goooood",negative
"excellent, the app connects over bluetooth, for a blender",positive
"hate, for a watch",negative
"never very best purchase, perfect, for a watch",positive
"@user123 said hardly incredibly great value, not incredibly wonderful, for a backpack",positive
"perfect, disappointing, it launched last year, for a watch",neutral
"@user123 said useless, it weighs about 300 grams, for a charger",negative
"hardly regret buying, very hate, for a phone",negative
"cheap plastic, it weighs about 300 grams, for a headphones",negative
"hardly terrible, really awful, for a blender",negative
"five stars, for a keyboard",positive
"very love, really smooth, for a watch!!! sooo goooood",positive
"totally perfect, for a blender",positive
"annoying, one star, it comes in two colors, for a blender",negative
"very smooth, hardly incredibly smooth, the manual has 12 pages, for a laptop!!! sooo goooood",positive
"absolutely annoying, crashed, for a backpack!!! sooo goooood",negative
"highly recommend, defective, the store had it in stock, for a keyboard",neutral
"cheap plastic, for a phone",negative
"outstanding, outstanding, for a headphones",positive
"not brilliant, for a backpack",negative
"love, for a watch",positive
"works flawlessly, refund, i bought this in march, for a phone",neutral
"perfect, useless, the store had it in stock, for a watch",neutral
"really delighted, excellent, the model number is xj-220, for a backpack",positive
"very amazing, reliable, for a watch",positive
"stopped working, hate, for a backpack",negative
"hate, disappointing, for a watch",negative
"check barely works flawlessly, best purchase, the model number is xj-220, for a backpack http://spam.link/807",positive
"best purchase, slow, the app connects over bluetooth, for a blender",neutral
"very does not work, for a phone",negative
"superb, regret buying, it comes in two colors, for a laptop",neutral
"works flawlessly, slow, i bought this in march, for a backpack",neutral
"perfect, for a phone",positive
"@user123 said never totally refund, for a watch",negative
"amazing, annoying, it comes in two colors, for a blender",neutral
"love, for a blender",positive
"really reliable, the company is based in ohio, for a laptop",positive
"<b>highly recommend, terrible, the company is based in ohio, for a charger</b> &amp; more",neutral
"@user123 said excellent, never again, it weighs about 300 grams, for a backpack",neutral
"absolutely highly recommend, incredibly love, for a laptop",positive
"not worst experience, hate, for a laptop",negative
"<b>totally crashed, for a headphones</b> &amp; more",negative
"not defective, for a charger",negative
"check never never again, for a keyboard http://spam.link/444",negative
"incredibly refund, for a charger",negative
"works flawlessly, one star, the manual has 12 pages, for a headphones",neutral
"<b>great value, awful, it comes in two colors, for a laptop</b> &amp; more",neutral
"<b>very stopped working, the app connects over bluetooth, for a blender</b> &amp; more",negative
"excellent, impressive, for a charger",positive
"barely delighted, for a headphones",positive
"barely perfect, for a backpack",positive
"hate, barely worst experience, for a blender",negative
"never incredibly perfect, reliable, for a charger",negative
"love, terrible, the model number is xj-220, for a headphones",neutral
"works flawlessly, slow, the package arrived on tuesday, for a charger",neutral
"poor quality, it launched last year, for a laptop",negative
"check very superb, the manual has 12 pages, for a keyboard http://spam.link/551",positive
"never crashed, never absolutely one star, for a phone",negative
"absolutely love, for a laptop",positive
"absolutely works flawlessly, for a keyboard",positive
"amazing, defective, it uses usb-c, for a phone",neutral
"@user123 said hardly exceeded expectations, delighted, for a keyboard",positive
"check exceeded expectations, regret buying, the package arrived on tuesday, for a laptop http://spam.link/702",neutral
"incredibly reliable, outstanding, it uses usb-c, for a charger",positive
"very smooth, for a charger",positive
"not very regret buying, for a phone!!! sooo goooood",negative
"@user123 said totally delighted, reliable, for a charger",neutral
"crashed, refund, the package arrived on tuesday, for a backpack",negative
"totally reliable, incredibly delighted, for a keyboard",positive
"totally reliable, totally impressive, the package arrived on tuesday, for a backpack",positive
"not really hate, it uses usb-c, for a backpack",positive
"perfect, for a blender",positive
"<b>really brilliant, it comes in two colors, for a phone</b> &amp; more",positive
"incredibly cheap plastic, incredibly annoying, for a charger",negative
"never exceeded expectations, the company is based in ohio, for a headphones",positive
"<b>totally works flawlessly, impressive, the box includes a cable, for a blender</b> &amp; more",positive
"perfect, for a keyboard",positive
"impressive, one star, it comes in two colors, for a headphones!!! sooo goooood",neutral
"five stars, for a laptop",positive
"really top quality, for a headphones",positive
"waste of money, totally terrible, for a phone",negative
"never again, disappointing, for a blender",negative
"absolutely five stars, brilliant, it weighs about 300 grams, for a watch",positive
"not very exceeded expectations, hardly great value, for a phone",positive
"amazing, love, for a watch",positive
"totally does not work, crashed, for a phone",negative
"very brilliant, for a keyboard",positive
"never incredibly terrible, for a charger",negative
"exceeded expectations, awful, the app connects over bluetooth, for a watch",neutral
"works flawlessly, defective, it comes in two colors, for a laptop",neutral
"works flawlessly, cheap plastic, the box includes a cable, for a keyboard",neutral
"not awful, really slow, for a backpack",negative
"impressive, perfect, for a backpack",positive
"@user123 said love, for a headphones",positive
"barely very useless, does not work, for a charger",negative
"very fantastic, for a headphones",positive
"does not work, never awful, the model number is xj-220, for a keyboard",negative
"incredibly never again, for a charger",negative
"exceeded expectations, worst experience, the manual has 12 pages, for a phone",neutral
"check best purchase, regret buying, the store had it in stock, for a laptop http://spam.link/692",neutral
"totally never again, for a charger",positive
"five stars, disappointing, the manual has 12 pages, for a watch",neutral
"never impressive, top quality, for a headphones",positive
"reliable, exceeded expectations, for a phone",positive
"incredibly five stars, for a charger",positive
"wonderful, for a headphones",positive
"outstanding, waste of money, the store had it in stock, for a backpack",neutral
"waste of money, for a keyboard",negative
"very wonderful, best purchase, for a charger",positive
"best purchase, terrible, the box includes a cable, for a headphones",neutral
"absolutely slow, it launched last year, for a blender",negative
"check really awful, for a keyboard http://spam.link/374",negative
"@user123 said crashed, one star, the company is based in ohio, for a headphones",negative
"barely absolutely refund, for a backpack",negative
"wonderful, poor quality, it comes in two colors, for a laptop",neutral
"broken, for a phone",negative
"really amazing, for a phone",positive
"@user123 said exceeded expectations, regret buying, the manual has 12 pages, for a backpack",neutral
"barely perfect, for a headphones",positive
"delighted, regret buying, it launched last year, for a headphones!!! sooo goooood",neutral
"love, terrible, the model number is xj-220, for a phone",neutral
"does not work, for a laptop",negative
"fantastic, hardly love, for a charger",positive
"not highly recommend, for a keyboard",positive
"excellent, impressive, for a laptop",positive
"barely stopped working, for a keyboard",negative
"@user123 said hardly top quality, very brilliant, for a phone",positive
"<b>worst experience, for a blender</b> &amp; more",negative
"brilliant, for a laptop!!! sooo goooood",positive
"superb, useless, the store had it in stock, for a keyboard",neutral
"<b>excellent, one star, it launched last year, for a watch</b> &amp; more",neutral
"outstanding, useless, the store had it in stock, for a blender",neutral
"very delighted, highly recommend, for a headphones",positive
"top quality, disappointing, the manual has 12 pages, for a blender",neutral
"delighted, broken, the store had it in stock, for a blender",neutral
"wonderful, poor quality, the company is based in ohio, for a charger!!! sooo goooood",neutral
"totally useless, never does not work, the box includes a cable, for a watch",negative
"hardly totally terrible, hardly totally poor quality, for a backpack",negative
"incredibly love, totally works flawlessly, for a keyboard!!! sooo goooood",positive
"five stars, waste of money, the box includes a cable, for a headphones",neutral
"poor quality, cheap plastic, for a phone",negative
"useless, for a charger",negative
"not defective, for a backpack",negative
"absolutely poor quality, poor quality, for a watch",negative
"five stars, hardly totally excellent, the app connects over bluetooth, for a blender",positive
"stopped working, the model number is xj-220, for a backpack",negative
"smooth, barely outstanding, it comes in two colors, for a headphones",positive
"perfect, hardly superb, for a headphones",positive
"check wonderful, awful, it weighs about 300 grams, for a charger http://spam.link/816",neutral
"best purchase, for a laptop",positive
"perfect, slow, the box includes a cable, for a laptop",neutral
"one star, for a keyboard",negative
"never incredibly cheap plastic, for a laptop",negative
"barely worst experience, does not work, for a backpack",negative
"excellent, awful, it launched last year, for a charger",neutral
"hardly absolutely exceeded expectations, for a phone",positive
"useless, for a phone",negative
"useless, incredibly never again, the box includes a cable, for a backpack",negative
"brilliant, highly recommend, the company is based in ohio, for a charger",positive
"disappointing, for a charger!!! sooo goooood",negative
"one star, hardly slow, the box includes a cable, for a headphones",negative
"smooth, never again, the company is based in ohio, for a watch",neutral
"exceeded expectations, slow, it uses usb-c, for a backpack",neutral
"best purchase, crashed, it uses usb-c, for a blender",neutral
"totally smooth, for a keyboard",positive
"totally excellent, perfect, for a charger!!! sooo goooood",positive
"check never refund, for a headphones http://spam.link/494",negative
"brilliant, for a laptop",neutral
"outstanding, impressive, for a backpack",positive
"totally regret buying, broken, for a blender",negative
"refund, worst experience, the app connects over bluetooth, for a headphones",negative
"love, for a blender!!! sooo goooood",positive
"does not work, it weighs about 300 grams, for a phone",negative
"barely totally useless, i bought this in march, for a watch",negative
"never never again, broken, for a watch",negative
"smooth, terrible, the box includes a cable, for a headphones",neutral
"impressive, for a watch",positive
"totally never again, for a blender",negative
"hardly one star, barely totally regret buying, the package arrived on tuesday, for a phone",negative
"never fantastic, for a laptop",positive
"@user123 said never incredibly crashed, for a backpack",negative
"hardly brilliant, absolutely impressive, for a phone",positive
"best purchase, annoying, the manual has 12 pages, for a phone",neutral
"hardly never again, absolutely waste of money, it uses usb-c, for a blender",negative
"not crashed, it uses usb-c, for a headphones",negative
"broken, for a backpack",negative
"works flawlessly, the manual has 12 pages, for a blender",positive
"check really exceeded expectations, not perfect, for a charger http://spam.link/653",positive
"impressive, poor quality, it uses usb-c, for a blender",neutral
"hardly outstanding, for a backpack",positive
"barely very exceeded expectations, for a blender!!! sooo goooood",positive
"hardly absolutely impressive, for a watch",positive
"really delighted, for a headphones",positive
"fantastic, regret buying, the box includes a cable, for a blender",neutral
"five stars, cheap plastic, the model number is xj-220, for a backpack",neutral
"never disappointing, it comes in two colors, for a backpack",negative
"highly recommend, never fantastic, for a backpack",positive
"incredibly outstanding, for a keyboard",positive
"barely incredibly reliable, the company is based in ohio, for a backpack",positive
"works flawlessly, incredibly impressive, it launched last year, for a phone",positive
"reliable, useless, it launched last year, for a keyboard",neutral
"check never reliable, for a backpack http://spam.link/399",positive
"hardly love, best purchase, for a laptop",positive
"fantastic, for a headphones",positive
"@user123 said great value, not brilliant, for a charger",positive
"@user123 said best purchase, for a keyboard",positive
"@user123 said highly recommend, one star, the store had it in stock, for a charger",neutral
"totally regret buying, i bought this in march, for a laptop",negative
"waste of money, for a charger",negative
"impressive, defective, it comes in two colors, for a blender",neutral
"barely totally delighted, perfect, for a phone",positive
"@user123 said useless, broken, for a keyboard",negative
"disappointing, awful, the model number is xj-220, for a blender",negative
"delighted, amazing, for a keyboard",positive
"best purchase, for a charger",positive
"useless, for a headphones",negative
"very does not work, barely very defective, for a headphones",negative
"great value, crashed, the model number is xj-220, for a backpack",neutral
"never incredibly top quality, never highly recommend, it launched last year, for a backpack",positive
"@user123 said delighted, barely great value, the company is based in ohio, for a watch",positive
"love, for a charger",positive
"barely totally worst experience, for a charger!!! sooo goooood",negative
"@user123 said hardly exceeded expectations, never impressive, it launched last year, for a backpack",positive
"wonderful, barely excellent, for a headphones",positive
"<b>brilliant, for a headphones</b> &amp; more",positive
"@user123 said defective, never very stopped working, it launched last year, for a charger",negative
"reliable, for a blender",positive
"outstanding, highly recommend, for a keyboard",positive
"does not work, regret buying, for a watch",negative
"never really disappointing, barely absolutely never again, for a backpack",negative
"exceeded expectations, terrible, the store had it in stock, for a watch",neutral
"very one star, absolutely waste of money, the company is based in ohio, for a laptop",negative
"excellent, defective, it launched last year, for a charger",neutral
"check delighted, poor quality, it uses usb-c, for a laptop http://spam.link/760",neutral
"excellent, for a watch",positive
"barely smooth, for a headphones",positive
"check barely broken, for a keyboard http://spam.link/345",negative
"smooth, terrible, it comes in two colors, for a blender",neutral
"terrible, for a headphones",negative
"check highly recommend, totally smooth, for a phone http://spam.link/342",positive
"hardly top quality, wonderful, it uses usb-c, for a keyboard",positive
"defective, the store had it in stock, for a watch",negative
"hardly terrible, very useless, for a backpack!!! sooo goooood",neutral
"@user123 said highly recommend, does not work, it launched last year, for a phone",neutral
"slow, terrible, for a phone",negative
"never delighted, outstanding, the manual has 12 pages, for a backpack",positive
"really love, brilliant, the box includes a cable, for a laptop",positive
"superb, for a laptop",positive
"highly recommend, fantastic, the package arrived on tuesday, for a blender",positive
"perfect, waste of money, the app connects over bluetooth, for a headphones",neutral
"hardly great value, best purchase, it weighs about 300 grams, for a watch",positive
"delighted, waste of money, it comes in two colors, for a charger",neutral
"terrible, totally hate, for a keyboard",negative
"<b>totally terrible, not incredibly regret buying, for a watch</b> &amp; more",negative
"smooth, crashed, the box includes a cable, for a laptop",negative
"superb, for a phone",positive
"excellent, for a phone",positive
"hardly incredibly poor quality, stopped working, for a phone",negative
"never really never again, for a charger!!! sooo goooood",negative
"totally annoying, hate, for a backpack",negative
"really highly recommend, for a phone",positive
"outstanding, never again, it weighs about 300 grams, for a keyboard",neutral
"check regret buying, worst experience, for a headphones http://spam.link/747",negative
"@user123 said not waste of money, crashed, for a charger",negative
"barely absolutely terrible, never worst experience, for a backpack",negative
"brilliant, stopped working, the package arrived on tuesday, for a watch",neutral
"hardly outstanding, for a keyboard!!! sooo goooood",positive
"fantastic, annoying, i bought this in march, for a backpack",neutral
"delighted, for a charger",positive
"@user123 said highly recommend, really outstanding, the package arrived on tuesday, for a blender",positive
"check not best purchase, five stars, for a charger http://spam.link/539",positive
"check totally broken, absolutely annoying, for a keyboard http://spam.link/268",negative
"delighted, waste of money, the package arrived on tuesday, for a laptop",neutral
"@user123 said hardly absolutely smooth, for a phone",positive
"never really refund, the company is based in ohio, for a phone!!! sooo goooood",negative
"not hate, hardly poor quality, for a blender",negative
"not absolutely one star, the box includes a cable, for a keyboard",negative
"<b>perfect, useless, the company is based in ohio, for a headphones</b> &amp; more",neutral
"fantastic, waste of money, it uses usb-c, for a laptop",neutral
"poor quality, refund, for a blender",negative
"highly recommend, does not work, it weighs about 300 grams, for a headphones!!! sooo goooood",neutral
"check brilliant, delighted, for a watch http://spam.link/653",positive
"not brilliant, it weighs about 300 grams, for a watch",positive
"@user123 said hardly absolutely worst experience, for a laptop",negative
"amazing, really excellent, for a keyboard",positive
"absolutely slow, for a charger",negative
"not crashed, for a laptop",negative
"check absolutely delighted, for a phone http://spam.link/601",positive
"best purchase, for a keyboard",positive
"never again, the store had it in stock, for a blender",negative
"works flawlessly, useless, the box includes a cable, for a charger",neutral
"not incredibly awful, hate, for a headphones",negative
"best purchase, absolutely fantastic, for a phone",positive
"@user123 said never awful, for a watch",negative
"not incredibly wonderful, for a blender",positive
"not very never again, annoying, the app connects over bluetooth, for a laptop",neutral
"incredibly smooth, never very top quality, the company is based in ohio, for a blender",positive
"five stars, refund, the box includes a cable, for a headphones",neutral
"<b>wonderful, stopped working, the manual has 12 pages, for a backpack</b> &amp; more",neutral
"works flawlessly, one star, it weighs about 300 grams, for a watch",neutral
"top quality, for a headphones",positive
"@user123 said impressive, defective, the box includes a cable, for a phone",neutral
"very works flawlessly, absolutely exceeded expectations, it launched last year, for a blender",positive
"top quality, it weighs about 300 grams, for a charger",positive
"works flawlessly, perfect, for a laptop",positive
"impressive, terrible, it weighs about 300 grams, for a watch",neutral
"useless, regret buying, for a headphones",negative
"<b>totally terrible, for a laptop</b> &amp; more",negative
"defective, it comes in two colors, for a charger",negative
"annoying, for a phone",negative
"barely broken, the box includes a cable, for a headphones",negative
"check regret buying, it weighs about 300 grams, for a blender http://spam.link/609",negative
"not does not work, hardly worst experience, the app connects over bluetooth, for a charger!!! sooo goooood",negative
"really stopped working, stopped working, for a laptop",negative
"check wonderful, broken, it uses usb-c, for a keyboard http://spam.link/906",neutral
"brilliant, never again, i bought this in march, for a keyboard",neutral
"absolutely love, really wonderful, for a watch",positive
"highly recommend, worst experience, it comes in two colors, for a backpack!!! sooo goooood",neutral
"great value, regret buying, the package arrived on tuesday, for a blender",neutral
"highly recommend, outstanding, for a backpack",positive
"top quality, for a charger",positive
"not highly recommend, works flawlessly, i bought this in march, for a backpack",positive
"@user123 said hardly very worst experience, for a keyboard",negative
"check incredibly impressive, for a blender http://spam.link/182",positive
"brilliant, outstanding, for a watch",positive
"fantastic, hate, it uses usb-c, for a laptop",neutral
"exceeded expectations, five stars, it uses usb-c, for a phone",positive
"top quality, disappointing, the manual has 12 pages, for a watch",neutral
"@user123 said wonderful, for a headphones",positive
"awful, for a watch",negative
"check waste of money, for a watch http://spam.link/769",negative
"check highly recommend, highly recommend, for a charger http://spam.link/836",positive
"delighted, stopped working, the manual has 12 pages, for a phone",neutral
"crashed, really awful, for a laptop",negative
"@user123 said never waste of money, hate, for a phone",negative
"totally annoying, slow, it uses usb-c, for a charger",negative
"not very does not work, annoying, for a watch",negative
"outstanding, awful, the app connects over bluetooth, for a headphones",neutral
"not hate, for a keyboard",negative
"<b>never awful, for a charger</b> &amp; more",negative
"@user123 said never regret buying, terrible, for a charger",negative
"hardly waste of money, poor quality, for a watch",negative
"<b>refund, for a charger</b> &amp; more",negative
"not top quality, impressive, for a charger",positive
"never one star, for a backpack",negative
"great value, for a blender",positive
"hardly brilliant, fantastic, for a blender",positive
"impressive, one star, the manual has 12 pages, for a phone",neutral
"never again, the box includes a cable, for a blender",negative
"<b>wonderful, great value, for a backpack</b> &amp; more",positive
"not amazing, impressive, for a keyboard",positive
"check brilliant, cheap plastic, it weighs about 300 grams, for a charger http://spam.link/759",neutral
"top quality, barely incredibly wonderful, for a headphones",positive
"incredibly stopped working, awful, for a keyboard",negative
"<b>brilliant, never again, the box includes a cable, for a headphones</b> &amp; more",neutral
"absolutely great value, hardly totally smooth, for a laptop",positive
"love, slow, it weighs about 300 grams, for a blender!!! sooo goooood",neutral
"hardly cheap plastic, hardly slow, for a watch",negative
"barely totally brilliant, hardly very exceeded expectations, for a watch",positive
"best purchase, for a phone!!! sooo goooood",positive
"totally waste of money, for a keyboard",negative
"delighted, for a backpack!!! sooo goooood",positive
"awful, barely one star, for a watch",negative
"works flawlessly, for a blender",positive
"absolutely broken, it weighs about 300 grams, for a phone",negative
"very delighted, absolutely works flawlessly, for a headphones",positive
"top quality, the model number is xj-220, for a laptop",positive
"fantastic, cheap plastic, the app connects over bluetooth, for a headphones",neutral
"check superb, waste of money, the package arrived on tuesday, for a headphones http://spam.link/910",neutral
"best purchase, for a backpack",positive
"very awful, for a charger!!! sooo goooood",negative
"superb, for a headphones",positive
"check love, poor quality, the app connects over bluetooth, for a headphones http://spam.link/578",neutral
"best purchase, for a headphones",positive
"check barely does not work, the app connects over bluetooth, for a headphones http://spam.link/593",negative
"defective, poor quality, for a blender",negative
"disappointing, the app connects over bluetooth, for a headphones",negative
"wonderful, for a watch",positive
"very impressive, superb, for a laptop",positive
"@user123 said totally awful, for a keyboard",negative
"wonderful, for a keyboard",positive
"excellent, for a keyboard",positive
"totally superb, never brilliant, it launched last year, for a blender",positive
"check hardly wonderful, superb, for a keyboard http://spam.link/959",positive
"fantastic, for a phone",positive
"waste of money, never again, the box includes a cable, for a keyboard",negative
"top quality, slow, the box includes a cable, for a watch",neutral
"never best purchase, for a backpack!!! sooo goooood",positive
"absolutely waste of money, crashed, for a blender",negative
"hardly brilliant, barely exceeded expectations, for a backpack",positive
"top quality, crashed, the manual has 12 pages, for a charger",neutral
"barely totally broken, slow, it launched last year, for a charger",negative
"very slow, it launched last year, for a laptop",negative
"totally crashed, the model number is xj-220, for a blender",negative
"delighted, smooth, the box includes a cable, for a charger",positive
"check exceeded expectations, worst experience, the company is based in ohio, for a watch http://spam.link/640",neutral
"best purchase, for a headphones",positive
"check five stars, poor quality, the store had it in stock, for a laptop http://spam.link/579",neutral
"barely waste of money, for a laptop",negative
"hardly reliable, fantastic, for a keyboard",positive
"hardly brilliant, never wonderful, for a watch",neutral
"check regret buying, for a blender http://spam.link/274",negative
"works flawlessly, disappointing, it launched last year, for a blender!!! sooo goooood",negative
"really never again, for a blender",negative
"fantastic, useless, the package arrived on tuesday, for a charger",neutral
"smooth, defective, it uses usb-c, for a keyboard",neutral
"disappointing, one star, for a headphones",negative
"hardly incredibly stopped working, absolutely slow, it comes in two colors, for a keyboard",negative
"hardly waste of money, never again, it uses usb-c, for a headphones",negative
"delighted, hate, it launched last year, for a phone",neutral
"incredibly delighted, the box includes a cable, for a watch",positive
"excellent, wonderful, i bought this in march, for a phone!!! sooo goooood",positive
"top quality, for a watch",positive
"love, never impressive, the company is based in ohio, for a laptop",neutral
"top quality, hate, i bought this in march, for a laptop",neutral
"stopped working, refund, for a blender",negative
"cheap plastic, for a blender",negative
"perfect, for a headphones",positive
"barely really perfect, the model number is xj-220, for a phone",positive
"smooth, awful, the box includes a cable, for a phone",positive
"totally delighted, the manual has 12 pages, for a charger",positive
"never awful, for a charger",negative
"<b>really five stars, for a blender</b> &amp; more",positive
"best purchase, one star, it weighs about 300 grams, for a headphones",neutral
"superb, regret buying, the model number is xj-220, for a phone",neutral
"cheap plastic, barely hate, for a headphones",negative
"perfect, one star, i bought this in march, for a laptop",neutral
"perfect, for a blender",positive
"barely slow, for a keyboard",negative
"hardly incredibly outstanding, love, for a keyboard",positive
"very great value, the package arrived on tuesday, for a blender",positive
"delighted, for a headphones",positive
"one star, really annoying, for a charger!!! sooo goooood",negative
"<b>absolutely defective, for a headphones</b> &amp; more",negative
"check amazing, slow, the model number is xj-220, for a phone http://spam.link/818",neutral
"fantastic, reliable, for a backpack",positive
"barely hate, annoying, for a headphones",negative
"check not totally highly recommend, for a laptop http://spam.link/504",positive
"check never absolutely regret buying, barely very crashed, for a backpack http://spam.link/910",negative
"check love, waste of money, it launched last year, for a headphones http://spam.link/720",neutral
"amazing, annoying, it comes in two colors, for a blender",neutral
"absolutely regret buying, for a blender",negative
"exceeded expectations, defective, it comes in two colors, for a phone",neutral
"poor quality, for a laptop",negative
"@user123 said never incredibly works flawlessly, for a laptop",positive
"incredibly top quality, for a charger",positive
"never very top quality, for a charger",positive
"broken, for a watch!!! sooo goooood",negative
"superb, for a phone",positive
"reliable, disappointing, the manual has 12 pages, for a phone",neutral
"really great value, incredibly perfect, for a backpack",positive
"@user123 said incredibly waste of money, never again, for a watch",negative
"exceeded expectations, poor quality, the company is based in ohio, for a backpack",neutral
"@user123 said not defective, not does not work, for a backpack",negative
"stopped working, barely very awful, for a blender",negative
"never best purchase, for a phone",positive
"very exceeded expectations, top quality, for a headphones",positive
"check exceeded expectations, defective, it comes in two colors, for a keyboard http://spam.link/540",neutral
"exceeded expectations, absolutely perfect, the store had it in stock, for a blender",positive
"exceeded expectations, waste of money, the store had it in stock, for a keyboard",neutral
"check barely superb, incredibly great value, the model number is xj-220, for a watch http://spam.link/989",positive
"highly recommend, useless, it launched last year, for a blender",neutral
"annoying, absolutely slow, for a laptop",negative
"absolutely reliable, for a phone",positive
"<b>hardly terrible, barely slow, for a watch</b> &amp; more",negative
"love, for a blender",positive
"great value, annoying, the model number is xj-220, for a charger",neutral
"never superb, absolutely five stars, for a headphones",positive
"love, smooth, for a backpack",positive
"check amazing, waste of money, the package arrived on tuesday, for a backpack http://spam.link/549",neutral
"cheap plastic, poor quality, for a backpack!!! sooo goooood",negative
"<b>incredibly fantastic, for a blender</b> &amp; more",positive
"impressive, slow, the box includes a cable, for a watch",neutral
"excellent, crashed, it uses usb-c, for a headphones!!! sooo goooood",neutral
"delighted, hardly smooth, i bought this in march, for a phone",positive
"very top quality, superb, for a watch!!! sooo goooood",positive
"never incredibly impressive, for a charger",positive
"absolutely never again, barely one star, the company is based in ohio, for a phone",negative
"check really refund, for a backpack http://spam.link/941",neutral
"five stars, it comes in two colors, for a laptop",positive
"really never again, does not work, for a blender",negative
"<b>hardly awful, for a headphones</b> &amp; more",negative
"impressive, top quality, for a backpack",positive
"check perfect, never again, the app connects over bluetooth, for a laptop http://spam.link/373",neutral
"hardly impressive, incredibly excellent, for a headphones",positive
"delighted, never works flawlessly, for a watch",positive
"brilliant, barely reliable, it weighs about 300 grams, for a laptop!!! sooo goooood",positive
"<b>annoying, one star, for a blender</b> &amp; more",negative
"annoying, for a charger",negative
"barely absolutely awful, it comes in two colors, for a watch",negative
"wonderful, terrible, the app connects over bluetooth, for a laptop",neutral
"@user123 said never fantastic, for a backpack",positive
"totally great value, for a phone",positive
"hate, for a headphones",negative
"absolutely five stars, for a headphones",positive
"check superb, outstanding, it launched last year, for a phone http://spam.link/691",positive
"outstanding, for a phone!!! sooo goooood",positive
"amazing, the app connects over bluetooth, for a laptop",positive
"absolutely useless, for a charger",negative
"not awful, never again, for a backpack",negative
"incredibly wonderful, very amazing, for a laptop",positive
"<b>never top quality, totally exceeded expectations, for a keyboard</b> &amp; more",positive
"highly recommend, hate, the box includes a cable, for a charger",neutral
"check hardly exceeded expectations, the store had it in stock, for a charger http://spam.link/383",positive
"five stars, for a blender",positive
"amazing, hardly amazing, for a laptop",positive
"works flawlessly, does not work, the company is based in ohio, for a phone",neutral
"very highly recommend, for a blender",positive
"hardly amazing, for a blender",positive
"@user123 said very exceeded expectations, barely best purchase, the store had it in stock, for a blender",positive
"excellent, for a keyboard",positive
"never absolutely best purchase, very reliable, i bought this in march, for a charger",positive
"check really never again, the manual has 12 pages, for a laptop http://spam.link/738",negative
"totally excellent, excellent, for a headphones",positive
"barely really broken, one star, the model number is xj-220, for a backpack",negative
"top quality, it comes in two colors, for a backpack",positive
"really outstanding, works flawlessly, for a backpack",positive
"perfect, i bought this in march, for a laptop!!! sooo goooood",positive
"great value, never again, the manual has 12 pages, for a backpack",neutral
"<b>very slow, barely stopped working, for a laptop</b> &amp; more",negative
"never superb, not five stars, it launched last year, for a backpack",positive
"absolutely five stars, for a headphones",positive
"incredibly excellent, for a laptop",positive
"<b>very poor quality, it uses usb-c, for a blender</b> &amp; more",negative
"great value, hardly fantastic, the box includes a cable, for a charger",positive
"incredibly crashed, it launched last year, for a keyboard",negative
"very disappointing, one star, it weighs about 300 grams, for a charger",negative
"useless, for a blender!!! sooo goooood",negative
"five stars, works flawlessly, it comes in two colors, for a keyboard",positive
"<b>barely totally wonderful, love, for a backpack</b> &amp; more",positive
"<b>barely absolutely slow, for a charger</b> &amp; more",negative
"<b>top quality, slow, it weighs about 300 grams, for a watch</b> &amp; more",neutral
"<b>hardly very great value, for a blender</b> &amp; more",positive
"outstanding, the box includes a cable, for a blender",positive
"never superb, the company is based in ohio, for a keyboard",positive
"amazing, hate, the package arrived on tuesday, for a phone",neutral
"brilliant, hate, the model number is xj-220, for a laptop",neutral
"hate, for a blender",negative
"smooth, cheap plastic, the app connects over bluetooth, for a laptop",neutral
"never very useless, does not work, the store had it in stock, for a keyboard",negative
"absolutely works flawlessly, barely top quality, for a phone",positive
"very impressive, superb, for a blender",positive
"stopped working, totally broken, for a keyboard",negative
"barely exceeded expectations, barely wonderful, for a headphones",positive
"five stars, worst experience, it weighs about 300 grams, for a phone",neutral
"hardly amazing, for a blender",positive
"hardly fantastic, the package arrived on tuesday, for a headphones",positive
"check reliable, broken, the store had it in stock, for a laptop http://spam.link/379",neutral
"excellent, poor quality, i bought this in march, for a keyboard",neutral
"five stars, one star, i bought this in march, for a blender",neutral
"hardly absolutely stopped working, for a phone",positive
"one star, never refund, for a blender",negative
"perfect, hardly incredibly reliable, for a headphones",positive
"best purchase, waste of money, i bought this in march, for a backpack",neutral
"great value, really exceeded expectations, for a charger",positive
"reliable, for a keyboard",positive
"wonderful, for a blender",positive
"five stars, regret buying, the box includes a cable, for a laptop",neutral
"hardly wonderful, never absolutely impressive, for a blender",positive
"not disappointing, hardly incredibly poor quality, for a watch",negative
"perfect, the manual has 12 pages, for a backpack",positive
"never smooth, really perfect, the box includes a cable, for a laptop",positive
"delighted, reliable, for a keyboard",positive
"check slow, for a phone http://spam.link/415",negative
"great value, stopped working, the store had it in stock, for a headphones",neutral
"superb, annoying, it comes in two colors, for a headphones",neutral
"does not work, for a backpack",negative
"absolutely one star, useless, for a backpack",negative
"<b>not annoying, it comes in two colors, for a keyboard</b> &amp; more",positive
"very hate, for a watch",negative
"<b>reliable, stopped working, the store had it in stock, for a watch</b> &amp; more",neutral
"barely best purchase, outstanding, for a watch",positive
"never slow, one star, for a backpack",negative
"barely perfect, for a charger",positive
"impressive, stopped working, it weighs about 300 grams, for a keyboard",neutral
"never top quality, for a phone",positive
"reliable, five stars, for a charger",positive
"check smooth, for a phone http://spam.link/799",positive
"<b>hardly totally disappointing, broken, for a watch</b> &amp; more",negative
"not perfect, for a blender!!! sooo goooood",positive
"superb, highly recommend, for a phone",positive
"never wonderful, love, for a keyboard!!! sooo goooood",positive
"love, for a charger",positive
"not incredibly perfect, very best purchase, the model number is xj-220, for a blender",positive
"useless, really awful, for a laptop",negative
"worst experience, does not work, for a phone",negative
"check never absolutely hate, never does not work, for a laptop http://spam.link/940",negative
"outstanding, refund, the app connects over bluetooth, for a keyboard",neutral
"<b>highly recommend, annoying, the manual has 12 pages, for a keyboard</b> &amp; more",neutral
"perfect, stopped working, it uses usb-c, for a keyboard",neutral
"not perfect, hardly incredibly works flawlessly, the company is based in ohio, for a keyboard",positive
"check not best purchase, for a phone http://spam.link/530",positive
"really five stars, for a backpack",positive
"totally outstanding, works flawlessly, it launched last year, for a blender",positive
"barely very wonderful, absolutely superb, for a phone",positive
"check very waste of money, for a watch http://spam.link/852",negative
"very exceeded expectations, for a backpack",positive
"check not incredibly wonderful, never very highly recommend, for a keyboard http://spam.link/311",positive
"amazing, one star, it launched last year, for a headphones",neutral
"absolutely useless, cheap plastic, for a headphones",negative
"impressive, disappointing, the manual has 12 pages, for a backpack",neutral
"amazing, for a phone",positive
"very works flawlessly, amazing, the app connects over bluetooth, for a keyboard!!! sooo goooood",positive
"check hardly annoying, never very disappointing, for a backpack http://spam.link/641",negative
"works flawlessly, hardly smooth, the manual has 12 pages, for a keyboard",positive
"five stars, defective, it comes in two colors, for a phone",neutral
"excellent, poor quality, the manual has 12 pages, for a blender!!! sooo goooood",neutral
"fantastic, crashed, the store had it in stock, for a blender",neutral
"really great value, for a charger",positive
"barely exceeded expectations, for a blender!!! sooo goooood",positive
"highly recommend, refund, the app connects over bluetooth, for a charger",neutral
"check incredibly poor quality, the company is based in ohio, for a charger http://spam.link/109",negative
"<b>five stars, disappointing, the company is based in ohio, for a laptop</b> &amp; more",positive
"@user123 said worst experience, the manual has 12 pages, for a watch",negative
"delighted, absolutely love, for a laptop",positive
"amazing, top quality, for a laptop!!! sooo goooood",positive
"<b>amazing, annoying, the box includes a cable, for a phone</b> &amp; more",neutral
"check reliable, terrible, it uses usb-c, for a keyboard http://spam.link/781",neutral
"highly recommend, for a watch!!! sooo goooood",positive
"excellent, annoying, it weighs about 300 grams, for a laptop",neutral
"excellent, for a keyboard",positive
"not poor quality, one star, the model number is xj-220, for a blender",negative
"@user123 said best purchase, awful, it weighs about 300 grams, for a blender",neutral
"smooth, the model number is xj-220, for a backpack",positive
"superb, cheap plastic, the company is based in ohio, for a backpack",neutral
"not refund, terrible, for a headphones",negative
"impressive, for a keyboard",positive
"barely smooth, for a laptop",positive
"impressive, terrible, the app connects over bluetooth, for a keyboard",neutral
"awful, hardly annoying, for a phone",negative
"<b>incredibly love, for a laptop</b> &amp; more",positive
"annoying, totally slow, for a keyboard",negative
"love, crashed, it comes in two colors, for a phone",neutral
"smooth, barely works flawlessly, for a charger",positive
"fantastic, impressive, the model number is xj-220, for a charger",positive
"<b>absolutely impressive, best purchase, for a backpack</b> &amp; more",positive
"stopped working, the package arrived on tuesday, for a laptop",negative
"very top quality, for a keyboard",positive
"worst experience, regret buying, for a blender",negative
"totally exceeded expectations, delighted, the store had it in stock, for a phone",positive
"love, awful, the manual has 12 pages, for a phone",neutral
"great value, annoying, it uses usb-c, for a keyboard",neutral
"excellent, never again, it launched last year, for a blender",neutral
"check delighted, worst experience, the box includes a cable, for a charger http://spam.link/240",neutral
"one star, for a keyboard",negative
"@user123 said barely absolutely outstanding, hardly impressive, for a backpack",positive
"fantastic, never again, it comes in two colors, for a phone",neutral
"regret buying, for a watch",negative
"defective, for a headphones",negative
"perfect, defective, the model number is xj-220, for a phone",negative
"never incredibly terrible, i bought this in march, for a blender",negative
"outstanding, poor quality, the store had it in stock, for a laptop",neutral
"hardly does not work, crashed, for a headphones",negative
"barely disappointing, worst experience, the app connects over bluetooth, for a laptop",negative
"incredibly outstanding, for a charger",positive
"@user123 said best purchase, it weighs about 300 grams, for a watch",positive
"really excellent, never exceeded expectations, for a blender",positive
"<b>hardly exceeded expectations, for a keyboard</b> &amp; more",positive
"never one star, the app connects over bluetooth, for a phone",negative
"really best purchase, the store had it in stock, for a backpack",positive
"@user123 said love, regret buying, the package arrived on tuesday, for a blender",neutral
"useless, not never again, the package arrived on tuesday, for a laptop",negative
"<b>amazing, for a backpack</b> &amp; more",positive
"never amazing, for a keyboard",positive
"never incredibly refund, incredibly useless, the app connects over bluetooth, for a phone",negative
"five stars, slow, the box includes a cable, for a backpack",neutral
"top quality, for a backpack",positive
"check top quality, absolutely brilliant, for a charger http://spam.link/484",positive
"check excellent, useless, it uses usb-c, for a keyboard http://spam.link/233",neutral
"wonderful, one star, the manual has 12 pages, for a headphones",neutral
"really fantastic, never totally five stars, for a charger",negative
"amazing, totally exceeded expectations, for a keyboard",positive
"check hardly refund, for a laptop http://spam.link/950",negative
"not waste of money, for a keyboard",negative
"reliable, cheap plastic, it launched last year, for a watch",neutral
"outstanding, for a headphones",positive
"not defective, for a laptop",negative
"perfect, one star, it weighs about 300 grams, for a charger",neutral
"@user123 said one star, incredibly useless, for a laptop",negative
"fantastic, cheap plastic, the store had it in stock, for a backpack",neutral
"<b>excellent, for a watch</b> &amp; more",positive
"works flawlessly, disappointing, i bought this in march, for a headphones",neutral
"perfect, does not work, the model number is xj-220, for a blender",neutral
"hardly great value, not incredibly works flawlessly, the package arrived on tuesday, for a watch",positive
"top quality, slow, the manual has 12 pages, for a headphones",neutral
"worst experience, for a blender",negative
"<b>regret buying, barely totally regret buying, for a charger</b> &amp; more",negative
"@user123 said defective, for a laptop",negative
"very slow, for a phone",negative
"check defective, barely one star, it comes in two colors, for a keyboard http://spam.link/568",negative
"<b>amazing, awful, the box includes a cable, for a blender</b> &amp; more",neutral
"broken, the company is based in ohio, for a watch",negative
"reliable, regret buying, the store had it in stock, for a laptop",positive
"@user123 said outstanding, for a backpack",positive
"barely absolutely brilliant, for a laptop",positive
"defective, for a phone",negative
"check hardly brilliant, hardly outstanding, for a phone http://spam.link/208",positive
"outstanding, for a phone",positive
"never very poor quality, it comes in two colors, for a charger",negative
"great value, excellent, for a keyboard",positive
"never absolutely great value, for a blender",positive
"reliable, refund, it weighs about 300 grams, for a charger",neutral
"amazing, fantastic, for a laptop",positive
"amazing, one star, it comes in two colors, for a headphones",neutral
"never does not work, not poor quality, for a headphones",negative
"wonderful, wonderful, i bought this in march, for a charger",positive
"never again, for a charger!!! sooo goooood",negative
"hardly absolutely five stars, for a headphones",positive
"worst experience, totally useless, for a charger",negative
"waste of money, totally crashed, the box includes a cable, for a charger",negative
"impressive, worst experience, the manual has 12 pages, for a blender",neutral
"@user123 said very worst experience, waste of money, for a phone",negative
"works flawlessly, for a backpack",positive
"great value, disappointing, it weighs about 300 grams, for a headphones",positive
"really does not work, the company is based in ohio, for a laptop",negative
"love, cheap plastic, the company is based in ohio, for a blender!!! sooo goooood",neutral
"best purchase, the app connects over bluetooth, for a headphones",positive
"delighted, never again, the company is based in ohio, for a charger",neutral
"hardly incredibly superb, wonderful, for a headphones",positive
"works flawlessly, defective, the model number is xj-220, for a charger",neutral
"<b>top quality, broken, it weighs about 300 grams, for a headphones</b> &amp; more",neutral
"hardly fantastic, for a backpack",positive
"hardly broken, broken, for a blender",negative
"not defective, defective, the store had it in stock, for a phone",negative
"defective, for a blender!!! sooo goooood",negative
"waste of money, the app connects over bluetooth, for a charger",negative
"really smooth, for a phone",positive
"stopped working, for a phone",negative
"best purchase, the manual has 12 pages, for a laptop!!! sooo goooood",positive
"check absolutely regret buying, it comes in two colors, for a laptop http://spam.link/741",negative
"@user123 said five stars, defective, the app connects over bluetooth, for a headphones",neutral
"best purchase, incredibly exceeded expectations, for a laptop",positive
"incredibly awful, really never again, the store had it in stock, for a charger",negative
"really waste of money, the box includes a cable, for a blender",negative
"poor quality, for a laptop",negative
"perfect, for a phone",positive
"delighted, not works flawlessly, for a watch",positive
"exceeded expectations, stopped working, the package arrived on tuesday, for a headphones!!! sooo goooood",neutral
"@user123 said never top quality, really five stars, for a charger",neutral
"barely absolutely amazing, the store had it in stock, for a backpack",positive
"really exceeded expectations, for a phone",neutral
"not love, for a charger",positive
"check hardly regret buying, for a watch http://spam.link/376",negative
"best purchase, never incredibly outstanding, for a watch",positive
"great value, highly recommend, for a keyboard",positive
"disappointing, for a keyboard",negative
"great value, annoying, the model number is xj-220, for a watch",neutral
"worst experience, incredibly never again, for a watch",negative
"check disappointing, for a keyboard http://spam.link/672",negative
"delighted, terrible, the package arrived on tuesday, for a phone",neutral
"love, exceeded expectations, for a charger",positive
"check fantastic, awful, the model number is xj-220, for a watch http://spam.link/919",neutral
"works flawlessly, the model number is xj-220, for a laptop",positive
"@user123 said very poor quality, the app connects over bluetooth, for a backpack",negative
"never works flawlessly, for a watch",positive
"stopped working, awful, for a charger",negative
"@user123 said not does not work, poor quality, for a backpack",negative
"totally slow, really disappointing, for a watch",negative
"very excellent, for a keyboard",positive
"incredibly brilliant, five stars, it launched last year, for a charger",neutral
"five stars, for a watch",positive
"cheap plastic, for a charger",negative
"not annoying, never hate, it weighs about 300 grams, for a blender",negative
"barely reliable, very brilliant, for a headphones",positive
"top quality, amazing, for a backpack",positive
"slow, stopped working, for a watch",negative
"barely totally fantastic, exceeded expectations, for a watch",positive
"never works flawlessly, perfect, for a backpack",positive
"@user123 said terrible, poor quality, the box includes a cable, for a charger",negative
"@user123 said regret buying, broken, for a keyboard",negative
"outstanding, does not work, the company is based in ohio, for a blender",negative
"@user123 said never superb, perfect, for a backpack",positive
"check stopped working, for a phone http://spam.link/110",negative
"check superb, defective, the manual has 12 pages, for a backpack http://spam.link/269",positive
"cheap plastic, for a backpack",negative
"exceeded expectations, does not work, the company is based in ohio, for a keyboard",neutral
"exceeded expectations, for a keyboard",positive
"never excellent, the app connects over bluetooth, for a keyboard",positive
"really amazing, really impressive, for a backpack",positive
"fantastic, worst experience, i bought this in march, for a backpack",neutral
"check wonderful, really top quality, for a charger http://spam.link/660",positive
"not delighted, not superb, for a watch",positive
"love, for a keyboard",positive
"<b>barely wonderful, totally reliable, for a blender</b> &amp; more",positive
"smooth, regret buying, it uses usb-c, for a headphones",neutral
"not really crashed, defective, for a blender",negative
"<b>totally reliable, fantastic, for a keyboard</b> &amp; more",positive
"<b>not wonderful, for a blender</b> &amp; more",positive
"<b>delighted, for a phone</b> &amp; more",positive
"really highly recommend, great value, the store had it in stock, for a blender",positive
"love, awful, the store had it in stock, for a charger",neutral
"poor quality, for a laptop",negative
"perfect, annoying, the box includes a cable, for a watch",neutral
"really outstanding, for a blender",positive
"one star, for a watch",negative
"not very stopped working, never does not work, for a laptop",negative
"defective, one star, the store had it in stock, for a watch",negative
"outstanding, crashed, it uses usb-c, for a watch",neutral
"hardly totally disappointing, regret buying, for a charger",negative
"barely broken, for a blender",neutral
"smooth, for a keyboard",positive
"absolutely cheap plastic, poor quality, for a phone",negative
"excellent, smooth, for a charger",positive
"never worst experience, not absolutely awful, for a keyboard",negative
"@user123 said love, stopped working, the manual has 12 pages, for a backpack",neutral
"absolutely amazing, for a keyboard",positive
"<b>never does not work, never again, for a laptop</b> &amp; more",negative
"<b>absolutely impressive, excellent, for a charger</b> &amp; more",positive
"never works flawlessly, barely incredibly impressive, for a backpack",positive
"not awful, for a blender",positive
"not waste of money, for a backpack",negative
"not never again, hardly awful, for a blender",negative
"reliable, the app connects over bluetooth, for a keyboard",positive
"very top quality, the box includes a cable, for a charger",positive
"hardly superb, i bought this in march, for a headphones",positive
"barely very never again, for a watch",negative
"very does not work, for a keyboard",negative
"smooth, never again, the company is based in ohio, for a watch!!! sooo goooood",neutral
"annoying, really broken, for a blender!!! sooo goooood",negative
"amazing, refund, the app connects over bluetooth, for a phone",neutral
"stopped working, for a blender",negative
"incredibly slow, crashed, for a headphones",negative
"<b>hardly very highly recommend, never absolutely love, for a backpack</b> &amp; more",positive
"hardly absolutely excellent, for a blender",positive
"@user123 said reliable, the store had it in stock, for a backpack",positive
"top quality, for a backpack",positive
"top quality, very five stars, the package arrived on tuesday, for a laptop",positive
"check incredibly delighted, for a phone http://spam.link/490",positive
"five stars, slow, i bought this in march, for a blender!!! sooo goooood",neutral
"not totally fantastic, totally reliable, for a backpack",positive
"superb, for a watch",positive
"hardly very fantastic, highly recommend, it weighs about 300 grams, for a backpack",positive
"smooth, for a backpack",positive
"<b>perfect, absolutely highly recommend, for a backpack</b> &amp; more",positive
"best purchase, crashed, the app connects over bluetooth, for a watch",neutral
"fantastic, defective, the app connects over bluetooth, for a laptop",neutral
"barely awful, barely stopped working, for a laptop",negative
"hardly incredibly outstanding, for a backpack!!! sooo goooood",positive
"incredibly highly recommend, it launched last year, for a charger",positive
"@user123 said five stars, does not work, the manual has 12 pages, for a blender",neutral
"<b>worst experience, for a charger</b> &amp; more",negative
"incredibly poor quality, not absolutely never again, for a backpack",negative
"superb, does not work, it comes in two colors, for a blender",neutral
"not excellent, really amazing, for a watch",positive
"really poor quality, for a charger",negative
"incredibly poor quality, for a watch",negative
"totally reliable, never impressive, for a phone",positive
"absolutely annoying, broken, for a headphones",negative
"very disappointing, not poor quality, i bought this in march, for a watch!!! sooo goooood",negative
"reliable, useless, it uses usb-c, for a backpack",neutral
"incredibly impressive, for a blender",positive
"really reliable, for a backpack",positive
"highly recommend, stopped working, the company is based in ohio, for a headphones!!! sooo goooood",neutral
"check outstanding, regret buying, the app connects over bluetooth, for a charger http://spam.link/534",neutral
"fantastic, worst experience, the manual has 12 pages, for a headphones",neutral
"hardly amazing, never works flawlessly, for a watch",positive
"<b>best purchase, refund, the store had it in stock, for a keyboard</b> &amp; more",neutral
"<b>five stars, one star, the company is based in ohio, for a phone</b> &amp; more",neutral
"barely totally excellent, outstanding, for a keyboard",positive
"highly recommend, for a backpack",positive
"highly recommend, broken, the store had it in stock, for a charger",neutral
"never slow, barely really annoying, for a keyboard",negative
"hardly poor quality, really poor quality, for a blender",negative
"hardly broken, for a blender",negative
"incredibly brilliant, for a backpack",negative
"not perfect, absolutely excellent, for a laptop",positive
"best purchase, stopped working, the company is based in ohio, for a watch",neutral
"not absolutely hate, very poor quality, for a watch!!! sooo goooood",negative
"@user123 said delighted, the app connects over bluetooth, for a keyboard",positive
"brilliant, i bought this in march, for a charger",positive
"perfect, regret buying, the company is based in ohio, for a headphones",neutral
"never amazing, superb, for a phone",positive
"@user123 said never very outstanding, never best purchase, for a keyboard",positive
"absolutely stopped working, really disappointing, for a watch",negative
"very delighted, smooth, for a headphones!!! sooo goooood",positive
"reliable, stopped working, the manual has 12 pages, for a keyboard",neutral
"<b>defective, annoying, for a blender</b> &amp; more",negative
"refund, really broken, for a keyboard",negative
"@user123 said hate, crashed, it uses usb-c, for a phone",negative
"very great value, very impressive, for a charger",positive
"awful, refund, for a watch",negative
"not very awful, hardly slow, for a watch",negative
"cheap plastic, for a blender",negative
"superb, exceeded expectations, for a backpack",positive
"five stars, perfect, for a watch",positive
"<b>not really hate, very slow, for a charger</b> &amp; more",negative
"@user123 said outstanding, regret buying, the model number is xj-220, for a headphones",neutral
"wonderful, refund, the company is based in ohio, for a keyboard",neutral
"reliable, annoying, it uses usb-c, for a blender",positive
"really awful, one star, it comes in two colors, for a watch",negative
"hardly outstanding, for a backpack",positive
"check perfect, broken, the manual has 12 pages, for a backpack http://spam.link/538",neutral
"outstanding, the manual has 12 pages, for a keyboard",positive
"delighted, refund, the box includes a cable, for a keyboard",neutral
"@user123 said perfect, regret buying, i bought this in march, for a watch",neutral
"@user123 said wonderful, useless, the box includes a cable, for a laptop",neutral
"brilliant, hardly incredibly works flawlessly, for a keyboard",negative
"love, for a backpack",positive
"stopped working, for a watch",negative
"<b>outstanding, refund, the box includes a cable, for a laptop</b> &amp; more",neutral
"totally best purchase, the store had it in stock, for a charger",positive
"absolutely one star, for a laptop",negative
"excellent, not wonderful, for a backpack!!! sooo goooood",positive
"check perfect, for a headphones http://spam.link/568",positive
"@user123 said five stars, crashed, i bought this in march, for a watch",neutral
"<b>really outstanding, for a blender</b> &amp; more",positive
"annoying, for a laptop",negative
"broken, poor quality, for a watch",negative
"wonderful, slow, it comes in two colors, for a phone",neutral
"perfect, terrible, it uses usb-c, for a backpack",neutral
"check love, useless, the manual has 12 pages, for a backpack http://spam.link/654",neutral
"absolutely broken, very annoying, it launched last year, for a backpack",negative
"@user123 said totally smooth, love, the company is based in ohio, for a headphones",positive
"top quality, hardly really reliable, it comes in two colors, for a keyboard",positive
"not incredibly works flawlessly, for a keyboard",positive
"amazing, disappointing, the model number is xj-220, for a blender",neutral
"very smooth, barely delighted, for a laptop",positive
"cheap plastic, for a watch",negative
"top quality, for a laptop",positive
"amazing, for a charger",positive
"never best purchase, absolutely exceeded expectations, for a keyboard",positive
"love, slow, the manual has 12 pages, for a keyboard",neutral
"absolutely fantastic, for a watch",positive
"not incredibly regret buying, for a phone",negative
"not perfect, hardly totally perfect, for a blender",positive
"check never totally outstanding, smooth, it launched last year, for a phone http://spam.link/703",positive
"never amazing, for a keyboard",positive
"incredibly five stars, for a laptop",positive
"incredibly excellent, it uses usb-c, for a charger",positive
"waste of money, it launched last year, for a phone",negative
"amazing, waste of money, the manual has 12 pages, for a watch",neutral
"slow, hardly slow, it weighs about 300 grams, for a watch",negative
"@user123 said really useless, never one star, for a keyboard",negative
"never totally amazing, the store had it in stock, for a backpack",positive
"perfect, reliable, it launched last year, for a backpack!!! sooo goooood",positive
"never excellent, never love, for a backpack",positive
"check totally regret buying, absolutely cheap plastic, for a laptop http://spam.link/803",negative
"check defective, not disappointing, for a backpack http://spam.link/223",negative
"perfect, one star, it comes in two colors, for a laptop",neutral
"impressive, cheap plastic, i bought this in march, for a headphones",neutral
"<b>smooth, does not work, it weighs about 300 grams, for a backpack</b> &amp; more",neutral
"reliable, for a laptop",positive
"crashed, for a backpack!!! sooo goooood",negative
"excellent, for a watch",positive
"check annoying, it uses usb-c, for a headphones http://spam.link/163",negative
"hardly useless, for a backpack",negative
"@user123 said excellent, regret buying, the manual has 12 pages, for a laptop",neutral
"hardly refund, it comes in two colors, for a backpack",negative
"perfect, the manual has 12 pages, for a charger",positive
"check love, highly recommend, for a charger http://spam.link/235",positive
"one star, hardly absolutely defective, the package arrived on tuesday, for a laptop",negative
"superb, incredibly best purchase, it comes in two colors, for a headphones",positive
"useless, barely awful, for a laptop",negative
"absolutely impressive, incredibly best purchase, for a headphones",positive
"awful, hardly really poor quality, the manual has 12 pages, for a headphones",negative
"@user123 said hardly top quality, really brilliant, the manual has 12 pages, for a headphones",positive
"best purchase, for a charger",neutral
"perfect, for a phone",positive
"@user123 said love, never works flawlessly, for a keyboard",positive
"delighted, regret buying, it launched last year, for a charger",neutral
"perfect, for a backpack",positive
"very fantastic, for a backpack",positive
"hardly wonderful, for a phone",positive
"great value, for a keyboard",positive
"five stars, worst experience, it launched last year, for a headphones",neutral
"love, for a backpack",positive
"never absolutely stopped working, for a laptop",negative
"five stars, does not work, i bought this in march, for a watch",neutral
"impressive, useless, the store had it in stock, for a laptop",neutral
"fantastic, refund, the company is based in ohio, for a blender",neutral
"@user123 said absolutely impressive, very reliable, the package arrived on tuesday, for a keyboard",positive
"top quality, worst experience, it uses usb-c, for a watch",neutral
"check cheap plastic, hate, for a charger http://spam.link/570",negative
"useless, totally poor quality, for a keyboard",negative
"@user123 said perfect, useless, the box includes a cable, for a watch",neutral
"absolutely stopped working, for a keyboard",negative
"absolutely five stars, superb, it launched last year, for a laptop",positive
"very impressive, works flawlessly, for a phone",positive
"<b>five stars, broken, it launched last year, for a keyboard</b> &amp; more",neutral
"<b>impressive, for a watch</b> &amp; more",positive
"<b>smooth, defective, it comes in two colors, for a keyboard</b> &amp; more",neutral
"not amazing, amazing, for a charger",positive
"@user123 said absolutely defective, for a charger",negative
"love, useless, i bought this in march, for a phone",neutral
"totally amazing, for a phone",positive
"best purchase, broken, the package arrived on tuesday, for a watch",neutral
"<b>perfect, poor quality, the store had it in stock, for a backpack</b> &amp; more",neutral
"reliable, barely incredibly excellent, for a backpack",positive
"really annoying, it uses usb-c, for a watch",negative
"wonderful, awful, it weighs about 300 grams, for a blender",neutral
"very awful, crashed, the manual has 12 pages, for a blender",negative
"<b>defective, refund, the company is based in ohio, for a laptop</b> &amp; more",negative
"<b>perfect, annoying, it weighs about 300 grams, for a phone</b> &amp; more",neutral
"<b>superb, slow, it launched last year, for a phone</b> &amp; more",neutral
"check really broken, terrible, for a phone http://spam.link/211",negative
"defective, hate, for a phone",negative
"top quality, awful, the model number is xj-220, for a keyboard",neutral
"check five stars, refund, the app connects over bluetooth, for a laptop http://spam.link/790",neutral
"superb, disappointing, it comes in two colors, for a keyboard",neutral
"check annoying, barely absolutely refund, for a watch http://spam.link/131",negative
"check defective, hardly worst experience, for a headphones http://spam.link/172",negative
"really superb, for a watch",positive
"really defective, for a watch",negative
"incredibly refund, for a headphones",negative
"outstanding, crashed, it uses usb-c, for a watch!!! sooo goooood",neutral
"smooth, slow, the company is based in ohio, for a charger",neutral
"never highly recommend, really works flawlessly, for a backpack",positive
"amazing, for a headphones",positive
"hardly incredibly best purchase, outstanding, for a blender",positive
"never one star, for a charger",negative
"check really smooth, for a keyboard http://spam.link/681",positive
"<b>never annoying, crashed, for a backpack</b> &amp; more",negative
"annoying, for a laptop",negative
"hardly slow, never awful, for a headphones",negative
"fantastic, delighted, for a blender!!! sooo goooood",positive
"stopped working, hate, the package arrived on tuesday, for a phone",negative
"@user123 said very annoying, cheap plastic, for a charger",negative
"incredibly worst experience, for a laptop",negative
"defective, for a keyboard",negative
"excellent, for a charger",positive
"love, wonderful, for a blender",positive
"<b>incredibly waste of money, for a headphones</b> &amp; more",negative
"incredibly broken, the manual has 12 pages, for a backpack",negative
"barely highly recommend, really top quality, for a phone",positive
"highly recommend, for a phone",negative
"love, barely very fantastic, for a phone",neutral
"check very broken, useless, it launched last year, for a keyboard http://spam.link/336",negative
"@user123 said very excellent, for a headphones",positive
"not great value, for a phone",positive
"hardly absolutely exceeded expectations, for a backpack",positive
"excellent, stopped working, the manual has 12 pages, for a backpack",neutral
"@user123 said excellent, for a phone",positive
"hardly totally one star, for a laptop",negative
"absolutely crashed, regret buying, for a watch",negative
"<b>terrible, really annoying, for a laptop</b> &amp; more",negative
"wonderful, hate, the manual has 12 pages, for a laptop",neutral
"check love, disappointing, the package arrived on tuesday, for a headphones http://spam.link/320",neutral
"@user123 said incredibly excellent, for a backpack",neutral
"@user123 said superb, awful, the store had it in stock, for a backpack",positive
"absolutely broken, for a charger",negative
"hate, the manual has 12 pages, for a laptop",negative
"top quality, for a keyboard",positive
"really reliable, for a laptop",positive
"really superb, for a backpack!!! sooo goooood",positive
"barely worst experience, the company is based in ohio, for a blender!!! sooo goooood",negative
"useless, it uses usb-c, for a headphones",negative
"check incredibly regret buying, never again, the company is based in ohio, for a charger http://spam.link/267",negative
"five stars, crashed, the package arrived on tuesday, for a charger",neutral
"top quality, for a keyboard",positive
"fantastic, highly recommend, for a charger",positive
"barely brilliant, not really amazing, the box includes a cable, for a headphones",positive
"@user123 said great value, for a backpack",positive
"worst experience, barely very defective, the package arrived on tuesday, for a phone",negative
"incredibly excellent, reliable, for a keyboard!!! sooo goooood",positive
"works flawlessly, refund, it weighs about 300 grams, for a laptop",neutral
"very love, for a backpack",positive
"reliable, terrible, the app connects over bluetooth, for a charger",neutral
"highly recommend, terrible, it weighs about 300 grams, for a phone",neutral
"<b>perfect, disappointing, it launched last year, for a backpack</b> &amp; more",neutral
"absolutely waste of money, really regret buying, for a laptop",negative
"delighted, refund, the app connects over bluetooth, for a charger",neutral
"amazing, does not work, the app connects over bluetooth, for a charger",neutral
"terrible, very waste of money, for a charger",negative
"not incredibly stopped working, for a blender",negative
"incredibly impressive, hardly wonderful, for a headphones",positive
"highly recommend, waste of money, the app connects over bluetooth, for a phone",neutral
"defective, barely hate, for a laptop",negative
"hardly very stopped working, for a headphones",negative
"smooth, perfect, for a headphones",positive
"<b>fantastic, broken, it comes in two colors, for a watch</b> &amp; more",neutral
"never really does not work, the package arrived on tuesday, for a headphones",negative
"great value, not wonderful, for a blender",positive
"<b>never again, disappointing, the manual has 12 pages, for a backpack</b> &amp; more",negative
"exceeded expectations, barely totally wonderful, for a charger",positive
"smooth, the box includes a cable, for a phone",neutral
"amazing, defective, the box includes a cable, for a keyboard",neutral
"not wonderful, for a watch",positive
"reliable, poor quality, the box includes a cable, for a keyboard",neutral
"check brilliant, for a headphones http://spam.link/325",positive
"hardly really amazing, best purchase, the app connects over bluetooth, for a charger",positive
"not best purchase, wonderful, for a laptop!!! sooo goooood",positive
"never fantastic, for a blender",positive
"really highly recommend, barely really wonderful, for a watch",positive
"<b>highly recommend, for a backpack</b> &amp; more",positive
"hardly incredibly impressive, totally great value, the company is based in ohio, for a charger",positive
"barely very poor quality, for a keyboard",negative
"never defective, for a charger!!! sooo goooood",negative
"@user123 said delighted, regret buying, the box includes a cable, for a blender",neutral
"barely highly recommend, hardly absolutely perfect, for a watch",positive
"@user123 said terrible, for a laptop",negative
"reliable, worst experience, it uses usb-c, for a watch",neutral
"check incredibly delighted, for a backpack http://spam.link/479",positive
"incredibly delighted, delighted, for a headphones",positive
"incredibly terrible, for a headphones",negative
"hardly brilliant, five stars, for a phone",positive
"love, annoying, it uses usb-c, for a keyboard",neutral
"incredibly excellent, the package arrived on tuesday, for a charger",positive
"not incredibly excellent, for a backpack",positive
"outstanding, impressive, the box includes a cable, for a watch!!! sooo goooood",positive
"barely absolutely best purchase, absolutely exceeded expectations, for a keyboard",positive
"regret buying, waste of money, for a keyboard",negative
"delighted, useless, it weighs about 300 grams, for a phone",neutral
"outstanding, refund, it uses usb-c, for a headphones",neutral
"perfect, annoying, the company is based in ohio, for a watch",neutral
"check never again, really crashed, for a laptop http://spam.link/235",negative
"incredibly cheap plastic, waste of money, for a blender",negative
"very slow, for a headphones",negative
"top quality, hate, it weighs about 300 grams, for a phone",neutral
"<b>poor quality, for a blender</b> &amp; more",negative
"amazing, poor quality, the package arrived on tuesday, for a blender",neutral
"totally defective, totally hate, for a watch",negative
"outstanding, crashed, the store had it in stock, for a laptop",neutral
"amazing, hate, it launched last year, for a phone",neutral
"really wonderful, never works flawlessly, for a keyboard",positive
"@user123 said barely incredibly delighted, for a watch",positive
"love, poor quality, the package arrived on tuesday, for a phone",neutral
"regret buying, refund, the box includes a cable, for a charger",negative
"barely incredibly delighted, i bought this in march, for a blender",positive
"never excellent, for a laptop!!! sooo goooood",positive
"not absolutely fantastic, brilliant, for a charger",positive
"crashed, for a headphones",negative
"check cheap plastic, for a laptop http://spam.link/186",negative
"hardly disappointing, for a laptop",negative
"barely disappointing, for a keyboard",neutral
"brilliant, love, the company is based in ohio, for a backpack",positive
"terrible, for a headphones!!! sooo goooood",negative
"not totally love, for a backpack",positive
"check defective, barely cheap plastic, for a phone http://spam.link/597",negative
"barely regret buying, terrible, for a keyboard",negative
"fantastic, never again, the box includes a cable, for a headphones",neutral
"totally broken, incredibly broken, for a backpack",neutral
"really stopped working, for a blender",negative
"barely incredibly brilliant, for a phone",positive
"not superb, incredibly amazing, for a watch",positive
"check incredibly annoying, never again, for a phone http://spam.link/907",negative
"superb, the model number is xj-220, for a charger",positive
"superb, totally superb, for a keyboard",positive
"five stars, for a headphones",positive
"works flawlessly, for a charger",positive
"very cheap plastic, for a headphones",negative
"hardly smooth, for a phone",positive
"@user123 said excellent, for a keyboard",positive
"absolutely wonderful, smooth, for a keyboard",positive
"five stars, works flawlessly, for a keyboard",positive
"not impressive, exceeded expectations, for a keyboard",positive
"barely slow, useless, for a charger",negative
"never perfect, hardly fantastic, it comes in two colors, for a backpack",positive
"works flawlessly, for a charger",positive
"very smooth, for a laptop",positive
"reliable, it comes in two colors, for a laptop!!! sooo goooood",positive
"not really poor quality, for a backpack",negative
"terrible, for a laptop",negative
"check absolutely terrible, for a blender http://spam.link/945",negative
"excellent, annoying, it uses usb-c, for a blender",neutral
"barely five stars, it uses usb-c, for a phone",positive
"fantastic, hardly delighted, for a headphones",positive
"annoying, the model number is xj-220, for a charger",negative
"check absolutely love, it uses usb-c, for a blender http://spam.link/295",positive
"never slow, it weighs about 300 grams, for a backpack",negative
"@user123 said incredibly poor quality, never again, the box includes a cable, for a keyboard",negative
"never excellent, for a backpack",positive
"check totally wonderful, top quality, for a watch http://spam.link/152",positive
"useless, never poor quality, the manual has 12 pages, for a blender",negative
"<b>superb, stopped working, the box includes a cable, for a laptop</b> &amp; more",neutral
"never best purchase, amazing, for a backpack",positive
"@user123 said absolutely defective, incredibly crashed, for a keyboard",negative
"totally refund, regret buying, it launched last year, for a charger",negative
"incredibly great value, never works flawlessly, for a watch",positive
"wonderful, never again, the package arrived on tuesday, for a headphones",neutral
"slow, not crashed, the app connects over bluetooth, for a phone",negative
"hardly highly recommend, not perfect, it uses usb-c, for a headphones",positive
"not incredibly brilliant, for a backpack",positive
"barely incredibly amazing, brilliant, it weighs about 300 grams, for a keyboard",positive
"@user123 said reliable, for a keyboard",positive
"smooth, for a laptop",positive
"love, cheap plastic, the model number is xj-220, for a headphones",neutral
"@user123 said love, never outstanding, for a phone",positive
"broken, the package arrived on tuesday, for a headphones",negative
"<b>barely top quality, for a phone</b> &amp; more",positive
"@user123 said stopped working, incredibly waste of money, it weighs about 300 grams, for a charger",negative
"fantastic, slow, the package arrived on tuesday, for a headphones",neutral
"reliable, it weighs about 300 grams, for a charger",positive
"disappointing, not useless, for a blender",negative
"@user123 said hardly regret buying, for a charger",negative
"top quality, hardly brilliant, the box includes a cable, for a phone",positive
"<b>barely useless, for a charger</b> &amp; more",positive
"wonderful, stopped working, the manual has 12 pages, for a laptop",neutral
"never awful, poor quality, for a blender!!! sooo goooood",negative
"never absolutely five stars, hardly very delighted, the store had it in stock, for a laptop",positive
"great value, for a charger",positive
"totally waste of money, for a headphones",negative
"terrible, really awful, the store had it in stock, for a blender",negative
"absolutely stopped working, for a watch",negative
"@user123 said totally terrible, for a watch",negative
"best purchase, does not work, i bought this in march, for a blender",neutral
"incredibly fantastic, works flawlessly, for a keyboard",positive
"very cheap plastic, terrible, for a blender",negative
"never superb, hardly very great value, for a keyboard",positive
"never love, the store had it in stock, for a phone",positive
"incredibly slow, for a laptop",negative
"top quality, defective, the manual has 12 pages, for a watch",neutral
"check superb, very impressive, for a watch http://spam.link/966",positive
"awful, absolutely cheap plastic, for a laptop",negative
"impressive, for a headphones",positive
"not very exceeded expectations, for a phone",positive
"not really great value, the box includes a cable, for a watch",positive
"check regret buying, totally regret buying, for a keyboard http://spam.link/598",negative
"barely best purchase, it weighs about 300 grams, for a headphones",positive
"defective, the app connects over bluetooth, for a backpack",negative
"poor quality, not slow, for a laptop!!! sooo goooood",negative
"does not work, for a watch",negative
"totally fantastic, for a watch",positive
"five stars, slow, the package arrived on tuesday, for a headphones",neutral
"totally delighted, for a backpack",positive
"works flawlessly, for a charger",positive
"not very defective, regret buying, it weighs about 300 grams, for a charger!!! sooo goooood",negative
"barely awful, for a headphones",negative
"<b>amazing, terrible, the company is based in ohio, for a keyboard</b> &amp; more",neutral
"absolutely top quality, for a headphones",positive
"absolutely smooth, reliable, for a keyboard",positive
"totally highly recommend, for a watch!!! sooo goooood",positive
"terrible, barely regret buying, it comes in two colors, for a laptop",negative
"hardly really useless, very does not work, for a headphones",negative
"very reliable, for a charger",positive
"delighted, great value, it weighs about 300 grams, for a backpack",positive
"really regret buying, the box includes a cable, for a phone",negative
"<b>delighted, it weighs about 300 grams, for a laptop</b> &amp; more",positive
"@user123 said incredibly slow, for a blender",positive
"<b>fantastic, poor quality, the app connects over bluetooth, for a charger</b> &amp; more",neutral
"totally disappointing, barely stopped working, for a keyboard",negative
"not crashed, for a phone",negative
"@user123 said defective, absolutely hate, for a charger",negative
"best purchase, wonderful, for a laptop",positive
"highly recommend, for a headphones",positive
"hardly wonderful, for a blender",positive
"absolutely cheap plastic, does not work, the manual has 12 pages, for a watch!!! sooo goooood",negative
"works flawlessly, for a watch",positive
"never defective, for a charger",negative
"hardly crashed, hardly incredibly defective, for a watch",negative
"best purchase, not perfect, for a blender",positive
"barely top quality, absolutely highly recommend, for a charger",positive
"outstanding, waste of money, the company is based in ohio, for a watch",neutral
"check love, for a charger http://spam.link/837",positive
"not really impressive, for a headphones",positive
"not absolutely top quality, not great value, for a laptop",positive
"check worst experience, useless, the company is based in ohio, for a keyboard http://spam.link/313",negative
"@user123 said love, absolutely amazing, for a blender",positive
"best purchase, superb, for a charger",positive
"incredibly refund, never defective, for a headphones",positive
"annoying, incredibly annoying, for a backpack",negative
"outstanding, never again, it weighs about 300 grams, for a backpack",neutral
"exceeded expectations, waste of money, the model number is xj-220, for a watch",neutral
"barely superb, for a blender",positive
"@user123 said never totally best purchase, the box includes a cable, for a blender",positive
"reliable, never again, the company is based in ohio, for a charger",neutral
"hardly hate, for a charger",negative
"never works flawlessly, the model number is xj-220, for a keyboard",positive
"great value, annoying, the package arrived on tuesday, for a blender!!! sooo goooood",neutral
"reliable, poor quality, the box includes a cable, for a watch",neutral
"check one star, for a laptop http://spam.link/784",negative
"highly recommend, for a blender",positive
"barely does not work, for a headphones!!! sooo goooood",negative
"totally perfect, not superb, the company is based in ohio, for a watch",positive
"barely absolutely brilliant, for a watch",positive
"one star, does not work, for a phone",negative
"terrible, the app connects over bluetooth, for a charger",negative
"<b>works flawlessly, worst experience, it uses usb-c, for a headphones</b> &amp; more",neutral
"really stopped working, it launched last year, for a watch",negative
"worst experience, for a blender",negative
"very awful, never waste of money, the package arrived on tuesday, for a phone",negative
"fantastic, disappointing, the manual has 12 pages, for a laptop",neutral
"never amazing, it uses usb-c, for a blender",positive
"excellent, worst experience, the store had it in stock, for a blender",neutral
"never exceeded expectations, for a laptop",positive
"incredibly waste of money, for a blender",negative
"never highly recommend, for a blender",positive
"delighted, useless, the manual has 12 pages, for a blender",positive
"@user123 said highly recommend, never again, the package arrived on tuesday, for a headphones",neutral
"very never again, for a charger",negative
"@user123 said not great value, smooth, it weighs about 300 grams, for a backpack",positive
"@user123 said top quality, useless, the box includes a cable, for a phone",neutral
"barely excellent, for a headphones",positive
"not disappointing, incredibly poor quality, for a backpack",negative
"incredibly amazing, for a blender",positive
"great value, fantastic, for a keyboard",positive
"slow, for a laptop",negative
"great value, poor quality, the box includes a cable, for a phone",neutral
"smooth, awful, the company is based in ohio, for a headphones",neutral
"hate, barely hate, for a blender",neutral
"annoying, awful, for a headphones",negative
"never very waste of money, disappointing, for a phone",negative
"five stars, for a phone!!! sooo goooood",positive
"really five stars, outstanding, for a headphones",positive
"outstanding, worst experience, the store had it in stock, for a watch",neutral
"excellent, defective, the manual has 12 pages, for a phone",neutral
"check barely stopped working, never slow, for a charger http://spam.link/256",negative
"slow, for a blender",negative
"check reliable, crashed, it launched last year, for a backpack http://spam.link/205",neutral
"barely worst experience, for a backpack",negative
"excellent, the store had it in stock, for a charger",positive
"<b>hardly works flawlessly, amazing, for a watch</b> &amp; more",positive
"<b>hate, for a watch</b> &amp; more",negative
"<b>outstanding, five stars, for a backpack</b> &amp; more",positive
"refund, i bought this in march, for a phone",negative
"never totally broken, not never again, for a watch",negative
"<b>absolutely five stars, barely perfect, it launched last year, for a phone</b> &amp; more",positive
"poor quality, never again, for a blender",negative
"barely superb, barely perfect, for a laptop",positive
"highly recommend, broken, the app connects over bluetooth, for a headphones",neutral
"regret buying, barely annoying, the package arrived on tuesday, for a charger",negative
"stopped working, for a headphones",negative
"perfect, worst experience, it weighs about 300 grams, for a watch",neutral
"hardly delighted, it uses usb-c, for a headphones",positive
"fantastic, perfect, for a phone",positive
"not totally love, the model number is xj-220, for a keyboard!!! sooo goooood",positive
"reliable, for a charger",positive
"great value, regret buying, it launched last year, for a backpack",neutral
"never again, never very awful, for a charger",negative
"barely superb, the manual has 12 pages, for a watch",positive
"hardly waste of money, for a backpack",negative
"check excellent, for a laptop http://spam.link/537",positive
"barely awful, totally terrible, for a keyboard",negative
"smooth, for a blender",positive
"<b>hardly five stars, never works flawlessly, for a backpack</b> &amp; more",positive
"wonderful, waste of money, it uses usb-c, for a charger",neutral
"exceeded expectations, for a keyboard",positive
"totally awful, never again, for a headphones",negative
"check delighted, broken, it weighs about 300 grams, for a phone http://spam.link/609",neutral
"perfect, disappointing, it comes in two colors, for a keyboard",neutral
"impressive, cheap plastic, it launched last year, for a blender",neutral
"hate, terrible, for a phone",negative
"brilliant, annoying, the company is based in ohio, for a charger",neutral
"totally outstanding, for a headphones",positive
"perfect, terrible, the company is based in ohio, for a blender",neutral
"totally useless, for a blender",negative
"absolutely stopped working, the app connects over bluetooth, for a charger",negative
"not cheap plastic, awful, for a backpack",negative
"never regret buying, for a charger",negative
"very regret buying, really useless, it comes in two colors, for a keyboard",negative
"disappointing, barely defective, it comes in two colors, for a watch",negative
"check never awful, for a keyboard http://spam.link/749",negative
"impressive, never again, it weighs about 300 grams, for a charger",neutral
"hardly disappointing, for a headphones",negative
"works flawlessly, for a phone",positive
"<b>not really fantastic, never brilliant, for a keyboard</b> &amp; more",positive
"never top quality, for a charger",positive
"exceeded expectations, never again, it weighs about 300 grams, for a watch",neutral
"annoying, for a watch!!! sooo goooood",negative
"totally does not work, the box includes a cable, for a headphones",negative
"outstanding, barely excellent, for a phone",positive
"<b>incredibly five stars, works flawlessly, for a charger</b> &amp; more",positive
"smooth, the package arrived on tuesday, for a charger",positive
"barely useless, very waste of money, for a headphones",negative
"exceeded expectations, crashed, the package arrived on tuesday, for a watch",neutral
"<b>amazing, for a headphones</b> &amp; more",positive
"hardly great value, for a headphones",positive
"love, awful, the package arrived on tuesday, for a keyboard",neutral
"<b>annoying, the app connects over bluetooth, for a backpack</b> &amp; more",negative
"outstanding, it comes in two colors, for a phone",positive
"very five stars, very works flawlessly, for a headphones",positive
"worst experience, poor quality, for a headphones",negative
"highly recommend, awful, it weighs about 300 grams, for a blender",neutral
"check incredibly broken, for a backpack http://spam.link/239",negative
"incredibly refund, terrible, for a blender",negative
"barely broken, for a backpack",negative
"wonderful, reliable, for a headphones",positive
"perfect, hate, it launched last year, for a headphones",neutral
"not broken, for a backpack",negative
"check annoying, it weighs about 300 grams, for a phone http://spam.link/965",negative
"totally highly recommend, barely incredibly brilliant, for a keyboard",positive
"highly recommend, worst experience, i bought this in march, for a charger",neutral
"amazing, for a watch",positive
"@user123 said great value, for a headphones",positive
"never hate, for a laptop",positive
"<b>poor quality, for a laptop</b> &amp; more",negative
"top quality, for a charger",positive
"terrible, awful, for a keyboard",negative
"exceeded expectations, worst experience, i bought this in march, for a keyboard",neutral
"barely exceeded expectations, highly recommend, for a headphones",positive
"highly recommend, cheap plastic, the manual has 12 pages, for a headphones",neutral
"absolutely reliable, delighted, for a laptop!!! sooo goooood",positive
"barely absolutely delighted, hardly best purchase, the store had it in stock, for a watch",positive
"<b>hardly exceeded expectations, the company is based in ohio, for a charger</b> &amp; more",positive
"not regret buying, never never again, for a headphones",negative
"brilliant, for a backpack",neutral
"totally perfect, top quality, for a charger",positive
"<b>impressive, disappointing, the app connects over bluetooth, for a keyboard</b> &amp; more",negative
"not exceeded expectations, for a phone",positive
"reliable, annoying, it uses usb-c, for a watch",neutral
"<b>very waste of money, barely cheap plastic, for a headphones</b> &amp; more",negative
"not best purchase, not smooth, for a watch",positive
"waste of money, not incredibly useless, for a blender!!! sooo goooood",negative
"excellent, does not work, the manual has 12 pages, for a charger",neutral
"top quality, for a laptop",positive
"never again, for a phone",negative
"superb, does not work, it uses usb-c, for a phone",neutral
"barely very waste of money, never again, it comes in two colors, for a watch",negative
"not really highly recommend, for a backpack",positive
"not best purchase, for a blender",negative
"terrible, for a blender!!! sooo goooood",negative
"totally one star, worst experience, the box includes a cable, for a backpack",negative
"@user123 said delighted, the package arrived on tuesday, for a backpack",positive
"check absolutely love, delighted, the manual has 12 pages, for a headphones http://spam.link/671",positive
"impressive, for a phone!!! sooo goooood",positive
"hardly annoying, for a charger!!! sooo goooood",negative
"amazing, for a charger",positive
"useless, awful, it uses usb-c, for a charger",negative
"outstanding, for a blender",positive
"very reliable, never superb, for a laptop",positive
"<b>never waste of money, stopped working, the company is based in ohio, for a headphones</b> &amp; more",negative
"amazing, stopped working, the package arrived on tuesday, for a phone",neutral
"outstanding, for a keyboard",positive
"incredibly amazing, the model number is xj-220, for a laptop!!! sooo goooood",positive
"@user123 said excellent, defective, the box includes a cable, for a keyboard",neutral
"wonderful, amazing, the app connects over bluetooth, for a phone",positive
"works flawlessly, the store had it in stock, for a blender",positive
"very crashed, barely one star, for a blender",negative
"reliable, barely absolutely works flawlessly, for a backpack",positive
"impressive, disappointing, it launched last year, for a keyboard",neutral
"barely five stars, perfect, the company is based in ohio, for a watch",positive
"does not work, barely broken, for a laptop",negative
"not awful, refund, i bought this in march, for a blender",negative
"brilliant, waste of money, the app connects over bluetooth, for a laptop",neutral
"barely totally delighted, hardly delighted, for a watch",positive
"slow, for a phone",negative
"totally impressive, incredibly exceeded expectations, for a charger",positive
"top quality, useless, it launched last year, for a blender!!! sooo goooood",neutral
"great value, hardly delighted, the model number is xj-220, for a blender",positive
"smooth, fantastic, for a phone",positive
"worst experience, hate, for a laptop!!! sooo goooood",negative
"never again, totally waste of money, for a backpack",negative
"@user123 said fantastic, regret buying, it comes in two colors, for a charger",neutral
"superb, waste of money, it comes in two colors, for a headphones",neutral
"great value, never five stars, for a backpack",neutral
"barely really impressive, for a charger",positive
"highly recommend, poor quality, the manual has 12 pages, for a blender",neutral
"highly recommend, the app connects over bluetooth, for a phone",positive
"highly recommend, impressive, for a charger",positive
"five stars, annoying, the manual has 12 pages, for a watch",neutral
"not totally delighted, five stars, for a laptop",positive
"reliable, broken, it weighs about 300 grams, for a blender",neutral
"check hate, regret buying, for a phone http://spam.link/193",negative
"poor quality, for a keyboard",negative
"check hardly superb, for a phone http://spam.link/972",positive
"@user123 said waste of money, worst experience, for a headphones",negative
"check fantastic, poor quality, the app connects over bluetooth, for a headphones http://spam.link/756",neutral
"superb, the model number is xj-220, for a headphones",positive
"<b>awful, for a watch</b> &amp; more",negative
"barely perfect, amazing, for a watch",positive
"smooth, for a blender",positive
"check barely amazing, impressive, for a keyboard http://spam.link/140",positive
"hardly cheap plastic, never totally refund, for a watch",negative
"amazing, for a watch!!! sooo goooood",positive
"@user123 said wonderful, top quality, for a blender",positive
"very fantastic, superb, the model number is xj-220, for a phone",positive
"outstanding, useless, it launched last year, for a charger",neutral
"hardly love, love, for a phone",positive
"hardly absolutely awful, worst experience, for a laptop",negative
"never really top quality, for a headphones!!! sooo goooood",positive
"stopped working, disappointing, for a blender",negative
"reliable, hardly smooth, for a headphones",positive
"incredibly five stars, barely smooth, for a watch!!! sooo goooood",positive
"best purchase, one star, the package arrived on tuesday, for a blender",neutral
"works flawlessly, for a headphones",positive
"annoying, incredibly worst experience, the model number is xj-220, for a laptop!!! sooo goooood",negative
"very disappointing, hardly crashed, for a blender",negative
"<b>absolutely stopped working, for a backpack</b> &amp; more",negative
"perfect, waste of money, it launched last year, for a keyboard",neutral
"not fantastic, totally works flawlessly, for a backpack",positive
"impressive, slow, i bought this in march, for a laptop",negative
"defective, for a blender",negative
"five stars, it launched last year, for a headphones",positive
"fantastic, hardly very five stars, the package arrived on tuesday, for a phone",positive
"hardly incredibly annoying, disappointing, for a headphones",negative
"not regret buying, not refund, for a blender",negative
"not incredibly excellent, great value, for a backpack",positive
"totally annoying, not slow, for a watch",negative
"excellent, cheap plastic, the store had it in stock, for a laptop",neutral
"wonderful, the package arrived on tuesday, for a backpack",positive
"totally works flawlessly, really impressive, for a backpack",positive
"hardly love, the app connects over bluetooth, for a keyboard!!! sooo goooood",positive
"<b>great value, useless, it uses usb-c, for a charger</b> &amp; more",neutral
"wonderful, regret buying, the box includes a cable, for a keyboard",neutral
"not really regret buying, barely useless, for a charger",negative
"useless, hate, the manual has 12 pages, for a backpack",negative
"really cheap plastic, the model number is xj-220, for a headphones",negative
"cheap plastic, for a blender",negative
"not broken, never refund, for a charger!!! sooo goooood",negative
"not really hate, hate, for a phone",negative
"stopped working, hardly really stopped working, it comes in two colors, for a keyboard",negative
"top quality, not very highly recommend, for a watch",positive
"waste of money, hardly never again, it launched last year, for a backpack",negative
"hardly really five stars, very five stars, it comes in two colors, for a blender",positive
"never does not work, really slow, for a keyboard",negative
"<b>not very smooth, for a blender</b> &amp; more",positive
"stopped working, one star, it uses usb-c, for a keyboard",negative
"check reliable, outstanding, for a watch http://spam.link/118",positive
"@user123 said wonderful, barely perfect, it comes in two colors, for a charger",positive
"@user123 said hardly best purchase, brilliant, for a backpack",positive
"defective, for a backpack",negative
"five stars, hate, it uses usb-c, for a headphones",neutral
"@user123 said hardly very best purchase, the manual has 12 pages, for a headphones",positive
"@user123 said delighted, for a laptop",positive
"excellent, impressive, the package arrived on tuesday, for a keyboard",positive
"five stars, terrible, it weighs about 300 grams, for a headphones",neutral
"incredibly delighted, for a charger",positive
"@user123 said smooth, cheap plastic, the model number is xj-220, for a headphones",neutral
"never totally does not work, it launched last year, for a phone",negative
"check outstanding, slow, it weighs about 300 grams, for a phone http://spam.link/643",neutral
"totally highly recommend, outstanding, it uses usb-c, for a phone",positive
"never again, for a charger",negative
"<b>best purchase, absolutely amazing, for a laptop</b> &amp; more",positive
"superb, very fantastic, for a watch",positive
"outstanding, barely exceeded expectations, for a charger",positive
"very works flawlessly, delighted, for a blender",positive
"really defective, for a blender",negative
"check smooth, not best purchase, for a charger http://spam.link/807",positive
"poor quality, never again, i bought this in march, for a charger",negative
"really wonderful, for a blender!!! sooo goooood",positive
"slow, for a headphones",negative
"reliable, one star, it comes in two colors, for a watch",neutral
"never slow, it weighs about 300 grams, for a watch",negative
"not great value, hardly great value, the model number is xj-220, for a backpack",positive
"works flawlessly, one star, i bought this in march, for a backpack",neutral
"hardly totally outstanding, fantastic, the company is based in ohio, for a backpack!!! sooo goooood",positive
"<b>really poor quality, worst experience, for a headphones</b> &amp; more",negative
"incredibly fantastic, absolutely fantastic, for a charger",positive
"wonderful, i bought this in march, for a charger",positive
"delighted, the box includes a cable, for a keyboard",positive
"@user123 said barely exceeded expectations, the app connects over bluetooth, for a keyboard",positive
"amazing, hardly reliable, for a phone",positive
"waste of money, for a blender",negative
"absolutely hate, for a laptop",negative
"not incredibly reliable, for a phone",positive
"excellent, does not work, the manual has 12 pages, for a phone",neutral
"not smooth, delighted, for a watch",positive
"highly recommend, incredibly amazing, for a keyboard",positive
"check smooth, for a keyboard http://spam.link/884",positive
"@user123 said never very worst experience, the company is based in ohio, for a blender",negative
"one star, incredibly regret buying, for a watch",neutral
"perfect, i bought this in march, for a laptop",positive
"smooth, regret buying, it launched last year, for a headphones",neutral
"slow, the manual has 12 pages, for a charger",negative
"barely love, for a charger",positive
"never very waste of money, broken, for a laptop",negative
"incredibly works flawlessly, not incredibly perfect, it uses usb-c, for a watch",positive
"love, never great value, the app connects over bluetooth, for a headphones",positive
"works flawlessly, not totally five stars, for a watch!!! sooo goooood",positive
"smooth, for a laptop",positive
"not very does not work, very never again, it launched last year, for a watch",negative
"@user123 said totally fantastic, perfect, the box includes a cable, for a watch",positive
"check incredibly broken, very one star, for a headphones http://spam.link/702",negative
"very never again, the store had it in stock, for a backpack",negative
"refund, it launched last year, for a watch",negative
"<b>not broken, totally one star, for a watch</b> &amp; more",negative
"wonderful, refund, the company is based in ohio, for a headphones",neutral
"annoying, terrible, the box includes a cable, for a backpack",negative
"never does not work, for a keyboard",negative
"<b>hardly impressive, for a phone</b> &amp; more",positive
"incredibly defective, very regret buying, for a blender",negative
"does not work, for a watch",negative
"best purchase, it weighs about 300 grams, for a laptop",positive
"wonderful, outstanding, for a charger",positive
"check wonderful, the model number is xj-220, for a phone http://spam.link/753",positive
"worst experience, broken, the box includes a cable, for a watch",negative
"never wonderful, never works flawlessly, for a headphones",positive
"<b>highly recommend, poor quality, it uses usb-c, for a watch</b> &amp; more",neutral
"wonderful, useless, the app connects over bluetooth, for a phone",neutral
"impressive, poor quality, it comes in two colors, for a backpack",neutral
"incredibly perfect, it launched last year, for a blender",positive
"perfect, totally five stars, i bought this in march, for a charger",positive
"barely defective, it launched last year, for a keyboard",negative
"check totally delighted, it weighs about 300 grams, for a laptop http://spam.link/862",positive
"brilliant, impressive, for a headphones",positive
"incredibly poor quality, for a phone",neutral
"check never outstanding, for a phone http://spam.link/246",positive
"cheap plastic, for a charger",negative
"check wonderful, hate, it uses usb-c, for a phone http://spam.link/197",positive
"amazing, five stars, for a laptop",positive
"great value, hardly superb, the store had it in stock, for a backpack",positive
"@user123 said hardly slow, barely very slow, the manual has 12 pages, for a laptop",negative
"disappointing, for a watch",negative
"refund, totally waste of money, for a laptop",negative
"regret buying, for a keyboard",negative
"exceeded expectations, broken, i bought this in march, for a keyboard",neutral
"<b>smooth, it launched last year, for a phone</b> &amp; more",positive
"smooth, amazing, for a keyboard",positive
"crashed, for a charger",negative
"disappointing, broken, for a backpack",negative
"not defective, useless, for a backpack",negative
"outstanding, poor quality, the model number is xj-220, for a charger",neutral
"@user123 said very poor quality, absolutely refund, the package arrived on tuesday, for a blender",negative
"hardly absolutely five stars, for a charger",positive
"really wonderful, for a headphones",negative
"outstanding, for a headphones!!! sooo goooood",positive
"incredibly perfect, for a blender",positive
"amazing, impressive, the model number is xj-220, for a headphones",positive
"disappointing, for a watch",negative
"@user123 said not terrible, for a keyboard",negative
"love, hate, the store had it in stock, for a backpack",neutral
"exceeded expectations, for a headphones",positive
"@user123 said great value, barely really amazing, for a keyboard",positive
"superb, superb, for a headphones",positive
"barely five stars, it launched last year, for a watch",positive
"not very smooth, superb, it uses usb-c, for a headphones",positive
"@user123 said slow, for a keyboard",negative
"<b>defective, for a headphones</b> &amp; more",negative
"excellent, for a watch",positive
"hardly five stars, impressive, the model number is xj-220, for a backpack",positive
"@user123 said not incredibly stopped working, for a watch",negative
"incredibly terrible, for a charger",negative
"refund, it comes in two colors, for a laptop",negative
"barely one star, i bought this in march, for a watch",negative
"not refund, for a laptop",negative
"@user123 said excellent, the store had it in stock, for a headphones",positive
"check works flawlessly, best purchase, for a backpack http://spam.link/513",positive
"hardly very great value, very superb, for a headphones",positive
"<b>not totally awful, incredibly stopped working, for a watch</b> &amp; more",negative
"exceeded expectations, for a charger",positive
"love, for a keyboard",positive
"hardly worst experience, does not work, for a phone!!! sooo goooood",negative
"outstanding, hardly perfect, it comes in two colors, for a blender",positive
"delighted, regret buying, it uses usb-c, for a laptop!!! sooo goooood",neutral
"outstanding, poor quality, the model number is xj-220, for a laptop",neutral
"@user123 said reliable, hardly totally wonderful, it comes in two colors, for a phone",positive
"reliable, disappointing, i bought this in march, for a backpack",neutral
"poor quality, refund, the manual has 12 pages, for a backpack",negative
"barely really highly recommend, incredibly smooth, for a blender",positive
"totally brilliant, excellent, for a phone",positive
"hardly very impressive, it launched last year, for a headphones",negative
"love, does not work, it weighs about 300 grams, for a keyboard",neutral
"@user123 said not incredibly superb, for a backpack",positive
"exceeded expectations, disappointing, the package arrived on tuesday, for a laptop",neutral
"brilliant, defective, the package arrived on tuesday, for a keyboard",neutral
"perfect, awful, it comes in two colors, for a charger!!! sooo goooood",neutral
"<b>terrible, for a watch</b> &amp; more",negative
"<b>works flawlessly, it launched last year, for a charger</b> &amp; more",positive
"@user123 said totally outstanding, for a watch",positive
"barely very excellent, for a phone",positive
"does not work, regret buying, for a headphones",negative
"wonderful, it comes in two colors, for a phone",positive
"reliable, regret buying, it comes in two colors, for a charger",neutral
"check waste of money, for a blender http://spam.link/199",negative
"hardly works flawlessly, superb, it weighs about 300 grams, for a backpack",positive
"barely totally stopped working, for a headphones",negative
"@user123 said stopped working, for a charger",negative
"highly recommend, never again, it launched last year, for a watch",neutral
"very exceeded expectations, for a blender",positive
"works flawlessly, the company is based in ohio, for a phone",positive
"check incredibly love, for a watch http://spam.link/639",positive
"delighted, hardly love, for a phone",positive
"barely brilliant, absolutely outstanding, for a keyboard",positive
"@user123 said useless, for a backpack",negative
"never totally works flawlessly, delighted, for a charger",positive
"barely very cheap plastic, for a laptop",negative
"check really brilliant, for a backpack http://spam.link/149",positive
"amazing, stopped working, the package arrived on tuesday, for a charger",neutral
"not brilliant, for a laptop",positive
"highly recommend, for a watch",positive
"great value, never again, it uses usb-c, for a watch",neutral
"stopped working, never very terrible, for a blender",negative
"works flawlessly, it launched last year, for a keyboard",positive
"very one star, for a blender",negative
"regret buying, i bought this in march, for a backpack",negative
"never wonderful, not great value, for a blender",positive
"wonderful, very wonderful, for a watch",positive
"not broken, really broken, for a watch",positive
"excellent, for a phone",positive
"superb, broken, the store had it in stock, for a backpack!!! sooo goooood",neutral
"excellent, not absolutely highly recommend, for a laptop",positive
"reliable, for a phone",positive
"not hate, for a watch!!! sooo goooood",negative
"barely very exceeded expectations, great value, the box includes a cable, for a charger",neutral
"hardly worst experience, for a phone",negative
"never again, the store had it in stock, for a laptop",negative
"never great value, for a laptop",positive
"absolutely brilliant, top quality, for a keyboard!!! sooo goooood",positive
"annoying, for a headphones",negative
"best purchase, slow, the company is based in ohio, for a blender",neutral
"exceeded expectations, impressive, the box includes a cable, for a headphones",positive
"best purchase, works flawlessly, the model number is xj-220, for a phone",positive
"absolutely one star, the package arrived on tuesday, for a charger",negative
"poor quality, for a phone!!! sooo goooood",negative
"check really hate, absolutely worst experience, for a headphones http://spam.link/930",negative
"check barely poor quality, not poor quality, for a blender http://spam.link/196",negative
"check brilliant, for a backpack http://spam.link/986",positive
"worst experience, barely incredibly defective, for a watch",negative
"delighted, one star, the store had it in stock, for a backpack",neutral
"works flawlessly, waste of money, the store had it in stock, for a watch!!! sooo goooood",neutral
"superb, highly recommend, for a keyboard",positive
"barely totally annoying, for a blender",negative
"<b>excellent, for a laptop</b> &amp; more",positive
"<b>amazing, cheap plastic, the model number is xj-220, for a laptop</b> &amp; more",neutral
"<b>smooth, terrible, the app connects over bluetooth, for a blender</b> &amp; more",neutral
"disappointing, not poor quality, for a backpack",negative
"barely delighted, i bought this in march, for a charger",positive
"great value, useless, it launched last year, for a laptop",positive
"not top quality, incredibly highly recommend, the company is based in ohio, for a blender",positive
"terrible, it launched last year, for a watch",negative
"cheap plastic, hate, the company is based in ohio, for a headphones",negative
"barely fantastic, the package arrived on tuesday, for a watch",positive
"reliable, barely absolutely excellent, for a blender",positive
"hardly absolutely works flawlessly, the box includes a cable, for a headphones",positive
"very perfect, outstanding, for a watch",positive
"five stars, cheap plastic, the box includes a cable, for a blender",neutral
"never reliable, barely absolutely superb, for a blender",positive
"impressive, not works flawlessly, for a blender",positive
"exceeded expectations, love, for a laptop",positive
"@user123 said absolutely regret buying, very defective, for a blender",negative
"amazing, broken, the app connects over bluetooth, for a charger",negative
"@user123 said impressive, poor quality, it comes in two colors, for a blender",neutral
"one star, it launched last year, for a charger",negative
"never again, never does not work, for a charger",negative
"not stopped working, slow, for a phone",negative
"never incredibly broken, incredibly worst experience, for a phone",negative
"very worst experience, the package arrived on tuesday, for a backpack!!! sooo goooood",negative
"works flawlessly, refund, it weighs about 300 grams, for a headphones",neutral
"<b>smooth, annoying, i bought this in march, for a watch</b> &amp; more",neutral
"@user123 said terrible, the manual has 12 pages, for a blender",negative
"<b>really does not work, awful, for a blender</b> &amp; more",negative
"broken, for a laptop",negative
"really brilliant, for a watch",positive
"<b>really delighted, for a keyboard</b> &amp; more",negative
"<b>poor quality, regret buying, for a blender</b> &amp; more",negative
"absolutely top quality, it uses usb-c, for a blender",positive
"<b>love, outstanding, the model number is xj-220, for a laptop</b> &amp; more",positive
"@user123 said barely crashed, it comes in two colors, for a blender",negative
"smooth, for a headphones",positive
"awful, never cheap plastic, for a phone",negative
"<b>crashed, hardly absolutely one star, it weighs about 300 grams, for a charger</b> &amp; more",negative
"@user123 said never crashed, for a phone",negative
"fantastic, crashed, the box includes a cable, for a headphones",neutral
"@user123 said best purchase, annoying, the manual has 12 pages, for a blender",neutral
"delighted, exceeded expectations, for a charger!!! sooo goooood",positive
"very worst experience, never cheap plastic, the company is based in ohio, for a laptop",negative
"@user123 said very delighted, for a charger",positive
"@user123 said poor quality, absolutely broken, for a keyboard",negative
"works flawlessly, slow, it comes in two colors, for a headphones",neutral
"excellent, waste of money, the package arrived on tuesday, for a laptop",neutral
"totally worst experience, cheap plastic, for a headphones",negative
"check defective, for a headphones http://spam.link/802",negative
"best purchase, crashed, i bought this in march, for a keyboard",neutral
"top quality, terrible, i bought this in march, for a watch",neutral
"@user123 said not perfect, best purchase, i bought this in march, for a watch",positive
"never incredibly perfect, for a headphones",positive
"exceeded expectations, for a phone!!! sooo goooood",positive
"fantastic, useless, i bought this in march, for a backpack",neutral
"absolutely smooth, very brilliant, for a phone!!! sooo goooood",positive
"totally love, never perfect, the store had it in stock, for a laptop",positive
"wonderful, very brilliant, for a laptop",positive
"@user123 said reliable, for a blender",positive
"@user123 said never five stars, for a keyboard",positive
"outstanding, never impressive, for a backpack",positive
"never incredibly one star, for a watch",negative
"never excellent, i bought this in march, for a keyboard",positive
"<b>hardly totally superb, for a laptop</b> &amp; more",positive
"totally never again, hardly stopped working, for a blender",negative
"impressive, not superb, for a keyboard",positive
"very crashed, for a headphones!!! sooo goooood",negative
"smooth, crashed, it uses usb-c, for a keyboard!!! sooo goooood",neutral
"worst experience, not absolutely crashed, for a laptop",negative
"cheap plastic, never again, for a laptop",negative
"highly recommend, for a headphones",positive
"@user123 said great value, for a blender",positive
"brilliant, broken, the store had it in stock, for a charger",neutral
"stopped working, for a blender",negative
"<b>not hate, for a headphones</b> &amp; more",negative
"hardly absolutely poor quality, the company is based in ohio, for a backpack",negative
"check not really fantastic, for a charger http://spam.link/345",negative
"impressive, never again, i bought this in march, for a laptop",neutral
"check hardly impressive, wonderful, for a watch http://spam.link/474",positive
"@user123 said one star, hardly regret buying, for a keyboard",negative
"check hardly smooth, barely absolutely smooth, for a blender http://spam.link/370",positive
"@user123 said barely stopped working, the manual has 12 pages, for a backpack",negative
"<b>never really excellent, the company is based in ohio, for a watch</b> &amp; more",positive
"excellent, never again, the box includes a cable, for a phone",neutral
"perfect, waste of money, the app connects over bluetooth, for a charger",neutral
"absolutely waste of money, the model number is xj-220, for a backpack",negative
"<b>highly recommend, barely amazing, for a keyboard</b> &amp; more",positive
"useless, hate, i bought this in march, for a backpack",negative
"@user123 said absolutely does not work, the package arrived on tuesday, for a phone",negative
"not great value, for a laptop",positive
"@user123 said hardly useless, for a headphones",negative
"never smooth, wonderful, for a charger",positive
"@user123 said terrible, for a laptop",negative
"barely best purchase, for a keyboard",positive
"check fantastic, poor quality, it launched last year, for a laptop http://spam.link/316",neutral
"superb, for a phone",positive
"check excellent, defective, the manual has 12 pages, for a headphones http://spam.link/648",neutral
"very waste of money, the model number is xj-220, for a phone",negative
"stopped working, one star, for a laptop",negative
"<b>reliable, hate, the store had it in stock, for a laptop</b> &amp; more",neutral
"<b>exceeded expectations, does not work, the company is based in ohio, for a watch</b> &amp; more",neutral
"check slow, never incredibly never again, for a watch http://spam.link/598",negative
"highly recommend, never again, the package arrived on tuesday, for a phone",neutral
"<b>absolutely best purchase, for a backpack</b> &amp; more",positive
"works flawlessly, stopped working, the package arrived on tuesday, for a blender!!! sooo goooood",neutral
"@user123 said stopped working, never regret buying, the box includes a cable, for a keyboard",negative
"incredibly amazing, never exceeded expectations, for a keyboard",positive
"<b>awful, not does not work, for a watch</b> &amp; more",negative
"never incredibly highly recommend, incredibly best purchase, for a phone",positive
"really five stars, great value, the company is based in ohio, for a headphones",positive
"top quality, brilliant, the manual has 12 pages, for a watch",positive
"@user123 said five stars, it launched last year, for a laptop",positive
"works flawlessly, for a phone!!! sooo goooood",positive
"brilliant, never again, the model number is xj-220, for a headphones",neutral
"not five stars, not very impressive, for a phone",positive
"check not absolutely wonderful, for a headphones http://spam.link/231",positive
"incredibly outstanding, for a phone",positive
"highly recommend, for a blender",positive
"great value, waste of money, the box includes a cable, for a headphones",neutral
"never defective, for a backpack",negative
"perfect, superb, for a watch",positive
"@user123 said impressive, one star, the company is based in ohio, for a laptop",negative
"outstanding, incredibly best purchase, the company is based in ohio, for a headphones",positive
"exceeded expectations, one star, i bought this in march, for a headphones",neutral
"best purchase, crashed, it launched last year, for a watch",neutral
"really highly recommend, hardly brilliant, it launched last year, for a phone",positive
"@user123 said outstanding, brilliant, for a laptop",positive
"<b>never perfect, barely really five stars, for a charger</b> &amp; more",positive
"totally superb, perfect, for a blender",positive
"five stars, for a laptop",positive
"love, for a watch",positive
"<b>love, stopped working, it weighs about 300 grams, for a laptop</b> &amp; more",neutral
"waste of money, hardly defective, the box includes a cable, for a watch",negative
"absolutely five stars, barely best purchase, for a blender",positive
"incredibly hate, for a phone",negative
"not brilliant, for a watch",positive
"@user123 said exceeded expectations, refund, the box includes a cable, for a charger",neutral
"<b>totally works flawlessly, great value, it uses usb-c, for a watch</b> &amp; more",positive
"very wonderful, the model number is xj-220, for a phone",positive
"fantastic, for a watch",positive
"works flawlessly, stopped working, it uses usb-c, for a laptop",neutral
"perfect, for a charger",positive
"highly recommend, broken, the package arrived on tuesday, for a backpack",neutral
"smooth, it launched last year, for a blender",positive
"highly recommend, for a laptop",positive
"excellent, annoying, i bought this in march, for a blender",neutral
"reliable, broken, the box includes a cable, for a headphones",neutral
"delighted, stopped working, it comes in two colors, for a keyboard",neutral
"impressive, regret buying, the app connects over bluetooth, for a headphones",neutral
"totally annoying, for a watch",negative
"one star, not stopped working, for a keyboard",negative
"check outstanding, never again, the store had it in stock, for a charger http://spam.link/767",neutral
"exceeded expectations, for a backpack",positive
"not great value, for a backpack",positive
"check never exceeded expectations, for a headphones http://spam.link/554",positive
"works flawlessly, works flawlessly, for a charger",positive
"<b>slow, the manual has 12 pages, for a keyboard</b> &amp; more",negative
"never disappointing, not terrible, for a laptop",negative
"never exceeded expectations, never really best purchase, for a backpack!!! sooo goooood",positive
"@user123 said barely top quality, barely absolutely works flawlessly, it comes in two colors, for a laptop",positive
"@user123 said brilliant, for a charger",positive
"excellent, for a phone",positive
"check never fantastic, for a blender http://spam.link/592",positive
"hardly brilliant, for a keyboard",positive
"perfect, broken, the store had it in stock, for a laptop",neutral
"love, waste of money, it uses usb-c, for a blender",neutral
"totally reliable, the app connects over bluetooth, for a keyboard!!! sooo goooood",positive
"outstanding, broken, the box includes a cable, for a laptop",neutral
"really impressive, outstanding, it weighs about 300 grams, for a backpack!!! sooo goooood",positive
"<b>amazing, love, i bought this in march, for a blender</b> &amp; more",positive
"<b>barely absolutely stopped working, for a phone</b> &amp; more",negative
"impressive, for a blender",positive
"barely defective, for a phone",negative
"wonderful, poor quality, the package arrived on tuesday, for a headphones",neutral
"superb, for a phone",positive
"reliable, never again, it weighs about 300 grams, for a charger",neutral
"very waste of money, never absolutely refund, for a blender",negative
"@user123 said never brilliant, i bought this in march, for a headphones",positive
"fantastic, awful, the manual has 12 pages, for a keyboard!!! sooo goooood",neutral
"worst experience, for a headphones",negative
"useless, for a watch",negative
"hardly absolutely refund, hardly very refund, it weighs about 300 grams, for a backpack",negative
"totally best purchase, hardly outstanding, for a blender",positive
"five stars, totally wonderful, it weighs about 300 grams, for a charger",positive
"check annoying, barely poor quality, for a watch http://spam.link/188",negative
"smooth, annoying, the box includes a cable, for a backpack",neutral
"@user123 said wonderful, waste of money, the model number is xj-220, for a charger",neutral
"exceeded expectations, for a phone",positive
"not best purchase, best purchase, for a headphones",positive
"slow, annoying, for a charger",negative
"hardly very superb, love, for a blender",positive
"amazing, waste of money, it launched last year, for a keyboard",neutral
"reliable, one star, the box includes a cable, for a headphones",neutral
"annoying, for a backpack",negative
"stopped working, for a watch",negative
"really crashed, for a laptop",negative
"cheap plastic, really hate, for a phone",negative
"totally regret buying, for a blender",negative
"check perfect, refund, the package arrived on tuesday, for a blender http://spam.link/977",neutral
"<b>reliable, does not work, it uses usb-c, for a backpack</b> &amp; more",neutral
"<b>very great value, for a backpack</b> &amp; more",positive
"@user123 said hardly superb, five stars, for a watch",positive
"refund, for a watch!!! sooo goooood",negative
"@user123 said fantastic, slow, it weighs about 300 grams, for a backpack",neutral
"really awful, hardly very waste of money, for a phone",negative
"best purchase, crashed, the store had it in stock, for a laptop!!! sooo goooood",neutral
"not annoying, for a laptop",negative
"hardly totally wonderful, for a backpack",positive
"hate, totally hate, for a keyboard",negative
"<b>waste of money, for a backpack</b> &amp; more",negative
"@user123 said slow, barely cheap plastic, the store had it in stock, for a backpack",negative
"reliable, totally wonderful, for a charger",positive
"highly recommend, for a headphones",positive
"very wonderful, incredibly perfect, for a blender!!! sooo goooood",positive
"check hardly slow, does not work, the store had it in stock, for a blender http://spam.link/112",negative
"@user123 said perfect, for a watch",positive
"works flawlessly, never again, the manual has 12 pages, for a headphones",neutral
"not worst experience, incredibly defective, for a keyboard",negative
"totally great value, hardly very five stars, it comes in two colors, for a phone",positive
"check barely fantastic, barely exceeded expectations, for a backpack http://spam.link/162",positive
"not outstanding, for a headphones",positive
"annoying, waste of money, for a phone!!! sooo goooood",negative
"<b>delighted, does not work, it weighs about 300 grams, for a charger</b> &amp; more",neutral
"perfect, waste of money, the model number is xj-220, for a keyboard",neutral
"top quality, for a phone",positive
"never works flawlessly, for a backpack",positive
"top quality, defective, it weighs about 300 grams, for a keyboard",neutral
"totally best purchase, delighted, for a phone",positive
"five stars, does not work, i bought this in march, for a blender",neutral
"<b>fantastic, five stars, for a watch</b> &amp; more",positive
"very cheap plastic, stopped working, for a blender",positive
"check exceeded expectations, does not work, it weighs about 300 grams, for a headphones http://spam.link/801",neutral
"<b>never broken, for a laptop</b> &amp; more",negative
"really impressive, for a headphones",positive
"<b>absolutely annoying, totally one star, for a laptop</b> &amp; more",negative
"barely perfect, impressive, for a backpack",positive
"brilliant, reliable, for a keyboard",positive
"fantastic, refund, i bought this in march, for a backpack",neutral
"<b>superb, the store had it in stock, for a laptop</b> &amp; more",positive
"@user123 said not totally exceeded expectations, highly recommend, for a phone",positive
"regret buying, absolutely annoying, it uses usb-c, for a backpack",negative
"barely top quality, for a headphones",positive
"incredibly perfect, reliable, i bought this in march, for a blender",positive
"never slow, barely absolutely cheap plastic, the package arrived on tuesday, for a charger",negative
"superb, annoying, it launched last year, for a headphones",neutral
"fantastic, never incredibly impressive, for a keyboard!!! sooo goooood",positive
"exceeded expectations, wonderful, for a laptop",positive
"smooth, cheap plastic, the package arrived on tuesday, for a headphones",neutral
"totally reliable, not reliable, for a headphones",positive
"works flawlessly, broken, it launched last year, for a blender",neutral
"poor quality, hardly waste of money, for a keyboard",negative
"annoying, waste of money, for a backpack",negative
"brilliant, stopped working, it uses usb-c, for a charger",neutral
"top quality, never reliable, for a backpack",positive
"never defective, for a watch",negative
"really love, for a watch",positive
"barely one star, for a charger",negative
"check absolutely never again, not poor quality, for a keyboard http://spam.link/743",negative
"not smooth, smooth, for a backpack",positive
"check incredibly never again, for a keyboard http://spam.link/654",negative
"never superb, not reliable, for a backpack",positive
"exceeded expectations, the company is based in ohio, for a keyboard",positive
"incredibly great value, hardly really best purchase, for a charger",positive
"totally exceeded expectations, hardly excellent, for a laptop",positive
"reliable, worst experience, the box includes a cable, for a watch",neutral
"hate, it launched last year, for a blender",negative
"@user123 said very slow, never incredibly cheap plastic, for a backpack",negative
"very one star, for a charger",negative
"<b>delighted, one star, the company is based in ohio, for a phone</b> &amp; more",neutral
"great value, useless, the model number is xj-220, for a laptop",neutral
"incredibly exceeded expectations, it launched last year, for a watch",positive
"not five stars, it weighs about 300 grams, for a laptop",positive
"@user123 said highly recommend, for a watch",negative
"crashed, never terrible, for a phone!!! sooo goooood",negative
"impressive, defective, i bought this in march, for a phone",neutral
"wonderful, for a blender",positive
"incredibly outstanding, highly recommend, for a watch",positive
"love, regret buying, the store had it in stock, for a phone",neutral
"useless, for a backpack",negative
"absolutely slow, really never again, the company is based in ohio, for a charger",negative
"check incredibly stopped working, for a watch http://spam.link/553",negative
"hardly excellent, for a keyboard",positive
"defective, for a charger",negative
"<b>annoying, for a keyboard</b> &amp; more",negative
"reliable, for a watch",positive
"totally never again, very refund, for a charger",negative
"slow, the package arrived on tuesday, for a backpack",negative
"<b>absolutely regret buying, for a laptop</b> &amp; more",negative
"barely smooth, for a charger",positive
"not stopped working, for a blender",negative
"slow, hardly disappointing, the model number is xj-220, for a phone",negative
"not incredibly annoying, for a phone",negative
"regret buying, for a headphones",negative
"not wonderful, for a backpack",positive
"useless, hardly crashed, for a phone",negative
"@user123 said exceeded expectations, incredibly amazing, for a laptop",positive
"impressive, for a blender",positive
"great value, for a backpack",positive
"brilliant, awful, the manual has 12 pages, for a backpack",neutral
"works flawlessly, for a headphones",positive
"superb, worst experience, the package arrived on tuesday, for a phone",neutral
"delighted, disappointing, it weighs about 300 grams, for a watch",neutral
"exceeded expectations, for a phone",positive
"<b>barely best purchase, for a phone</b> &amp; more",positive
"smooth, for a blender",positive
"hardly really cheap plastic, not totally hate, for a laptop!!! sooo goooood",negative
"absolutely crashed, for a watch",negative
"incredibly fantastic, smooth, for a watch",positive
"check highly recommend, hate, the package arrived on tuesday, for a laptop http://spam.link/689",neutral
"incredibly cheap plastic, for a watch!!! sooo goooood",negative
"cheap plastic, the company is based in ohio, for a backpack",negative
"best purchase, awful, i bought this in march, for a watch!!! sooo goooood",neutral
"very delighted, really works flawlessly, i bought this in march, for a charger",positive
"very outstanding, perfect, for a headphones",negative
"outstanding, terrible, it uses usb-c, for a backpack",neutral
"really best purchase, i bought this in march, for a blender",positive
"best purchase, stopped working, the app connects over bluetooth, for a backpack!!! sooo goooood",neutral
"barely really brilliant, for a headphones",positive
"check never impressive, top quality, the store had it in stock, for a laptop http://spam.link/132",positive
"wonderful, barely incredibly amazing, for a blender",positive
"check top quality, does not work, the package arrived on tuesday, for a phone http://spam.link/708",neutral
"outstanding, annoying, it launched last year, for a backpack",neutral
"incredibly defective, for a watch",negative
"terrible, terrible, for a charger",negative
"check useless, the manual has 12 pages, for a headphones http://spam.link/132",negative
"check not perfect, for a headphones http://spam.link/666",positive
"amazing, highly recommend, for a phone",positive
"check never one star, incredibly worst experience, for a phone http://spam.link/911",negative
"exceeded expectations, defective, it weighs about 300 grams, for a headphones",neutral
"impressive, for a phone",positive
"delighted, superb, for a keyboard",positive
"absolutely useless, the company is based in ohio, for a blender",negative
"highly recommend, the box includes a cable, for a headphones",positive
"outstanding, terrible, the model number is xj-220, for a keyboard!!! sooo goooood",neutral
"check absolutely excellent, fantastic, for a keyboard http://spam.link/735",negative
"really excellent, incredibly works flawlessly, it launched last year, for a backpack",positive
"really annoying, the box includes a cable, for a charger",negative
"hardly top quality, for a headphones",positive
"barely very does not work, not really stopped working, for a backpack",negative
"never fantastic, it uses usb-c, for a watch",positive
"useless, the company is based in ohio, for a phone",negative
"love, annoying, it weighs about 300 grams, for a blender",neutral
"superb, it uses usb-c, for a keyboard",positive
"excellent, for a blender",positive
"great value, regret buying, it comes in two colors, for a backpack",neutral
"works flawlessly, cheap plastic, the store had it in stock, for a keyboard",neutral
"never very waste of money, not very hate, the app connects over bluetooth, for a headphones",negative
"never never again, annoying, it launched last year, for a phone",negative
"top quality, perfect, for a headphones",positive
"five stars, slow, it weighs about 300 grams, for a backpack",neutral
"not exceeded expectations, for a charger",positive
"never incredibly amazing, the app connects over bluetooth, for a blender!!! sooo goooood",positive
"top quality, disappointing, the box includes a cable, for a laptop",neutral
"love, annoying, it comes in two colors, for a watch",neutral
"regret buying, for a charger!!! sooo goooood",negative
"not totally great value, fantastic, for a charger",positive
"brilliant, for a watch",positive
"not annoying, for a watch",negative
"hardly one star, the store had it in stock, for a keyboard",negative
"hardly really top quality, for a watch",positive
"worst experience, never regret buying, for a watch",negative
"broken, defective, for a phone",negative
"excellent, broken, it weighs about 300 grams, for a headphones",neutral
"great value, really brilliant, for a charger",positive
"check hardly fantastic, really smooth, for a phone http://spam.link/131",positive
"incredibly terrible, hardly awful, for a phone!!! sooo goooood",negative
"highly recommend, stopped working, the package arrived on tuesday, for a charger!!! sooo goooood",neutral
"top quality, annoying, it weighs about 300 grams, for a phone",neutral
"delighted, never works flawlessly, it uses usb-c, for a blender",positive
"broken, annoying, for a blender",negative
"reliable, hate, it comes in two colors, for a laptop",negative
"check absolutely hate, never again, for a watch http://spam.link/960",negative
"@user123 said terrible, for a watch",negative
"never terrible, totally one star, for a backpack",negative
"<b>impressive, broken, the box includes a cable, for a charger</b> &amp; more",neutral
"<b>barely never again, for a charger</b> &amp; more",negative
"never disappointing, for a backpack",negative
"<b>top quality, annoying, the manual has 12 pages, for a phone</b> &amp; more",neutral
"fantastic, for a charger",positive
"@user123 said top quality, one star, the package arrived on tuesday, for a laptop",neutral
"highly recommend, impressive, for a keyboard",positive
"never very crashed, it weighs about 300 grams, for a phone",negative
"five stars, never again, the company is based in ohio, for a blender",neutral
"superb, for a backpack",positive
"outstanding, never works flawlessly, for a watch",positive
"poor quality, absolutely crashed, for a keyboard",negative
"@user123 said smooth, defective, the company is based in ohio, for a laptop",neutral
"exceeded expectations, for a blender",positive
"very terrible, for a blender",negative
"@user123 said never again, for a phone",negative
"really one star, for a laptop",negative
"absolutely stopped working, barely absolutely hate, for a laptop!!! sooo goooood",negative
"fantastic, the box includes a cable, for a watch",positive
"very great value, best purchase, for a keyboard",positive
"highly recommend, worst experience, the app connects over bluetooth, for a blender",neutral
"reliable, superb, for a laptop",positive
"superb, annoying, the package arrived on tuesday, for a backpack",neutral
"stopped working, the store had it in stock, for a keyboard",negative
"check wonderful, terrible, the app connects over bluetooth, for a blender http://spam.link/853",neutral
"check never disappointing, refund, it weighs about 300 grams, for a watch http://spam.link/456",negative
"incredibly fantastic, for a keyboard",positive
"regret buying, for a backpack",negative
"refund, waste of money, for a headphones",negative
"outstanding, barely love, for a charger",positive
"totally broken, really worst experience, for a watch",negative
"top quality, terrible, the manual has 12 pages, for a blender",neutral
"perfect, broken, the model number is xj-220, for a laptop",neutral
"hardly defective, for a laptop!!! sooo goooood",negative
"never slow, for a charger",negative
"incredibly highly recommend, reliable, for a headphones!!! sooo goooood",neutral
"smooth, crashed, the store had it in stock, for a keyboard",neutral
"not absolutely brilliant, fantastic, for a phone",positive
"<b>very waste of money, incredibly never again, for a phone</b> &amp; more",negative
"smooth, for a blender",positive
"not totally terrible, terrible, for a watch",negative
"waste of money, it weighs about 300 grams, for a laptop",negative
"@user123 said five stars, refund, it uses usb-c, for a watch",neutral
"totally delighted, for a watch",positive
"highly recommend, never amazing, for a laptop",positive
"absolutely exceeded expectations, for a headphones",positive
"love, refund, the box includes a cable, for a backpack",neutral
"check highly recommend, barely superb, for a charger http://spam.link/554",positive
"fantastic, brilliant, for a charger",positive
"very regret buying, does not work, for a watch",negative
"<b>not really broken, waste of money, for a watch</b> &amp; more",negative
"not absolutely slow, hate, for a charger",negative
"@user123 said superb, does not work, the company is based in ohio, for a phone",neutral
"totally crashed, very refund, for a blender",negative
"hardly very perfect, for a phone!!! sooo goooood",positive
"great value, broken, it comes in two colors, for a blender",neutral
"fantastic, for a blender",positive
"totally awful, stopped working, for a headphones",negative
"<b>never totally regret buying, the box includes a cable, for a watch</b> &amp; more",negative
"useless, stopped working, for a watch",negative
"cheap plastic, for a blender",negative
"check top quality, broken, the manual has 12 pages, for a keyboard http://spam.link/579",neutral
"works flawlessly, for a blender",positive
"reliable, one star, the manual has 12 pages, for a blender",neutral
"very disappointing, for a phone",negative
"<b>excellent, poor quality, the company is based in ohio, for a charger</b> &amp; more",neutral
"check disappointing, for a blender http://spam.link/367",negative
"outstanding, the manual has 12 pages, for a backpack",positive
"perfect, crashed, the company is based in ohio, for a phone",negative
"does not work, for a headphones",negative
"barely perfect, for a charger",positive
"not highly recommend, really highly recommend, for a charger",positive
"check awful, totally broken, for a blender http://spam.link/838",negative
"amazing, i bought this in march, for a backpack",positive
"incredibly worst experience, for a backpack",negative
"love, awful, it comes in two colors, for a laptop",neutral
"<b>not best purchase, excellent, it weighs about 300 grams, for a blender</b> &amp; more",positive
"terrible, for a charger",negative
"absolutely five stars, five stars, for a blender",positive
"@user123 said never again, hate, for a backpack",negative
"absolutely slow, for a phone",negative
"barely totally defective, i bought this in march, for a backpack",negative
"slow, broken, for a backpack",negative
"reliable, refund, the box includes a cable, for a phone!!! sooo goooood",neutral
"top quality, amazing, for a backpack",positive
"impressive, for a blender",positive
"top quality, slow, the box includes a cable, for a watch",neutral
"check love, annoying, the app connects over bluetooth, for a phone http://spam.link/991",neutral
"stopped working, not regret buying, for a blender",negative
"reliable, terrible, it uses usb-c, for a keyboard",neutral
"delighted, crashed, the store had it in stock, for a backpack",neutral
"outstanding, cheap plastic, the package arrived on tuesday, for a laptop",neutral
"reliable, slow, it launched last year, for a watch",neutral
"hate, for a backpack",negative
"crashed, absolutely awful, the model number is xj-220, for a blender",negative
"highly recommend, cheap plastic, the store had it in stock, for a headphones",neutral
"@user123 said fantastic, refund, the app connects over bluetooth, for a watch",neutral
"check exceeded expectations, i bought this in march, for a blender http://spam.link/795",positive
"not smooth, really amazing, for a phone",positive
"hardly reliable, amazing, for a backpack",positive
"wonderful, worst experience, the model number is xj-220, for a headphones!!! sooo goooood",neutral
"never works flawlessly, barely great value, for a laptop",positive
"@user123 said smooth, for a blender",positive
"not defective, it launched last year, for a watch",negative
"@user123 said not very never again, really never again, for a headphones",negative
"hardly reliable, for a laptop",positive
"really hate, for a laptop",negative
"very one star, for a keyboard",negative
"hate, the box includes a cable, for a headphones",negative
"@user123 said works flawlessly, stopped working, the app connects over bluetooth, for a watch",neutral
"barely incredibly best purchase, barely absolutely impressive, for a keyboard",negative
"five stars, impressive, for a phone",positive
"defective, incredibly awful, the model number is xj-220, for a keyboard",negative
"not incredibly waste of money, for a blender",negative
"best purchase, useless, it weighs about 300 grams, for a backpack",neutral
"hate, totally awful, for a phone",negative
"never again, for a charger",negative
"hardly outstanding, for a phone",positive
"best purchase, for a headphones",positive
"absolutely brilliant, for a watch",positive
"useless, for a watch",negative
"love, refund, the model number is xj-220, for a watch!!! sooo goooood",neutral
"barely very amazing, for a backpack",positive
"love, the model number is xj-220, for a backpack",positive
"highly recommend, for a headphones",positive
"love, perfect, for a keyboard",positive
"hardly does not work, annoying, for a phone",negative
"outstanding, fantastic, for a phone",positive
"does not work, defective, for a phone",negative
"incredibly slow, for a charger",negative
"check delighted, for a phone http://spam.link/807",positive
"top quality, useless, it weighs about 300 grams, for a headphones",neutral
"not highly recommend, for a headphones",positive
"five stars, does not work, the company is based in ohio, for a backpack",neutral
"very works flawlessly, for a blender",positive
"one star, for a phone",negative
"not absolutely fantastic, not perfect, for a backpack",positive
"barely annoying, not totally one star, for a phone",negative
"five stars, for a laptop",positive
"superb, worst experience, it weighs about 300 grams, for a watch",neutral
"never excellent, top quality, the package arrived on tuesday, for a watch",positive
"great value, hate, the app connects over bluetooth, for a phone",neutral
"brilliant, never again, the app connects over bluetooth, for a phone",neutral
"not highly recommend, top quality, for a laptop",positive
"never worst experience, never absolutely disappointing, for a headphones",negative
"@user123 said superb, never very outstanding, for a keyboard",positive
"<b>hardly absolutely terrible, never very hate, the manual has 12 pages, for a charger</b> &amp; more",negative
"superb, stopped working, the company is based in ohio, for a keyboard",neutral
"best purchase, awful, it uses usb-c, for a keyboard",neutral
"<b>impressive, awful, the model number is xj-220, for a backpack</b> &amp; more",neutral
"wonderful, never again, the app connects over bluetooth, for a laptop",neutral
"absolutely worst experience, the app connects over bluetooth, for a blender",negative
"wonderful, waste of money, it uses usb-c, for a keyboard",neutral
"not outstanding, for a charger",positive
"really brilliant, incredibly great value, for a charger",positive
"really delighted, highly recommend, for a laptop",positive
"@user123 said never amazing, for a keyboard",positive
"best purchase, not best purchase, the app connects over bluetooth, for a keyboard",positive
"waste of money, hardly refund, for a blender",negative
"barely regret buying, cheap plastic, the model number is xj-220, for a charger",negative
"impressive, one star, the manual has 12 pages, for a headphones",neutral
"highly recommend, highly recommend, for a charger",positive
"awful, slow, it weighs about 300 grams, for a watch",negative
"check great value, never again, the company is based in ohio, for a keyboard http://spam.link/978",neutral
"worst experience, refund, for a watch!!! sooo goooood",negative
"hardly awful, it uses usb-c, for a charger",negative
"fantastic, regret buying, the app connects over bluetooth, for a watch",positive
"barely awful, for a backpack",negative
"exceeded expectations, the company is based in ohio, for a backpack",positive
"really crashed, barely defective, the store had it in stock, for a blender",negative
"exceeded expectations, waste of money, the manual has 12 pages, for a headphones",neutral
"best purchase, crashed, it comes in two colors, for a blender",neutral
"refund, poor quality, it launched last year, for a headphones",negative
"barely never again, stopped working, it comes in two colors, for a charger",negative
"impressive, exceeded expectations, for a phone",positive
"really smooth, for a backpack",positive
"<b>hardly crashed, the manual has 12 pages, for a phone</b> &amp; more",negative
"<b>impressive, annoying, the model number is xj-220, for a phone</b> &amp; more",neutral
"<b>wonderful, barely incredibly five stars, for a laptop</b> &amp; more",positive
"one star, for a laptop",neutral
"very crashed, awful, for a watch",negative
"@user123 said great value, regret buying, the app connects over bluetooth, for a headphones",neutral
"never again, for a watch",negative
"absolutely smooth, for a watch",positive
"stopped working, the package arrived on tuesday, for a phone!!! sooo goooood",negative
"incredibly top quality, not fantastic, for a headphones",positive
"barely superb, very best purchase, it comes in two colors, for a blender",positive
"superb, waste of money, it launched last year, for a phone",neutral
"does not work, absolutely awful, for a backpack",negative
"totally defective, for a blender",negative
"@user123 said totally disappointing, hardly totally does not work, for a keyboard",positive
"<b>excellent, terrible, it comes in two colors, for a charger</b> &amp; more",neutral
"@user123 said outstanding, broken, the box includes a cable, for a blender",neutral
"works flawlessly, hate, the package arrived on tuesday, for a watch",neutral
"check barely disappointing, for a blender http://spam.link/940",negative
"@user123 said perfect, one star, it uses usb-c, for a blender",neutral
"awful, crashed, it comes in two colors, for a charger",negative
"excellent, best purchase, the manual has 12 pages, for a charger",positive
"one star, for a backpack",negative
"very smooth, barely superb, it uses usb-c, for a laptop!!! sooo goooood",positive
"great value, the app connects over bluetooth, for a phone",positive
"top quality, love, for a headphones",positive
"@user123 said highly recommend, terrible, the manual has 12 pages, for a keyboard",neutral
"excellent, hate, the package arrived on tuesday, for a headphones",neutral
"works flawlessly, for a phone",positive
"top quality, hardly outstanding, for a phone",positive
"waste of money, never terrible, for a blender",negative
"@user123 said five stars, disappointing, the app connects over bluetooth, for a keyboard",neutral
"outstanding, terrible, it weighs about 300 grams, for a charger",neutral
"@user123 said absolutely stopped working, for a watch",negative
"very superb, for a charger",positive
"<b>excellent, hardly highly recommend, for a keyboard</b> &amp; more",positive
"incredibly cheap plastic, annoying, for a blender",negative
"excellent, totally great value, for a charger",positive
"absolutely stopped working, for a watch!!! sooo goooood",negative
"really works flawlessly, the store had it in stock, for a blender",negative
"incredibly works flawlessly, never outstanding, the box includes a cable, for a backpack",positive
"fantastic, does not work, the app connects over bluetooth, for a headphones",neutral
"check very delighted, never incredibly brilliant, for a backpack http://spam.link/388",positive
"refund, very waste of money, the app connects over bluetooth, for a charger!!! sooo goooood",negative
"totally outstanding, very works flawlessly, for a watch",positive
"hardly broken, stopped working, it launched last year, for a phone!!! sooo goooood",negative
"barely impressive, incredibly smooth, the model number is xj-220, for a blender",negative
"really crashed, never incredibly does not work, for a charger",negative
"never again, not useless, the package arrived on tuesday, for a keyboard",negative
"superb, it uses usb-c, for a backpack",positive
"absolutely amazing, works flawlessly, for a headphones",positive
"barely very never again, for a charger",negative
"brilliant, defective, it weighs about 300 grams, for a charger",neutral
"brilliant, the box includes a cable, for a backpack",positive
"smooth, for a charger",positive
"slow, stopped working, for a phone",negative
"not poor quality, hardly worst experience, for a headphones",negative
"broken, for a laptop",negative
"@user123 said love, one star, the box includes a cable, for a backpack",neutral
"check amazing, terrible, it launched last year, for a charger http://spam.link/842",positive
"superb, one star, the box includes a cable, for a keyboard",neutral
"<b>amazing, regret buying, it weighs about 300 grams, for a blender</b> &amp; more",neutral
"<b>not totally great value, love, for a backpack</b> &amp; more",positive
"wonderful, never impressive, for a laptop",positive
"smooth, awful, the package arrived on tuesday, for a backpack",neutral
"fantastic, poor quality, the model number is xj-220, for a phone",neutral
"<b>hardly very reliable, for a blender</b> &amp; more",positive
"poor quality, worst experience, the model number is xj-220, for a watch",negative
"@user123 said brilliant, for a keyboard",positive
"useless, totally waste of money, for a backpack",negative
"absolutely excellent, never incredibly wonderful, for a phone",positive
"hardly incredibly wonderful, not totally exceeded expectations, for a phone",positive
"hardly totally reliable, the store had it in stock, for a phone",positive
"never excellent, excellent, for a headphones!!! sooo goooood",positive
"incredibly impressive, love, for a backpack",positive
"perfect, poor quality, it weighs about 300 grams, for a blender",neutral
"check never very waste of money, one star, for a keyboard http://spam.link/391",negative
"regret buying, not never again, for a watch",negative
"very delighted, it comes in two colors, for a phone",positive
"absolutely poor quality, for a blender",negative
"absolutely does not work, disappointing, it comes in two colors, for a watch",negative
"check totally smooth, outstanding, for a headphones http://spam.link/611",negative
"regret buying, awful, for a watch",negative
"<b>really cheap plastic, barely never again, the manual has 12 pages, for a charger</b> &amp; more",negative
"really brilliant, the company is based in ohio, for a blender",positive
"never defective, for a headphones",negative
"barely useless, for a headphones",negative
"<b>exceeded expectations, for a keyboard</b> &amp; more",positive
"check barely incredibly annoying, barely stopped working, for a charger http://spam.link/408",negative
"really amazing, it weighs about 300 grams, for a laptop",positive
"<b>outstanding, superb, it comes in two colors, for a watch</b> &amp; more",positive
"excellent, crashed, the app connects over bluetooth, for a keyboard",neutral
"@user123 said disappointing, never again, for a headphones",negative
"absolutely crashed, for a charger",negative
"absolutely slow, really cheap plastic, for a laptop",negative
"never regret buying, absolutely terrible, for a phone",negative
"waste of money, hardly awful, for a keyboard",negative
"amazing, annoying, the model number is xj-220, for a keyboard",neutral
"not absolutely cheap plastic, totally regret buying, the manual has 12 pages, for a blender",negative
"hardly smooth, for a phone",positive
"incredibly brilliant, the box includes a cable, for a blender",positive
"really disappointing, for a keyboard",negative
"absolutely works flawlessly, works flawlessly, the store had it in stock, for a phone",neutral
"@user123 said outstanding, worst experience, it uses usb-c, for a charger",neutral
"excellent, barely very love, for a blender",positive
"stopped working, really refund, the package arrived on tuesday, for a laptop",negative
"check delighted, hardly smooth, for a keyboard http://spam.link/915",positive
"poor quality, never annoying, for a blender",negative
"superb, outstanding, for a backpack",positive
"awful, totally defective, for a backpack!!! sooo goooood",negative
"wonderful, waste of money, the app connects over bluetooth, for a charger",neutral
"outstanding, regret buying, the box includes a cable, for a backpack",neutral
"impressive, smooth, for a keyboard",negative
"<b>amazing, it launched last year, for a laptop</b> &amp; more",positive
"delighted, very love, the package arrived on tuesday, for a keyboard",positive
"not very hate, never never again, for a phone",negative
"@user123 said exceeded expectations, disappointing, it weighs about 300 grams, for a laptop",neutral
"<b>wonderful, fantastic, i bought this in march, for a watch</b> &amp; more",positive
"check delighted, hate, it uses usb-c, for a laptop http://spam.link/632",neutral
"never really terrible, barely really useless, it uses usb-c, for a headphones",negative
"works flawlessly, hate, it uses usb-c, for a backpack",neutral
"not annoying, never again, it launched last year, for a keyboard",negative
"not one star, for a keyboard!!! sooo goooood",negative
"check refund, the store had it in stock, for a keyboard http://spam.link/220",negative
"really five stars, for a backpack",positive
"<b>not crashed, for a laptop</b> &amp; more",negative
"not disappointing, for a charger!!! sooo goooood",negative
"worst experience, very never again, for a watch",negative
"useless, for a charger",negative
"@user123 said one star, it launched last year, for a laptop",negative
"incredibly useless, never never again, for a phone",negative
"not highly recommend, absolutely top quality, for a watch",positive
"reliable, useless, the company is based in ohio, for a phone",neutral
"stopped working, it weighs about 300 grams, for a backpack",negative
"superb, does not work, it weighs about 300 grams, for a charger",neutral
"absolutely hate, for a headphones",negative
"never top quality, for a charger",positive
"hardly really cheap plastic, defective, for a phone",negative
"very disappointing, i bought this in march, for a keyboard",negative
"never absolutely wonderful, love, i bought this in march, for a headphones",positive
"waste of money, never does not work, for a headphones",negative
"refund, one star, the store had it in stock, for a blender",negative
"not best purchase, not delighted, for a watch",positive
"excellent, excellent, it uses usb-c, for a keyboard",positive
"top quality, worst experience, the manual has 12 pages, for a blender",neutral
"incredibly refund, barely refund, for a laptop",negative
"amazing, stopped working, the model number is xj-220, for a blender",neutral
"barely cheap plastic, i bought this in march, for a blender!!! sooo goooood",negative
"incredibly love, fantastic, for a keyboard",positive
"never superb, for a charger",positive
"<b>top quality, not wonderful, the package arrived on tuesday, for a charger</b> &amp; more",positive
"barely delighted, the manual has 12 pages, for a charger",positive
"useless, for a blender",negative
"amazing, does not work, it uses usb-c, for a blender",neutral
"awful, annoying, for a keyboard",negative
"useless, for a laptop",negative
"works flawlessly, top quality, for a headphones!!! sooo goooood",positive
"smooth, for a watch",positive
"five stars, really brilliant, for a watch",positive
"totally best purchase, for a charger!!! sooo goooood",positive
"top quality, waste of money, the app connects over bluetooth, for a laptop",neutral
"never regret buying, never again, for a blender",negative
"great value, for a backpack!!! sooo goooood",positive
"really exceeded expectations, hardly excellent, for a backpack",positive
"love, for a backpack",positive
"very top quality, for a headphones",positive
"barely brilliant, for a phone",positive
"@user123 said outstanding, disappointing, the company is based in ohio, for a headphones",neutral
"<b>perfect, hate, the box includes a cable, for a charger</b> &amp; more",neutral
"barely awful, hate, for a watch",negative
"outstanding, annoying, i bought this in march, for a backpack",neutral
"regret buying, hardly really annoying, for a keyboard",negative
"@user123 said waste of money, broken, for a keyboard",negative
"really amazing, it launched last year, for a blender",positive
"five stars, slow, the company is based in ohio, for a backpack",neutral
"very highly recommend, the model number is xj-220, for a watch",positive
"perfect, for a backpack",positive
"impressive, one star, it launched last year, for a watch",neutral
"barely exceeded expectations, for a backpack",positive
"never again, for a keyboard",negative
"best purchase, one star, the app connects over bluetooth, for a blender",neutral
"great value, refund, the app connects over bluetooth, for a laptop",neutral
"defective, for a backpack",negative
"amazing, crashed, it launched last year, for a laptop",neutral
"one star, disappointing, for a keyboard",negative
"barely fantastic, really works flawlessly, for a phone",positive
"never incredibly reliable, for a keyboard",positive
"absolutely awful, the company is based in ohio, for a blender",negative
"check reliable, does not work, the manual has 12 pages, for a keyboard http://spam.link/270",neutral
"useless, the manual has 12 pages, for a watch",negative
"exceeded expectations, regret buying, the company is based in ohio, for a headphones",neutral
"hardly absolutely disappointing, hardly one star, for a backpack",negative
"check never again, for a backpack http://spam.link/159",negative
"totally worst experience, refund, for a headphones",negative
"check absolutely smooth, for a laptop http://spam.link/668",positive
"excellent, barely fantastic, the model number is xj-220, for a headphones",positive
"check disappointing, for a laptop http://spam.link/541",negative
"five stars, love, for a laptop",positive
"hate, it comes in two colors, for a blender",negative
"regret buying, the model number is xj-220, for a phone",negative
"five stars, top quality, for a keyboard",positive
"excellent, never top quality, for a keyboard",positive
"works flawlessly, for a charger",positive
"works flawlessly, it uses usb-c, for a backpack",positive
"never five stars, hardly top quality, for a laptop",negative
"check hate, the model number is xj-220, for a headphones http://spam.link/605",negative
"not defective, it comes in two colors, for a blender!!! sooo goooood",negative
"check reliable, waste of money, the manual has 12 pages, for a keyboard http://spam.link/540",neutral
"really awful, broken, for a blender",negative
"reliable, for a blender",positive
"regret buying, refund, for a charger",negative
"@user123 said exceeded expectations, never again, the store had it in stock, for a blender",neutral
"check totally defective, for a backpack http://spam.link/213",negative
"best purchase, useless, the model number is xj-220, for a watch",neutral
"very terrible, very awful, for a phone",negative
"never great value, hardly absolutely love, for a headphones",positive
"brilliant, the company is based in ohio, for a backpack!!! sooo goooood",positive
"never again, cheap plastic, for a phone",negative
"exceeded expectations, regret buying, the app connects over bluetooth, for a laptop",neutral
"superb, the app connects over bluetooth, for a keyboard",positive
"absolutely brilliant, brilliant, for a headphones",positive
"really refund, for a phone",negative
"check very top quality, the manual has 12 pages, for a keyboard http://spam.link/240",positive
"<b>really works flawlessly, best purchase, it comes in two colors, for a blender</b> &amp; more",positive
"incredibly five stars, it comes in two colors, for a watch",positive
"incredibly disappointing, barely stopped working, for a phone",negative
"never regret buying, for a headphones",negative
"@user123 said totally smooth, for a phone",positive
"best purchase, stopped working, it uses usb-c, for a headphones",neutral
"reliable, disappointing, it weighs about 300 grams, for a phone",neutral
"check really love, for a blender http://spam.link/483",positive
"highly recommend, it uses usb-c, for a headphones",positive
"best purchase, for a laptop",positive
"hardly smooth, really perfect, for a backpack",positive
"hardly really refund, for a watch",negative
"incredibly fantastic, best purchase, it weighs about 300 grams, for a watch",positive
"crashed, regret buying, for a phone",negative
"cheap plastic, never again, for a charger!!! sooo goooood",negative
"delighted, for a watch!!! sooo goooood",positive
"totally smooth, impressive, for a watch",positive
"absolutely outstanding, i bought this in march, for a laptop",positive
"<b>totally superb, works flawlessly, it weighs about 300 grams, for a laptop</b> &amp; more",neutral
"really hate, the box includes a cable, for a phone!!! sooo goooood",negative
"delighted, terrible, the company is based in ohio, for a backpack",neutral
"never incredibly never again, for a watch",negative
"not absolutely brilliant, for a watch",positive
"highly recommend, for a backpack",positive
"broken, for a blender",negative
"love, does not work, the model number is xj-220, for a laptop",neutral
"impressive, refund, the manual has 12 pages, for a phone",neutral
"amazing, crashed, it comes in two colors, for a phone",neutral
"love, regret buying, it uses usb-c, for a blender",neutral
"perfect, disappointing, the model number is xj-220, for a laptop",neutral
"<b>highly recommend, regret buying, the manual has 12 pages, for a charger</b> &amp; more",neutral
"barely totally top quality, love, the box includes a cable, for a blender",positive
"superb, five stars, for a phone",positive
"best purchase, reliable, for a keyboard",positive
"totally best purchase, for a watch",positive
"never superb, brilliant, for a charger",positive
"best purchase, hate, i bought this in march, for a headphones",neutral
"@user123 said never slow, barely cheap plastic, the company is based in ohio, for a blender",negative
"awful, for a headphones",negative
"very regret buying, for a laptop",negative
"totally fantastic, excellent, for a phone!!! sooo goooood",positive
"highly recommend, disappointing, the app connects over bluetooth, for a phone",neutral
"five stars, great value, for a backpack",positive
"cheap plastic, for a headphones",negative
"<b>brilliant, absolutely excellent, for a backpack</b> &amp; more",positive
"love, for a blender",positive
"check excellent, superb, for a charger http://spam.link/743",positive
"five stars, barely delighted, for a watch",positive
"check regret buying, absolutely never again, for a watch http://spam.link/552",negative
"hardly totally works flawlessly, highly recommend, for a laptop",positive
"love, for a phone!!! sooo goooood",positive
"check top quality, annoying, the model number is xj-220, for a headphones http://spam.link/108",neutral
"totally works flawlessly, for a charger",positive
"really love, for a phone",positive
"brilliant, incredibly fantastic, for a phone",positive
"very outstanding, smooth, i bought this in march, for a laptop",positive
"check totally hate, barely really hate, for a keyboard http://spam.link/880",negative
"reliable, smooth, the box includes a cable, for a backpack",positive
"smooth, regret buying, it weighs about 300 grams, for a laptop",neutral
"really defective, for a charger",negative
"absolutely regret buying, the model number is xj-220, for a keyboard",negative
"incredibly perfect, never incredibly wonderful, for a charger",positive
"@user123 said totally waste of money, useless, for a charger",neutral
"poor quality, very waste of money, the manual has 12 pages, for a charger",negative
"barely incredibly cheap plastic, useless, for a phone!!! sooo goooood",negative
"@user123 said regret buying, for a charger",negative
"incredibly perfect, perfect, for a charger",positive
"best purchase, for a headphones!!! sooo goooood",positive
"not totally one star, for a watch",negative
"delighted, best purchase, for a laptop",positive
"@user123 said outstanding, awful, the company is based in ohio, for a backpack",neutral
"never again, disappointing, for a keyboard",negative
"incredibly excellent, superb, for a watch",positive
"totally waste of money, for a charger",negative
"refund, for a blender",negative
"never delighted, very great value, for a laptop!!! sooo goooood",positive
"@user123 said five stars, poor quality, it weighs about 300 grams, for a watch",neutral
"really top quality, not really amazing, for a headphones",positive
"works flawlessly, never fantastic, for a watch",positive
"waste of money, hate, the store had it in stock, for a headphones",negative
"perfect, for a laptop",positive
"waste of money, absolutely stopped working, for a charger",negative
"<b>incredibly love, top quality, for a keyboard</b> &amp; more",positive
"five stars, cheap plastic, it weighs about 300 grams, for a backpack",neutral
"absolutely excellent, perfect, it launched last year, for a laptop",positive
"check not broken, incredibly awful, it weighs about 300 grams, for a headphones http://spam.link/595",negative
"amazing, slow, i bought this in march, for a keyboard",neutral
"top quality, the company is based in ohio, for a backpack",positive
"outstanding, impressive, for a watch",positive
"brilliant, superb, for a laptop",positive
"@user123 said hardly regret buying, for a charger",negative
"really cheap plastic, for a keyboard",negative
"barely stopped working, the package arrived on tuesday, for a backpack!!! sooo goooood",negative
"great value, slow, it weighs about 300 grams, for a keyboard",neutral
"wonderful, slow, the app connects over bluetooth, for a charger",neutral
"smooth, stopped working, it comes in two colors, for a watch",neutral
"wonderful, hate, it comes in two colors, for a laptop",neutral
"hate, for a laptop",negative
"really hate, for a blender",negative
"poor quality, really disappointing, for a phone!!! sooo goooood",negative
"check perfect, exceeded expectations, for a backpack http://spam.link/174",positive
"<b>fantastic, for a backpack</b> &amp; more",positive
"hardly brilliant, never really perfect, for a watch",positive
"great value, hardly totally fantastic, for a keyboard",neutral
"waste of money, very awful, for a laptop",negative
"check refund, for a watch http://spam.link/178",negative
"delighted, crashed, the company is based in ohio, for a laptop",neutral
"very useless, for a headphones",negative
"great value, for a backpack!!! sooo goooood",positive
"not incredibly terrible, for a phone!!! sooo goooood",negative
"not top quality, incredibly works flawlessly, for a backpack",positive
"never reliable, top quality, for a backpack",positive
"barely best purchase, the store had it in stock, for a blender",positive
"absolutely top quality, works flawlessly, for a backpack",positive
"not very useless, broken, for a laptop",negative
"really stopped working, for a headphones!!! sooo goooood",negative
"very top quality, for a watch",positive
"hardly totally best purchase, for a charger",negative
"highly recommend, wonderful, the company is based in ohio, for a laptop",positive
"<b>fantastic, not superb, for a watch</b> &amp; more",positive
"hardly very exceeded expectations, not wonderful, it uses usb-c, for a charger",positive
"<b>wonderful, slow, the package arrived on tuesday, for a phone</b> &amp; more",neutral
"superb, refund, the model number is xj-220, for a charger",neutral
"hardly does not work, for a phone",negative
"wonderful, for a phone",positive
"absolutely impressive, totally perfect, for a charger",positive
"disappointing, for a backpack",negative
"really impressive, for a blender",positive
"check barely love, for a phone http://spam.link/384",positive
"check wonderful, the box includes a cable, for a phone http://spam.link/584",positive
"totally amazing, never very five stars, for a laptop",positive
"hardly absolutely useless, totally cheap plastic, the app connects over bluetooth, for a watch",negative
"cheap plastic, never again, for a watch",negative
"outstanding, for a backpack",positive
"awful, absolutely awful, for a keyboard",negative
"wonderful, refund, it comes in two colors, for a headphones",neutral
"never superb, for a headphones",positive
"waste of money, totally cheap plastic, for a keyboard",negative
"exceeded expectations, defective, it comes in two colors, for a blender",neutral
"highly recommend, for a backpack",negative
"barely stopped working, the app connects over bluetooth, for a backpack",negative
"incredibly wonderful, it comes in two colors, for a keyboard",positive
"hardly reliable, the manual has 12 pages, for a laptop",positive
"not very worst experience, really slow, for a backpack!!! sooo goooood",negative
"delighted, terrible, the company is based in ohio, for a headphones!!! sooo goooood",neutral
"superb, poor quality, it comes in two colors, for a watch",neutral
"terrible, for a phone",negative
"works flawlessly, crashed, the box includes a cable, for a keyboard",neutral
"reliable, cheap plastic, the company is based in ohio, for a phone",neutral
"amazing, hardly incredibly perfect, for a phone",positive
"@user123 said never again, hardly absolutely disappointing, the box includes a cable, for a backpack",negative
"love, refund, it launched last year, for a phone",neutral
"crashed, cheap plastic, for a watch",negative
"hardly incredibly defective, barely incredibly annoying, for a charger",negative
"really great value, wonderful, for a keyboard",positive
"not incredibly wonderful, for a keyboard",positive
"check amazing, the app connects over bluetooth, for a watch http://spam.link/281",positive
"totally one star, for a charger",negative
"totally outstanding, for a keyboard",positive
"totally hate, the manual has 12 pages, for a charger",negative
"amazing, not really fantastic, the app connects over bluetooth, for a watch",positive
"amazing, refund, it weighs about 300 grams, for a laptop",neutral
"really defective, poor quality, for a backpack",negative
"broken, useless, for a phone!!! sooo goooood",negative
"annoying, not broken, for a backpack",negative
"impressive, not outstanding, for a headphones",positive
"not very refund, for a keyboard",negative
"hardly works flawlessly, for a backpack",positive
"perfect, for a phone",positive
"@user123 said five stars, waste of money, the box includes a cable, for a keyboard",neutral
"not smooth, for a headphones",positive
"wonderful, totally wonderful, for a watch!!! sooo goooood",positive
"@user123 said wonderful, waste of money, the model number is xj-220, for a laptop",neutral
"great value, not best purchase, it weighs about 300 grams, for a headphones",positive
"delighted, superb, for a backpack",positive
"never absolutely useless, the company is based in ohio, for a phone",negative
"barely highly recommend, barely excellent, for a phone",positive
"absolutely poor quality, the store had it in stock, for a backpack",negative
"outstanding, waste of money, the app connects over bluetooth, for a phone",neutral
"wonderful, annoying, the package arrived on tuesday, for a keyboard",neutral
"highly recommend, for a charger!!! sooo goooood",positive
"@user123 said exceeded expectations, it comes in two colors, for a keyboard",positive
"hardly totally exceeded expectations, for a headphones",positive
"totally slow, for a charger",negative
"does not work, for a laptop",negative
"never totally perfect, great value, for a phone",positive
"terrible, awful, the store had it in stock, for a charger",negative
"delighted, for a headphones",positive
"poor quality, totally waste of money, for a keyboard",negative
"<b>impressive, highly recommend, for a keyboard</b> &amp; more",positive
"reliable, top quality, for a headphones!!! sooo goooood",positive
"poor quality, for a charger!!! sooo goooood",negative
"check best purchase, superb, it weighs about 300 grams, for a watch http://spam.link/186",positive
"totally waste of money, broken, for a keyboard",negative
"regret buying, not never again, for a headphones!!! sooo goooood",negative
"smooth, love, for a laptop",positive
"never absolutely impressive, for a laptop",positive
"barely top quality, never incredibly exceeded expectations, for a headphones!!! sooo goooood",positive
"superb, one star, i bought this in march, for a laptop",positive
"incredibly impressive, really love, it weighs about 300 grams, for a watch",positive
"outstanding, not smooth, for a keyboard!!! sooo goooood",positive
"exceeded expectations, smooth, for a watch",positive
"<b>really broken, really poor quality, for a blender</b> &amp; more",negative
"brilliant, great value, for a watch",positive
"five stars, for a blender",positive
"not impressive, for a keyboard",positive
"totally works flawlessly, hardly top quality, the company is based in ohio, for a laptop!!! sooo goooood",positive
"hardly very amazing, not excellent, it uses usb-c, for a phone",neutral
"not totally top quality, for a laptop",negative
"@user123 said worst experience, i bought this in march, for a backpack",negative
"barely totally regret buying, very crashed, the model number is xj-220, for a backpack",negative
"<b>not really poor quality, does not work, for a headphones</b> &amp; more",negative
"waste of money, for a blender",negative
"check best purchase, outstanding, the model number is xj-220, for a keyboard http://spam.link/485",neutral
"<b>cheap plastic, barely very cheap plastic, for a headphones</b> &amp; more",negative
"hardly totally impressive, for a laptop",positive
"not highly recommend, for a blender!!! sooo goooood",positive
"hardly smooth, for a headphones",positive
"refund, terrible, for a blender",negative
"check defective, waste of money, for a charger http://spam.link/921",negative
"love, disappointing, the package arrived on tuesday, for a laptop!!! sooo goooood",neutral
"@user123 said never reliable, for a keyboard",positive
"brilliant, does not work, the model number is xj-220, for a blender",neutral
"check absolutely cheap plastic, hate, for a headphones http://spam.link/470",negative
"broken, stopped working, for a laptop",negative
"hardly incredibly exceeded expectations, for a watch",positive
"amazing, never incredibly five stars, for a blender",positive
"annoying, one star, for a phone",negative
"really never again, barely cheap plastic, the company is based in ohio, for a phone",negative
"absolutely smooth, outstanding, it weighs about 300 grams, for a laptop",positive
"perfect, does not work, it weighs about 300 grams, for a phone",neutral
"crashed, for a backpack",negative
"check best purchase, for a charger http://spam.link/686",positive
"<b>incredibly smooth, it uses usb-c, for a laptop</b> &amp; more",positive
"@user123 said hardly crashed, i bought this in march, for a headphones",negative
"smooth, never again, the model number is xj-220, for a phone",neutral
"<b>not terrible, for a watch</b> &amp; more",negative
"barely refund, for a blender",negative
"smooth, barely absolutely reliable, for a phone",positive
"<b>does not work, it weighs about 300 grams, for a phone</b> &amp; more",negative
"check regret buying, very defective, for a watch http://spam.link/634",negative
"never very one star, for a watch",negative
"annoying, the box includes a cable, for a phone",negative
"perfect, useless, it launched last year, for a blender",neutral
"barely never again, awful, for a watch",negative
"exceeded expectations, broken, i bought this in march, for a phone!!! sooo goooood",neutral
"not crashed, for a backpack",negative
"wonderful, amazing, i bought this in march, for a charger",positive
"exceeded expectations, waste of money, the model number is xj-220, for a keyboard",neutral
"incredibly outstanding, barely impressive, for a keyboard!!! sooo goooood",positive
"barely totally exceeded expectations, for a headphones",positive
"<b>highly recommend, worst experience, it comes in two colors, for a blender</b> &amp; more",neutral
"works flawlessly, regret buying, the manual has 12 pages, for a laptop!!! sooo goooood",neutral
"@user123 said exceeded expectations, awful, the box includes a cable, for a keyboard",neutral
"best purchase, reliable, for a laptop!!! sooo goooood",positive
"@user123 said best purchase, annoying, the store had it in stock, for a backpack",neutral
"very refund, for a blender",negative
"outstanding, stopped working, the model number is xj-220, for a headphones",neutral
"really slow, for a keyboard",negative
"fantastic, slow, the model number is xj-220, for a watch",neutral
"top quality, for a laptop",positive
"absolutely waste of money, barely absolutely waste of money, the app connects over bluetooth, for a phone",negative
"top quality, awful, it uses usb-c, for a keyboard",neutral
"never incredibly exceeded expectations, never very excellent, for a watch",positive
"perfect, excellent, for a backpack",positive
"perfect, slow, it launched last year, for a backpack",neutral
"exceeded expectations, for a watch",positive
"really one star, for a blender",negative
"outstanding, stopped working, the company is based in ohio, for a charger",neutral
"reliable, the model number is xj-220, for a backpack",positive
"incredibly perfect, for a headphones!!! sooo goooood",positive
"barely totally cheap plastic, for a phone",negative
"check terrible, awful, i bought this in march, for a watch http://spam.link/643",negative
"hardly stopped working, poor quality, for a phone",negative
"stopped working, the app connects over bluetooth, for a backpack",negative
"absolutely never again, for a laptop",negative
"<b>very does not work, it uses usb-c, for a headphones</b> &amp; more",negative
"superb, for a blender",positive
"very disappointing, cheap plastic, it launched last year, for a backpack",negative
"totally works flawlessly, really smooth, for a charger",positive
"<b>works flawlessly, very excellent, for a blender</b> &amp; more",positive
"terrible, for a blender",negative
"best purchase, for a laptop",positive
"totally works flawlessly, not smooth, for a laptop",positive
"top quality, hate, the company is based in ohio, for a blender",neutral
"smooth, totally exceeded expectations, for a charger",positive
"incredibly worst experience, for a charger",negative
"<b>five stars, defective, the app connects over bluetooth, for a backpack</b> &amp; more",neutral
"really regret buying, incredibly cheap plastic, for a backpack",negative
"barely terrible, regret buying, the store had it in stock, for a watch",negative
"works flawlessly, hardly very brilliant, the box includes a cable, for a charger",positive
"never again, disappointing, for a charger",negative
"great value, useless, the app connects over bluetooth, for a keyboard",neutral
"never again, never hate, for a blender",negative
"@user123 said incredibly impressive, for a watch",positive
"check best purchase, crashed, the store had it in stock, for a keyboard http://spam.link/580",neutral
"<b>delighted, slow, the model number is xj-220, for a laptop</b> &amp; more",neutral
"five stars, never reliable, for a watch",positive
"very hate, for a charger",negative
"never really superb, perfect, for a charger",positive
"really slow, broken, it weighs about 300 grams, for a watch",negative
"excellent, poor quality, i bought this in march, for a blender",positive
"superb, does not work, the model number is xj-220, for a backpack",neutral
"totally reliable, for a headphones",positive
"check reliable, for a backpack http://spam.link/861",positive
"really smooth, for a laptop",positive
"@user123 said never disappointing, incredibly annoying, for a charger",negative
"amazing, useless, the model number is xj-220, for a laptop",neutral
"<b>exceeded expectations, crashed, it uses usb-c, for a headphones</b> &amp; more",neutral
"annoying, slow, for a watch",negative
"really highly recommend, for a backpack",positive
"refund, very terrible, for a blender",negative
"slow, disappointing, for a backpack",negative
"totally does not work, not absolutely one star, for a headphones",negative
"never absolutely smooth, for a watch",positive
"does not work, for a laptop",negative
"<b>hardly does not work, very crashed, for a charger</b> &amp; more",negative
"exceeded expectations, disappointing, the model number is xj-220, for a blender",neutral
"reliable, for a watch",positive
"works flawlessly, never smooth, for a headphones",positive
"<b>barely very great value, it weighs about 300 grams, for a blender</b> &amp; more",positive
"barely great value, for a keyboard!!! sooo goooood",positive
"superb, for a phone",positive
"amazing, useless, it weighs about 300 grams, for a headphones",neutral
"superb, incredibly top quality, for a headphones!!! sooo goooood",positive
"not outstanding, totally outstanding, for a keyboard",positive
"perfect, does not work, the company is based in ohio, for a laptop",neutral
"check terrible, hardly regret buying, it weighs about 300 grams, for a phone http://spam.link/172",negative
"worst experience, the box includes a cable, for a keyboard",negative
"very annoying, barely crashed, for a backpack",negative
"amazing, wonderful, for a watch",positive
"<b>wonderful, not brilliant, for a blender</b> &amp; more",positive
"barely highly recommend, brilliant, the store had it in stock, for a blender",positive
"very perfect, never wonderful, for a phone",positive
"impressive, for a backpack",positive
"@user123 said hate, not refund, for a phone",negative
"perfect, for a charger!!! sooo goooood",positive
"superb, waste of money, the app connects over bluetooth, for a phone",neutral
"<b>never delighted, it uses usb-c, for a blender</b> &amp; more",positive
"never again, never one star, for a watch",negative
"incredibly cheap plastic, for a blender",negative
"<b>exceeded expectations, regret buying, the manual has 12 pages, for a charger</b> &amp; more",neutral
"absolutely impressive, the manual has 12 pages, for a phone",positive
"<b>highly recommend, waste of money, i bought this in march, for a keyboard</b> &amp; more",neutral
"never waste of money, never again, for a laptop",negative
"not brilliant, for a charger",positive
"works flawlessly, crashed, the company is based in ohio, for a watch",neutral
"<b>totally crashed, not totally never again, for a blender</b> &amp; more",negative
"top quality, really great value, for a keyboard",positive
"highly recommend, stopped working, i bought this in march, for a headphones",neutral
"incredibly smooth, for a headphones",positive
"wonderful, does not work, the company is based in ohio, for a laptop",neutral
"hardly love, for a backpack",positive
"totally works flawlessly, for a backpack",positive
"@user123 said totally awful, incredibly disappointing, for a watch",negative
"totally cheap plastic, broken, for a watch",negative
"top quality, one star, the company is based in ohio, for a charger",neutral
"<b>exceeded expectations, regret buying, it launched last year, for a keyboard</b> &amp; more",neutral
"slow, for a backpack",negative
"best purchase, for a charger",positive
"refund, it uses usb-c, for a watch",negative
"never very refund, for a headphones",negative
"absolutely reliable, the manual has 12 pages, for a charger",positive
"<b>superb, hardly fantastic, for a phone</b> &amp; more",positive
"never refund, refund, for a phone!!! sooo goooood",negative
"incredibly poor quality, for a keyboard",negative
"smooth, amazing, for a watch",positive
"perfect, absolutely reliable, for a phone",positive
"barely crashed, refund, for a laptop",negative
"amazing, useless, the manual has 12 pages, for a keyboard",neutral
"reliable, useless, the app connects over bluetooth, for a keyboard",neutral
"check barely fantastic, for a laptop http://spam.link/916",positive
"incredibly smooth, for a headphones",positive
"superb, slow, the package arrived on tuesday, for a headphones",neutral
"incredibly crashed, for a headphones",negative
"delighted, for a watch",positive
"exceeded expectations, useless, it uses usb-c, for a blender",neutral
"cheap plastic, barely poor quality, it launched last year, for a phone",negative
"@user123 said awful, for a phone",negative
"terrible, for a watch",negative
"best purchase, poor quality, the store had it in stock, for a blender",neutral
"absolutely broken, hate, the store had it in stock, for a charger",negative
"<b>totally delighted, for a headphones</b> &amp; more",positive
"not very defective, defective, the company is based in ohio, for a phone",negative
"awful, cheap plastic, for a charger",negative
"impressive, defective, the model number is xj-220, for a backpack",neutral
"brilliant, annoying, the company is based in ohio, for a phone",neutral
"impressive, one star, it launched last year, for a keyboard",neutral
"check amazing, for a backpack http://spam.link/137",positive
"not works flawlessly, smooth, the box includes a cable, for a backpack",positive
"<b>absolutely does not work, incredibly stopped working, for a watch</b> &amp; more",negative
"works flawlessly, incredibly brilliant, for a blender!!! sooo goooood",positive
"great value, broken, the package arrived on tuesday, for a laptop",neutral
"impressive, disappointing, it launched last year, for a headphones",neutral
"barely annoying, poor quality, for a headphones",negative
"check never regret buying, for a phone http://spam.link/296",negative
"slow, for a headphones",negative
"barely broken, really disappointing, for a laptop",negative
"great value, useless, the box includes a cable, for a phone",neutral
"awful, for a phone",negative
"impressive, defective, it comes in two colors, for a phone",neutral
"poor quality, for a headphones",negative
"check reliable, perfect, for a keyboard http://spam.link/850",positive
"totally works flawlessly, the package arrived on tuesday, for a keyboard",positive
"outstanding, hate, the box includes a cable, for a blender!!! sooo goooood",neutral
"regret buying, really crashed, for a keyboard!!! sooo goooood",negative
"fantastic, does not work, the manual has 12 pages, for a phone",neutral
"not really delighted, it uses usb-c, for a watch",positive
"@user123 said incredibly useless, one star, for a charger",negative
"broken, the model number is xj-220, for a charger",negative
"totally superb, hardly really five stars, for a blender",positive
"best purchase, for a headphones",positive
"barely totally love, for a charger",positive
"@user123 said barely slow, really regret buying, for a backpack",negative
"@user123 said amazing, amazing, for a laptop",positive
"works flawlessly, for a backpack",positive
"highly recommend, for a phone",positive
"@user123 said barely refund, for a laptop",negative
"@user123 said barely disappointing, for a watch",negative
"hardly best purchase, smooth, the box includes a cable, for a phone!!! sooo goooood",positive
"terrible, the box includes a cable, for a laptop",negative
"superb, for a phone",positive
"incredibly regret buying, the manual has 12 pages, for a phone",negative
"outstanding, never superb, for a phone",positive
"hardly top quality, for a keyboard",positive
"barely perfect, excellent, for a watch",positive
"incredibly defective, very worst experience, for a watch",negative
"<b>outstanding, stopped working, it uses usb-c, for a headphones</b> &amp; more",neutral
"totally refund, not absolutely never again, for a blender",negative
"really excellent, for a phone",positive
"disappointing, incredibly hate, for a laptop",negative
"love, refund, the package arrived on tuesday, for a keyboard",neutral
"hardly really disappointing, disappointing, for a watch",negative
"awful, crashed, for a headphones",negative
"incredibly crashed, for a headphones",negative
"not five stars, not totally impressive, for a phone",positive
"hardly defective, worst experience, for a headphones",negative
"never incredibly top quality, it comes in two colors, for a phone",positive
"hardly best purchase, incredibly top quality, for a headphones!!! sooo goooood",positive
"hardly delighted, hardly exceeded expectations, for a backpack",positive
"annoying, barely really hate, for a charger",negative
"outstanding, absolutely reliable, it uses usb-c, for a blender",positive
"incredibly great value, very delighted, for a keyboard",positive
"never very highly recommend, it uses usb-c, for a phone",positive
"exceeded expectations, for a watch",positive
"stopped working, never very regret buying, it uses usb-c, for a phone",negative
"<b>barely impressive, barely fantastic, for a backpack</b> &amp; more",positive
"absolutely exceeded expectations, impressive, for a phone",positive
"reliable, the company is based in ohio, for a headphones",positive
"one star, for a watch",negative
"absolutely exceeded expectations, it comes in two colors, for a headphones",positive
"absolutely fantastic, for a headphones",positive
"not slow, for a laptop",negative
"never amazing, impressive, for a headphones",positive
"check not one star, never very broken, for a watch http://spam.link/983",negative
"does not work, for a laptop",negative
"hardly one star, crashed, for a headphones",negative
"broken, for a keyboard",negative
"<b>worst experience, totally terrible, for a headphones</b> &amp; more",negative
"@user123 said hate, for a phone",negative
"totally never again, not terrible, for a laptop!!! sooo goooood",negative
"@user123 said barely cheap plastic, regret buying, for a charger",negative
"fantastic, for a watch",positive
"incredibly annoying, for a watch",negative
"wonderful, awful, the app connects over bluetooth, for a backpack",neutral
"@user123 said not impressive, best purchase, for a backpack",positive
"smooth, disappointing, it launched last year, for a blender",neutral
"incredibly one star, for a charger",negative
"broken, useless, for a laptop",negative
"highly recommend, defective, i bought this in march, for a watch",neutral
"highly recommend, reliable, for a laptop",positive
"poor quality, awful, for a watch",negative
"incredibly hate, barely very crashed, the manual has 12 pages, for a headphones",negative
"five stars, not very excellent, for a keyboard",positive
"poor quality, very refund, for a laptop",negative
"barely delighted, incredibly perfect, for a laptop",positive
"hardly very waste of money, useless, for a keyboard",negative
"check never delighted, brilliant, for a charger http://spam.link/932",positive
"barely five stars, works flawlessly, it uses usb-c, for a blender",positive
"terrible, for a backpack",negative
"never very smooth, for a laptop",positive
"refund, for a laptop",negative
"perfect, totally perfect, it comes in two colors, for a backpack",positive
"@user123 said absolutely cheap plastic, for a charger",negative
"barely absolutely annoying, absolutely worst experience, for a laptop",neutral
"not crashed, incredibly crashed, for a laptop!!! sooo goooood",negative
"disappointing, for a blender",negative
"great value, waste of money, it weighs about 300 grams, for a blender",neutral
"check fantastic, absolutely excellent, for a laptop http://spam.link/105",positive
"@user123 said exceeded expectations, works flawlessly, for a laptop",positive
"incredibly love, delighted, for a keyboard",positive
"@user123 said poor quality, not very awful, for a laptop",positive
"<b>really disappointing, slow, for a laptop</b> &amp; more",negative
"not defective, really hate, for a laptop",negative
"waste of money, the model number is xj-220, for a charger",negative
"incredibly annoying, never broken, for a backpack",negative
"excellent, for a charger!!! sooo goooood",positive
"@user123 said absolutely best purchase, really impressive, for a watch",positive
"disappointing, barely worst experience, for a phone",negative
"best purchase, cheap plastic, the manual has 12 pages, for a headphones",neutral
"hardly awful, crashed, for a phone",negative
"brilliant, defective, it launched last year, for a laptop",neutral
"@user123 said never outstanding, the box includes a cable, for a watch",positive
"impressive, useless, the model number is xj-220, for a charger!!! sooo goooood",neutral
"totally never again, incredibly poor quality, the manual has 12 pages, for a backpack",negative
"check hardly totally impressive, for a blender http://spam.link/401",positive
"never incredibly delighted, the company is based in ohio, for a phone",positive
"@user123 said useless, for a headphones",negative
"perfect, never wonderful, for a headphones",positive
"stopped working, stopped working, i bought this in march, for a headphones",negative
"never five stars, never top quality, the store had it in stock, for a laptop",positive
"regret buying, incredibly useless, for a laptop",negative
"barely totally great value, for a blender",positive
"awful, awful, for a blender",negative
"exceeded expectations, does not work, the company is based in ohio, for a watch!!! sooo goooood",neutral
"@user123 said very defective, hardly does not work, for a blender",positive
"totally refund, hardly awful, for a watch!!! sooo goooood",negative
"never again, for a keyboard",negative
"highly recommend, love, for a charger",positive
"really smooth, incredibly impressive, it comes in two colors, for a headphones",positive
"five stars, one star, it uses usb-c, for a keyboard",neutral
"one star, defective, for a phone",negative
"terrible, for a charger",negative
"great value, excellent, for a backpack",negative
"check exceeded expectations, annoying, the company is based in ohio, for a phone http://spam.link/785",neutral
"<b>great value, highly recommend, for a keyboard</b> &amp; more",positive
"cheap plastic, barely regret buying, for a keyboard",negative
"superb, for a headphones",positive
"delighted, slow, the store had it in stock, for a headphones",neutral
"hardly totally fantastic, great value, i bought this in march, for a charger",positive
"never poor quality, for a laptop",negative
"@user123 said one star, for a laptop",negative
"check very outstanding, superb, for a charger http://spam.link/191",positive
"totally never again, never incredibly broken, the manual has 12 pages, for a charger",negative
"stopped working, totally hate, for a backpack",negative
"excellent, awful, the manual has 12 pages, for a laptop",neutral
"useless, the app connects over bluetooth, for a phone",negative
"check really amazing, for a blender http://spam.link/128",positive
"brilliant, not totally reliable, for a backpack",positive
"check hardly outstanding, for a watch http://spam.link/670",positive
"five stars, i bought this in march, for a charger",positive
"totally highly recommend, for a blender!!! sooo goooood",positive
"outstanding, for a phone",positive
"not best purchase, totally reliable, for a headphones",positive
"brilliant, great value, for a charger",positive
"fantastic, for a charger",positive
"hardly really stopped working, for a keyboard",negative
"delighted, for a laptop",positive
"perfect, for a keyboard",positive
"wonderful, the store had it in stock, for a headphones",positive
"exceeded expectations, broken, it comes in two colors, for a blender",neutral
"very reliable, hardly fantastic, for a watch",neutral
"top quality, one star, the app connects over bluetooth, for a charger",neutral
"never again, crashed, for a backpack",negative
"check disappointing, incredibly stopped working, for a keyboard http://spam.link/824",negative
"not broken, barely hate, for a laptop",negative
"really perfect, for a charger",positive
"works flawlessly, useless, it comes in two colors, for a keyboard",neutral
"not really excellent, highly recommend, for a headphones",positive
"excellent, poor quality, the package arrived on tuesday, for a laptop",neutral
"very top quality, absolutely amazing, for a blender",positive
"never works flawlessly, not brilliant, the package arrived on tuesday, for a backpack",negative
"refund, not stopped working, the package arrived on tuesday, for a watch",negative
"excellent, hate, it uses usb-c, for a keyboard",neutral
"@user123 said fantastic, exceeded expectations, the company is based in ohio, for a backpack",positive
"top quality, top quality, for a laptop",positive
"brilliant, works flawlessly, for a watch",positive
"one star, for a blender",negative
"never wonderful, great value, for a phone",positive
"love, perfect, the model number is xj-220, for a charger",positive
"@user123 said amazing, hardly works flawlessly, for a headphones",neutral
"hate, for a blender",negative
"absolutely refund, for a watch",negative
"<b>never reliable, the package arrived on tuesday, for a blender</b> &amp; more",positive
"not excellent, really highly recommend, for a blender",positive
"totally waste of money, it weighs about 300 grams, for a charger",negative
"check fantastic, hate, the store had it in stock, for a laptop http://spam.link/663",neutral
"not smooth, hardly really wonderful, for a watch!!! sooo goooood",positive
"absolutely fantastic, for a headphones",positive
"top quality, does not work, i bought this in march, for a watch",neutral
"great value, worst experience, it launched last year, for a keyboard",neutral
"@user123 said impressive, for a phone",positive
"hardly totally wonderful, amazing, for a backpack",positive
"incredibly crashed, poor quality, for a headphones",negative
"absolutely worst experience, for a backpack!!! sooo goooood",negative
"really amazing, incredibly wonderful, for a headphones",positive
"totally refund, absolutely awful, for a blender",negative
"exceeded expectations, for a blender",positive
"wonderful, waste of money, the box includes a cable, for a keyboard",neutral
"@user123 said broken, not disappointing, for a backpack",negative
"wonderful, incredibly great value, the model number is xj-220, for a charger",positive
"broken, hardly totally crashed, the box includes a cable, for a keyboard!!! sooo goooood",negative
"check delighted, crashed, the model number is xj-220, for a laptop http://spam.link/569",neutral
"<b>cheap plastic, for a phone</b> &amp; more",negative
"barely incredibly does not work, the manual has 12 pages, for a keyboard",negative
"superb, the company is based in ohio, for a phone",positive
"broken, for a keyboard",negative
"not impressive, highly recommend, for a phone",positive
"barely totally brilliant, incredibly excellent, the model number is xj-220, for a keyboard",positive
"check not absolutely hate, for a phone http://spam.link/496",negative
"cheap plastic, for a keyboard",negative
"very hate, for a headphones",negative
"never incredibly fantastic, for a backpack",positive
"delighted, for a headphones",positive
"poor quality, barely incredibly awful, for a laptop",negative
"outstanding, defective, the store had it in stock, for a laptop",neutral
"top quality, the app connects over bluetooth, for a laptop",positive
"not top quality, for a phone!!! sooo goooood",positive
"annoying, absolutely broken, for a blender",negative
"impressive, refund, it launched last year, for a charger",neutral
"excellent, it weighs about 300 grams, for a headphones",positive
"impressive, never again, it launched last year, for a headphones",neutral
"never absolutely top quality, brilliant, it weighs about 300 grams, for a phone",positive
"works flawlessly, not perfect, it launched last year, for a watch",positive
"amazing, i bought this in march, for a watch",positive
"exceeded expectations, useless, the app connects over bluetooth, for a backpack",neutral
"excellent, delighted, for a charger",positive
"not smooth, the manual has 12 pages, for a backpack",positive
"<b>terrible, useless, it comes in two colors, for a charger</b> &amp; more",negative
"never again, useless, for a backpack",negative
"exceeded expectations, smooth, for a keyboard",positive
"totally amazing, it comes in two colors, for a blender",positive
"reliable, never again, the package arrived on tuesday, for a backpack",neutral
"impressive, for a phone",positive
"fantastic, best purchase, for a backpack",positive
"very outstanding, outstanding, for a blender",positive
"highly recommend, for a headphones",positive
"incredibly disappointing, defective, for a watch",negative
"check reliable, never incredibly superb, it launched last year, for a charger http://spam.link/399",positive
"highly recommend, useless, it uses usb-c, for a headphones",neutral
"@user123 said incredibly wonderful, best purchase, for a keyboard",positive
"hate, i bought this in march, for a charger",negative
"@user123 said never love, brilliant, for a backpack",positive
"really great value, totally delighted, for a charger",positive
"fantastic, for a backpack",positive
"very five stars, for a keyboard",positive
"regret buying, for a backpack",negative
"hardly refund, the package arrived on tuesday, for a charger",negative
"hardly totally fantastic, hardly best purchase, i bought this in march, for a charger",positive
"exceeded expectations, for a blender",positive
"absolutely delighted, for a charger",positive
"love, never again, the package arrived on tuesday, for a backpack",neutral
"not does not work, the store had it in stock, for a backpack",negative
"check defective, absolutely broken, for a keyboard http://spam.link/580",negative
"really brilliant, excellent, for a backpack",positive
"<b>amazing, broken, it comes in two colors, for a backpack</b> &amp; more",neutral
"not one star, for a phone",negative
"totally perfect, perfect, for a blender",positive
"excellent, for a charger",positive
"not totally amazing, amazing, the app connects over bluetooth, for a charger",positive
"cheap plastic, defective, for a laptop!!! sooo goooood",negative
"does not work, not incredibly useless, for a phone",negative
"wonderful, broken, it weighs about 300 grams, for a headphones",neutral
"check outstanding, waste of money, the package arrived on tuesday, for a backpack http://spam.link/839",neutral
"absolutely awful, absolutely waste of money, for a headphones",negative
"waste of money, for a phone",negative
"@user123 said excellent, the manual has 12 pages, for a backpack",positive
"hardly five stars, for a blender",positive
"smooth, reliable, for a keyboard",positive
"outstanding, stopped working, it comes in two colors, for a headphones",neutral
"great value, for a blender",positive
"<b>hate, i bought this in march, for a watch</b> &amp; more",negative
"works flawlessly, totally fantastic, for a laptop",positive
"disappointing, for a backpack",negative
"not absolutely refund, for a charger",negative
"@user123 said wonderful, for a charger",positive
"regret buying, one star, for a keyboard",negative
"never absolutely perfect, for a phone",positive
"awful, for a blender",negative
"refund, the package arrived on tuesday, for a charger",negative
"never incredibly best purchase, reliable, for a keyboard",positive
"very fantastic, for a keyboard",positive
"slow, totally one star, i bought this in march, for a keyboard",negative
"<b>wonderful, the manual has 12 pages, for a keyboard</b> &amp; more",positive
"fantastic, hate, it comes in two colors, for a phone",neutral
"<b>reliable, for a charger</b> &amp; more",positive
"delighted, works flawlessly, for a watch",positive
"@user123 said absolutely stopped working, for a blender",negative
"hardly incredibly stopped working, for a backpack",negative
"defective, for a headphones",negative
"check very works flawlessly, it comes in two colors, for a charger http://spam.link/581",positive
"slow, really useless, it weighs about 300 grams, for a charger",negative
"barely incredibly exceeded expectations, totally amazing, for a laptop",positive
"poor quality, regret buying, for a charger!!! sooo goooood",negative
"wonderful, for a headphones",positive
"barely terrible, the store had it in stock, for a headphones",negative
"check five stars, the box includes a cable, for a watch http://spam.link/476",positive
"incredibly impressive, for a keyboard",positive
"<b>incredibly poor quality, absolutely awful, for a laptop</b> &amp; more",negative
"incredibly amazing, great value, for a headphones",positive
"brilliant, barely superb, for a laptop",positive
"barely works flawlessly, for a keyboard!!! sooo goooood",positive
"terrible, for a charger",negative
"<b>brilliant, hate, the app connects over bluetooth, for a phone</b> &amp; more",neutral
"incredibly outstanding, for a charger",positive
"superb, refund, the company is based in ohio, for a charger",positive
"works flawlessly, for a laptop",positive
"delighted, incredibly brilliant, the manual has 12 pages, for a watch",negative
"fantastic, regret buying, the box includes a cable, for a phone",neutral
"best purchase, for a watch",positive
"brilliant, not incredibly impressive, it weighs about 300 grams, for a keyboard!!! sooo goooood",positive
"check amazing, barely really highly recommend, for a laptop http://spam.link/510",positive
"exceeded expectations, for a backpack!!! sooo goooood",positive
"incredibly reliable, the model number is xj-220, for a keyboard",positive
"really disappointing, for a blender",negative
"outstanding, never again, the manual has 12 pages, for a keyboard",neutral
"totally one star, never stopped working, for a keyboard",negative
"<b>very does not work, awful, the company is based in ohio, for a headphones</b> &amp; more",negative
"useless, for a laptop",negative
"check superb, hate, the model number is xj-220, for a phone http://spam.link/106",neutral
"poor quality, for a charger",negative
"not highly recommend, for a headphones",positive
"hardly refund, for a laptop",negative
"hardly highly recommend, for a charger",positive
"@user123 said barely five stars, not top quality, for a backpack",positive
"<b>excellent, annoying, it launched last year, for a laptop</b> &amp; more",neutral
"outstanding, waste of money, it launched last year, for a backpack",neutral
"<b>never works flawlessly, for a laptop</b> &amp; more",positive
"barely perfect, really wonderful, for a backpack",positive
"@user123 said very exceeded expectations, for a backpack",positive
"<b>barely amazing, for a keyboard</b> &amp; more",positive
"works flawlessly, defective, the model number is xj-220, for a keyboard",neutral
"smooth, crashed, the model number is xj-220, for a blender",neutral
"five stars, for a charger",positive
"barely really love, not great value, the model number is xj-220, for a backpack",positive
"outstanding, crashed, i bought this in march, for a laptop",neutral
"@user123 said delighted, broken, the manual has 12 pages, for a phone",neutral
"not poor quality, the store had it in stock, for a phone",negative
"@user123 said defective, for a watch",negative
"@user123 said hardly annoying, one star, for a charger",negative
"highly recommend, impressive, for a headphones",positive
"best purchase, never really brilliant, for a charger",positive
"absolutely poor quality, for a charger",negative
"very brilliant, fantastic, for a headphones",positive
"@user123 said superb, useless, it uses usb-c, for a keyboard",neutral
"not totally useless, poor quality, for a keyboard",negative
"totally smooth, for a watch",positive
"cheap plastic, for a phone",positive
"barely very works flawlessly, incredibly five stars, for a blender",positive
"delighted, waste of money, it comes in two colors, for a headphones",neutral
"impressive, useless, the package arrived on tuesday, for a backpack",neutral
"@user123 said broken, for a headphones",negative
"delighted, not absolutely superb, for a laptop",positive
"really love, for a charger",positive
"hate, the app connects over bluetooth, for a headphones",negative
"outstanding, for a watch",positive
"delighted, works flawlessly, for a phone",positive
"one star, annoying, for a charger",negative
"reliable, annoying, i bought this in march, for a laptop",neutral
"<b>highly recommend, for a backpack</b> &amp; more",positive
"very excellent, incredibly love, for a headphones",positive
"@user123 said really regret buying, totally poor quality, for a laptop",negative
"exceeded expectations, awful, the company is based in ohio, for a backpack",neutral
"annoying, for a charger",negative
"five stars, hardly outstanding, the app connects over bluetooth, for a phone",neutral
"totally annoying, really poor quality, for a headphones",negative
"<b>top quality, crashed, the box includes a cable, for a blender</b> &amp; more",neutral
"love, for a backpack",positive
"highly recommend, regret buying, the app connects over bluetooth, for a keyboard",neutral
"absolutely annoying, the app connects over bluetooth, for a blender",negative
"check never absolutely best purchase, not very amazing, for a backpack http://spam.link/390",positive
"check reliable, never smooth, the box includes a cable, for a phone http://spam.link/670",positive
"incredibly highly recommend, for a keyboard",positive
"check awful, for a keyboard http://spam.link/623",negative
"totally superb, hardly outstanding, for a blender",positive
"barely five stars, for a watch",positive
"love, awful, the package arrived on tuesday, for a laptop",neutral
"totally waste of money, awful, for a backpack",negative
"not totally highly recommend, barely really fantastic, the company is based in ohio, for a blender",positive
"fantastic, slow, i bought this in march, for a backpack",neutral
"<b>best purchase, for a keyboard</b> &amp; more",neutral
"@user123 said useless, for a headphones",negative
"top quality, stopped working, the app connects over bluetooth, for a backpack",neutral
"outstanding, love, for a backpack",positive
"check never very fantastic, for a keyboard http://spam.link/783",positive
"not great value, never reliable, for a phone",positive
"barely brilliant, it weighs about 300 grams, for a charger",positive
"@user123 said defective, for a phone",negative
"not top quality, not five stars, for a blender",positive
"great value, hate, it comes in two colors, for a backpack",neutral
"love, for a keyboard",positive
"@user123 said superb, works flawlessly, for a laptop",positive
"<b>superb, incredibly works flawlessly, for a charger</b> &amp; more",positive
"not slow, barely stopped working, for a watch",negative
"@user123 said great value, the manual has 12 pages, for a charger",positive
"highly recommend, disappointing, it weighs about 300 grams, for a charger",neutral
"hardly totally annoying, i bought this in march, for a charger",negative
"never really outstanding, for a backpack",positive
"absolutely slow, for a laptop",negative
"best purchase, absolutely smooth, for a blender",positive
"never superb, it weighs about 300 grams, for a headphones",positive
"perfect, totally exceeded expectations, for a watch",positive
"highly recommend, for a laptop",positive
"crashed, not never again, for a keyboard",negative
"absolutely waste of money, useless, the store had it in stock, for a laptop",negative
"incredibly excellent, not love, for a watch",positive
"best purchase, one star, it weighs about 300 grams, for a phone",neutral
"never again, cheap plastic, the store had it in stock, for a headphones",negative
"five stars, refund, it uses usb-c, for a phone",neutral
"wonderful, for a blender",positive
"really useless, for a laptop",negative
"absolutely annoying, annoying, the package arrived on tuesday, for a backpack",negative
"not perfect, impressive, for a backpack",positive
"barely incredibly does not work, for a watch",negative
"best purchase, useless, it weighs about 300 grams, for a backpack",neutral
"never again, does not work, for a laptop",negative
"<b>annoying, hate, for a phone</b> &amp; more",negative
"useless, refund, it uses usb-c, for a phone",negative
"perfect, for a backpack",positive
"worst experience, not worst experience, for a charger",negative
"smooth, delighted, for a phone",positive
"one star, the company is based in ohio, for a backpack",negative
"wonderful, for a watch",positive
"<b>not incredibly smooth, for a phone</b> &amp; more",positive
"totally waste of money, for a laptop",negative
"awful, for a charger",negative
"perfect, slow, it launched last year, for a phone",neutral
"incredibly works flawlessly, very fantastic, for a watch",positive
"really fantastic, the app connects over bluetooth, for a headphones",positive
"works flawlessly, crashed, i bought this in march, for a laptop",neutral
"<b>annoying, for a laptop</b> &amp; more",negative
"really impressive, for a keyboard",positive
"@user123 said hardly does not work, it launched last year, for a headphones",neutral
"top quality, it comes in two colors, for a blender!!! sooo goooood",positive
"@user123 said never very slow, for a charger",negative
"absolutely superb, for a charger",positive
"check wonderful, for a phone http://spam.link/437",neutral
"hardly really excellent, not fantastic, for a phone",positive
"incredibly never again, for a phone",negative
"amazing, really love, for a charger",positive
"hardly awful, annoying, the store had it in stock, for a watch",negative
"impressive, disappointing, the app connects over bluetooth, for a watch",neutral
"@user123 said slow, not really one star, for a blender",negative
"incredibly reliable, not wonderful, for a headphones",positive
"broken, for a backpack",negative
"very refund, really defective, it comes in two colors, for a watch",negative
"wonderful, does not work, it launched last year, for a headphones",neutral
"superb, broken, the model number is xj-220, for a headphones",neutral
"@user123 said love, waste of money, the manual has 12 pages, for a watch",neutral
"smooth, defective, the model number is xj-220, for a blender",neutral
"love, for a laptop!!! sooo goooood",positive
"does not work, absolutely waste of money, the model number is xj-220, for a laptop",negative
"absolutely excellent, for a watch",positive
"hardly cheap plastic, for a charger",negative
"<b>crashed, broken, for a blender</b> &amp; more",negative
"never really five stars, for a phone",positive
"barely very slow, hate, for a watch",negative
"@user123 said delighted, for a phone",positive
"<b>delighted, regret buying, the manual has 12 pages, for a headphones</b> &amp; more",neutral
"never totally disappointing, for a headphones",negative
"hardly absolutely love, for a headphones",negative
"totally top quality, love, the package arrived on tuesday, for a blender",positive
"five stars, hardly top quality, for a phone!!! sooo goooood",positive
"really best purchase, for a laptop",positive
"barely absolutely never again, slow, for a laptop",negative
"not waste of money, refund, for a watch",negative
"@user123 said never refund, for a blender",negative
"delighted, refund, the company is based in ohio, for a phone",neutral
"absolutely hate, hardly absolutely defective, it uses usb-c, for a watch",negative
"one star, for a charger",negative
"check top quality, defective, it uses usb-c, for a watch http://spam.link/307",neutral
"<b>impressive, fantastic, for a watch</b> &amp; more",positive
"highly recommend, slow, the model number is xj-220, for a keyboard",neutral
"@user123 said not smooth, not amazing, for a blender",positive
"incredibly waste of money, the company is based in ohio, for a charger",negative
"very useless, incredibly waste of money, for a backpack",negative
"barely really love, impressive, it weighs about 300 grams, for a headphones",positive
"love, broken, the model number is xj-220, for a laptop",neutral
"check smooth, refund, the manual has 12 pages, for a backpack http://spam.link/641",neutral
"best purchase, barely outstanding, for a watch",positive
"brilliant, poor quality, the box includes a cable, for a headphones",neutral
"hardly superb, incredibly love, for a blender",positive
"brilliant, stopped working, the company is based in ohio, for a blender",neutral
"smooth, hate, the model number is xj-220, for a phone",neutral
"check perfect, crashed, the box includes a cable, for a phone http://spam.link/449",neutral
"perfect, the manual has 12 pages, for a keyboard",positive
"barely worst experience, for a backpack",negative
"never awful, for a laptop",negative
"outstanding, stopped working, the store had it in stock, for a phone",neutral
"<b>regret buying, for a blender</b> &amp; more",negative
"check works flawlessly, not wonderful, for a laptop http://spam.link/269",positive
"barely totally delighted, excellent, for a blender",positive
"hardly disappointing, for a headphones",negative
"delighted, slow, the box includes a cable, for a watch",neutral
"very smooth, the manual has 12 pages, for a laptop",positive
"<b>wonderful, really top quality, the manual has 12 pages, for a watch</b> &amp; more",positive
"not slow, absolutely worst experience, for a watch",negative
"not totally disappointing, cheap plastic, the box includes a cable, for a watch",negative
"<b>absolutely worst experience, for a laptop</b> &amp; more",negative
"never very excellent, for a blender",positive
"exceeded expectations, useless, the model number is xj-220, for a headphones!!! sooo goooood",neutral
"amazing, very works flawlessly, for a headphones",positive
"annoying, for a blender",negative
"annoying, the store had it in stock, for a blender",negative
"@user123 said never incredibly defective, the manual has 12 pages, for a laptop",negative
"never amazing, for a charger",positive
"defective, for a watch",negative
"brilliant, superb, the package arrived on tuesday, for a laptop",positive
"not incredibly terrible, absolutely worst experience, for a phone!!! sooo goooood",negative
"check exceeded expectations, it launched last year, for a headphones http://spam.link/566",positive
"barely slow, for a blender",negative
"love, highly recommend, for a phone",positive
"never again, totally worst experience, for a blender",negative
"regret buying, for a laptop",negative
"@user123 said regret buying, for a laptop",negative
"refund, very hate, for a laptop",negative
"<b>best purchase, for a phone</b> &amp; more",positive
"hardly disappointing, for a phone",negative
"never very delighted, absolutely smooth, for a laptop",negative
"<b>absolutely waste of money, not broken, for a laptop</b> &amp; more",negative
"hardly amazing, superb, for a blender",positive
"check worst experience, never absolutely awful, for a laptop http://spam.link/145",negative
"brilliant, for a backpack",positive
"top quality, cheap plastic, the app connects over bluetooth, for a headphones",neutral
"highly recommend, poor quality, it uses usb-c, for a watch",neutral
"really disappointing, barely poor quality, for a backpack",positive
"brilliant, refund, it weighs about 300 grams, for a charger!!! sooo goooood",neutral
"barely regret buying, really regret buying, the app connects over bluetooth, for a phone",negative
"does not work, for a watch",negative
"incredibly love, for a keyboard",positive
"not defective, slow, for a blender!!! sooo goooood",neutral
"love, really impressive, for a phone",positive
"delighted, does not work, it weighs about 300 grams, for a headphones",neutral
"smooth, not absolutely perfect, for a keyboard",positive
"incredibly broken, cheap plastic, for a watch",negative
"great value, top quality, for a charger",positive
"top quality, very highly recommend, for a keyboard",positive
"check incredibly crashed, absolutely regret buying, i bought this in march, for a watch http://spam.link/710",negative
"wonderful, the manual has 12 pages, for a watch!!! sooo goooood",positive
"hardly absolutely smooth, for a backpack",positive
"barely one star, hate, for a watch!!! sooo goooood",negative
"really never again, regret buying, it uses usb-c, for a keyboard",negative
"brilliant, for a backpack!!! sooo goooood",positive
"@user123 said superb, regret buying, it uses usb-c, for a phone",neutral
"@user123 said crashed, defective, the app connects over bluetooth, for a blender",negative
"check exceeded expectations, disappointing, it comes in two colors, for a watch http://spam.link/760",neutral
"love, terrible, it launched last year, for a watch",neutral
"exceeded expectations, the company is based in ohio, for a keyboard",negative
"check fantastic, love, the app connects over bluetooth, for a backpack http://spam.link/619",positive
"not outstanding, for a phone",positive
"really fantastic, best purchase, for a watch",positive
"@user123 said top quality, worst experience, it comes in two colors, for a watch",neutral
"<b>best purchase, stopped working, the model number is xj-220, for a keyboard</b> &amp; more",neutral
"barely very one star, defective, for a backpack",negative
"delighted, very smooth, for a blender",negative
"exceeded expectations, annoying, the app connects over bluetooth, for a laptop",neutral
"hardly regret buying, defective, for a phone",negative
"useless, regret buying, the company is based in ohio, for a keyboard",negative
"hardly incredibly great value, smooth, for a phone!!! sooo goooood",positive
"outstanding, wonderful, for a backpack",positive
"never again, hardly useless, the box includes a cable, for a backpack",negative
"incredibly outstanding, not very wonderful, for a keyboard",positive
"absolutely defective, for a laptop",negative
"@user123 said never highly recommend, the store had it in stock, for a keyboard",positive
"reliable, very outstanding, for a blender!!! sooo goooood",positive
"incredibly one star, not disappointing, for a laptop",negative
"@user123 said barely absolutely crashed, useless, it uses usb-c, for a backpack",negative
"check love, worst experience, i bought this in march, for a headphones http://spam.link/873",neutral
"perfect, stopped working, the store had it in stock, for a charger!!! sooo goooood",neutral
"@user123 said cheap plastic, for a charger",negative
"worst experience, for a laptop",negative
"top quality, disappointing, it weighs about 300 grams, for a backpack",neutral
"very works flawlessly, really exceeded expectations, for a blender",positive
"barely totally perfect, for a backpack",positive
"top quality, for a watch",positive
"<b>love, never brilliant, for a phone</b> &amp; more",positive
"<b>not hate, for a laptop</b> &amp; more",negative
"@user123 said reliable, it launched last year, for a blender",positive
"hardly highly recommend, for a backpack",neutral
"great value, not absolutely brilliant, for a headphones",positive
"absolutely one star, defective, the box includes a cable, for a blender!!! sooo goooood",negative
"totally brilliant, the company is based in ohio, for a blender",positive
"highly recommend, five stars, for a charger",positive
"never top quality, for a backpack",positive
"<b>never again, slow, for a blender</b> &amp; more",negative
"check reliable, useless, it uses usb-c, for a charger http://spam.link/415",neutral
"crashed, for a blender",negative
"check five stars, waste of money, the manual has 12 pages, for a watch http://spam.link/427",neutral
"great value, absolutely delighted, for a watch",positive
"never again, it uses usb-c, for a phone!!! sooo goooood",negative
"impressive, very outstanding, for a charger",positive
"superb, useless, the package arrived on tuesday, for a phone",neutral
"check hardly highly recommend, hardly absolutely superb, it comes in two colors, for a headphones http://spam.link/259",positive
"never reliable, for a headphones!!! sooo goooood",positive
"wonderful, never again, i bought this in march, for a charger",neutral
"<b>totally refund, does not work, for a laptop</b> &amp; more",negative
"never works flawlessly, fantastic, for a phone",positive
"not five stars, for a charger",positive
"absolutely highly recommend, the manual has 12 pages, for a watch",positive
"exceeded expectations, love, for a blender",positive
"check excellent, brilliant, for a backpack http://spam.link/329",positive
"check never incredibly broken, for a backpack http://spam.link/580",negative
"check love, useless, it uses usb-c, for a phone http://spam.link/708",neutral
"amazing, terrible, the app connects over bluetooth, for a backpack!!! sooo goooood",neutral
"hardly one star, for a phone",positive
"impressive, for a laptop",positive
"highly recommend, regret buying, i bought this in march, for a backpack",neutral
"incredibly fantastic, love, for a keyboard",positive
"not smooth, hardly top quality, for a phone",positive
"@user123 said outstanding, absolutely great value, for a keyboard",positive
"<b>never incredibly perfect, for a laptop</b> &amp; more",positive
"@user123 said excellent, disappointing, it uses usb-c, for a keyboard",neutral
"hardly really crashed, barely totally disappointing, for a charger",negative
"great value, never again, the app connects over bluetooth, for a backpack",neutral
"awful, for a charger",negative
"poor quality, very never again, the model number is xj-220, for a blender",negative
"not excellent, exceeded expectations, for a phone",positive
"brilliant, terrible, the app connects over bluetooth, for a charger",neutral
"check hardly five stars, never fantastic, for a laptop http://spam.link/208",positive
"not impressive, for a watch",positive
"great value, top quality, the app connects over bluetooth, for a laptop",positive
"incredibly stopped working, incredibly defective, the model number is xj-220, for a keyboard",negative
"terrible, hardly incredibly never again, for a headphones",negative
"reliable, cheap plastic, the company is based in ohio, for a laptop",neutral
"barely five stars, really top quality, i bought this in march, for a headphones",positive
"@user123 said works flawlessly, annoying, the app connects over bluetooth, for a watch",neutral
"really does not work, never hate, for a watch",negative
"reliable, useless, the model number is xj-220, for a blender",neutral
"<b>love, waste of money, the package arrived on tuesday, for a phone</b> &amp; more",neutral
"highly recommend, never again, the store had it in stock, for a laptop!!! sooo goooood",neutral
"check delighted, fantastic, for a laptop http://spam.link/950",positive
"not very five stars, for a charger",positive
"brilliant, does not work, the store had it in stock, for a headphones",neutral
"perfect, wonderful, for a watch",positive
"amazing, excellent, the store had it in stock, for a laptop",positive
"perfect, brilliant, for a phone",positive
"check best purchase, slow, it weighs about 300 grams, for a keyboard http://spam.link/990",neutral
"outstanding, cheap plastic, the box includes a cable, for a headphones",neutral
"barely never again, for a keyboard",negative
"exceeded expectations, refund, i bought this in march, for a backpack",neutral
"highly recommend, hardly delighted, for a laptop",positive
"refund, one star, for a watch",negative
"check incredibly smooth, it launched last year, for a blender http://spam.link/842",positive
"totally stopped working, for a keyboard",negative
"barely absolutely superb, brilliant, for a charger",positive
"@user123 said incredibly smooth, for a blender",positive
"highly recommend, the store had it in stock, for a phone",positive
"very fantastic, very outstanding, for a phone",positive
"check best purchase, crashed, it comes in two colors, for a backpack http://spam.link/633",neutral
"check totally highly recommend, for a phone http://spam.link/538",positive
"check really broken, hardly worst experience, for a phone http://spam.link/294",negative
"barely disappointing, defective, for a watch",negative
"absolutely works flawlessly, the app connects over bluetooth, for a watch",negative
"totally wonderful, really delighted, for a headphones",positive
"hardly terrible, the company is based in ohio, for a charger",negative
"<b>perfect, defective, the package arrived on tuesday, for a watch</b> &amp; more",neutral
"delighted, terrible, it uses usb-c, for a laptop",neutral
"barely impressive, incredibly exceeded expectations, it launched last year, for a charger",positive
"<b>not smooth, the box includes a cable, for a laptop</b> &amp; more",positive
"smooth, for a keyboard",positive
"useless, hate, for a keyboard",negative
"<b>not incredibly disappointing, for a blender</b> &amp; more",negative
"never very fantastic, for a watch",positive
"never again, for a watch",negative
"totally fantastic, for a charger",positive
"fantastic, for a charger",positive
"check really love, top quality, for a watch http://spam.link/129",positive
"really annoying, hate, i bought this in march, for a headphones!!! sooo goooood",negative
"@user123 said absolutely excellent, not absolutely excellent, the company is based in ohio, for a charger",positive
"<b>brilliant, for a watch</b> &amp; more",positive
"hardly cheap plastic, for a backpack",negative
"not awful, never again, for a backpack",negative
"check not incredibly excellent, for a laptop http://spam.link/165",positive
"hardly stopped working, hardly does not work, for a watch",negative
"five stars, defective, the app connects over bluetooth, for a phone",neutral
"never again, it weighs about 300 grams, for a keyboard",negative
"does not work, for a watch",negative
"check hardly five stars, for a phone http://spam.link/490",positive
"defective, useless, for a backpack",negative
"impressive, reliable, the manual has 12 pages, for a phone",positive
"five stars, best purchase, for a backpack",positive
"incredibly reliable, it comes in two colors, for a watch",positive
"totally amazing, for a watch",positive
"barely hate, the package arrived on tuesday, for a backpack",negative
"terrible, terrible, for a headphones",negative
"really top quality, for a laptop",positive
"totally perfect, love, the app connects over bluetooth, for a watch",positive
"not disappointing, it weighs about 300 grams, for a phone",negative
"barely crashed, does not work, it uses usb-c, for a phone",negative
"superb, awful, the company is based in ohio, for a backpack",neutral
"really useless, awful, it weighs about 300 grams, for a backpack",negative
"excellent, worst experience, it launched last year, for a watch",neutral
"amazing, refund, it uses usb-c, for a phone!!! sooo goooood",neutral
"barely absolutely superb, for a blender!!! sooo goooood",positive
"absolutely impressive, for a backpack!!! sooo goooood",positive
"very brilliant, for a headphones",positive
"<b>hardly does not work, slow, for a blender</b> &amp; more",negative
"smooth, worst experience, the manual has 12 pages, for a watch",neutral
"totally cheap plastic, regret buying, for a laptop",negative
"hardly really excellent, reliable, for a phone",positive
"waste of money, for a watch",negative
"defective, waste of money, the app connects over bluetooth, for a watch",negative
"smooth, does not work, the box includes a cable, for a backpack",neutral
"love, awful, the manual has 12 pages, for a phone",neutral
"@user123 said wonderful, for a blender",positive
"never exceeded expectations, for a headphones",neutral
"wonderful, refund, the company is based in ohio, for a charger",neutral
"worst experience, refund, the manual has 12 pages, for a keyboard",negative
"works flawlessly, the package arrived on tuesday, for a laptop",positive
"@user123 said smooth, brilliant, for a blender",positive
"not brilliant, for a phone!!! sooo goooood",positive
"love, for a watch",positive
"absolutely does not work, not totally stopped working, for a keyboard",negative
"@user123 said impressive, for a charger",positive
"<b>best purchase, superb, for a phone</b> &amp; more",positive
"@user123 said totally stopped working, for a phone",negative
"wonderful, disappointing, the manual has 12 pages, for a laptop!!! sooo goooood",neutral
"barely superb, for a backpack",positive
"smooth, for a laptop",positive
"poor quality, poor quality, for a backpack",negative
"<b>excellent, crashed, the company is based in ohio, for a phone</b> &amp; more",neutral
"never again, does not work, for a laptop",negative
"barely totally excellent, for a blender",positive
"love, one star, the company is based in ohio, for a backpack",neutral
"really brilliant, for a blender",positive
"brilliant, for a headphones",positive
"absolutely broken, disappointing, for a watch",negative
"totally highly recommend, highly recommend, for a watch",positive
"hardly fantastic, it launched last year, for a headphones",positive
"reliable, waste of money, the store had it in stock, for a blender",neutral
"amazing, it launched last year, for a laptop",positive
"check never does not work, the company is based in ohio, for a phone http://spam.link/780",negative
"outstanding, poor quality, the app connects over bluetooth, for a laptop",neutral
"exceeded expectations, poor quality, the app connects over bluetooth, for a keyboard",neutral
"@user123 said absolutely excellent, for a watch",positive
"very hate, for a headphones",negative
"smooth, incredibly amazing, for a backpack",positive
"incredibly exceeded expectations, never incredibly smooth, for a keyboard",positive
"never slow, really awful, the package arrived on tuesday, for a headphones",negative
"perfect, never again, the box includes a cable, for a blender",neutral
"excellent, poor quality, it uses usb-c, for a blender!!! sooo goooood",neutral
"slow, really terrible, for a watch",negative
"wonderful, refund, it comes in two colors, for a laptop",neutral
"highly recommend, for a backpack",positive
"amazing, never delighted, for a watch",positive
"really terrible, barely regret buying, it weighs about 300 grams, for a blender",negative
"barely crashed, stopped working, for a watch",negative
"smooth, defective, it weighs about 300 grams, for a phone",neutral
"exceeded expectations, crashed, it launched last year, for a keyboard",neutral
"hate, barely refund, for a backpack!!! sooo goooood",negative
"totally wonderful, works flawlessly, for a charger",positive
"great value, poor quality, the app connects over bluetooth, for a watch",neutral
"great value, absolutely excellent, for a headphones",positive
"highly recommend, excellent, for a laptop",positive
"never again, for a phone",negative
"not incredibly stopped working, for a headphones",negative
"top quality, i bought this in march, for a watch!!! sooo goooood",positive
"barely totally exceeded expectations, it uses usb-c, for a headphones",negative
"fantastic, outstanding, for a laptop",positive
"excellent, poor quality, it uses usb-c, for a watch",neutral
"check worst experience, the app connects over bluetooth, for a keyboard http://spam.link/329",negative
"absolutely love, for a phone",positive
"@user123 said cheap plastic, for a watch",negative
"outstanding, reliable, i bought this in march, for a phone!!! sooo goooood",positive
"<b>hardly poor quality, totally defective, for a backpack</b> &amp; more",negative
"totally stopped working, i bought this in march, for a keyboard",negative
"incredibly regret buying, broken, for a headphones",negative
"incredibly perfect, the company is based in ohio, for a phone",positive
"impressive, defective, the manual has 12 pages, for a headphones",neutral
"terrible, totally cheap plastic, for a headphones",negative
"slow, hardly poor quality, for a phone",negative
"incredibly annoying, for a phone",negative
"absolutely five stars, works flawlessly, for a backpack",positive
"worst experience, absolutely useless, for a charger",negative
"terrible, for a laptop",negative
"@user123 said poor quality, never again, for a blender",negative
"<b>never totally poor quality, never very annoying, for a backpack</b> &amp; more",positive
"impressive, really great value, for a blender",positive
"excellent, one star, the app connects over bluetooth, for a phone!!! sooo goooood",neutral
"check delighted, barely best purchase, for a keyboard http://spam.link/335",positive
"outstanding, for a watch",positive
"incredibly smooth, for a keyboard",positive
"check highly recommend, defective, it uses usb-c, for a blender http://spam.link/214",neutral
"highly recommend, defective, the app connects over bluetooth, for a blender",neutral
"outstanding, useless, it launched last year, for a phone",neutral
"impressive, for a charger!!! sooo goooood",positive
"top quality, for a backpack",positive
"check superb, awful, the box includes a cable, for a laptop http://spam.link/761",neutral
"check absolutely fantastic, reliable, for a watch http://spam.link/558",positive
"fantastic, slow, the package arrived on tuesday, for a headphones",neutral
"<b>cheap plastic, for a charger</b> &amp; more",negative
"really does not work, for a watch",negative
"great value, for a laptop",positive
"not slow, for a backpack",negative
"<b>refund, annoying, for a keyboard</b> &amp; more",negative
"@user123 said impressive, totally great value, for a backpack",positive
"incredibly great value, incredibly works flawlessly, for a backpack!!! sooo goooood",positive
"smooth, useless, the company is based in ohio, for a backpack",neutral
"waste of money, the package arrived on tuesday, for a keyboard",negative
"totally refund, barely incredibly slow, for a backpack",negative
"check highly recommend, one star, the model number is xj-220, for a phone http://spam.link/617",neutral
"never very perfect, the package arrived on tuesday, for a laptop",positive
"crashed, for a phone",negative
"amazing, for a blender",positive
"excellent, cheap plastic, it weighs about 300 grams, for a headphones",neutral
"smooth, great value, for a backpack",positive
"terrible, the company is based in ohio, for a backpack",negative
"highly recommend, defective, the app connects over bluetooth, for a headphones",neutral
"superb, totally delighted, for a keyboard!!! sooo goooood",positive
"excellent, terrible, the manual has 12 pages, for a headphones",neutral
"<b>top quality, worst experience, the package arrived on tuesday, for a laptop</b> &amp; more",neutral
"five stars, does not work, i bought this in march, for a laptop",neutral
"love, broken, it uses usb-c, for a keyboard",neutral
"impressive, regret buying, it uses usb-c, for a phone",neutral
"check superb, not brilliant, the store had it in stock, for a watch http://spam.link/139",positive
"outstanding, cheap plastic, it launched last year, for a backpack",neutral
"not amazing, for a keyboard",positive
"hardly superb, for a backpack",positive
"check superb, hardly absolutely delighted, for a watch http://spam.link/989",positive
"smooth, the app connects over bluetooth, for a backpack",positive
"not really does not work, worst experience, for a blender",negative
"does not work, absolutely slow, for a blender",negative
"totally poor quality, it launched last year, for a watch!!! sooo goooood",negative
"check smooth, hate, the package arrived on tuesday, for a headphones http://spam.link/829",neutral
"barely perfect, outstanding, the model number is xj-220, for a keyboard",positive
"@user123 said absolutely best purchase, not fantastic, for a laptop",positive
"barely brilliant, for a blender",positive
"hardly absolutely highly recommend, for a backpack",positive
"absolutely waste of money, for a keyboard",negative
"@user123 said really wonderful, not exceeded expectations, the app connects over bluetooth, for a backpack",positive
"absolutely smooth, the box includes a cable, for a phone",negative
"<b>superb, regret buying, it comes in two colors, for a charger</b> &amp; more",neutral
"absolutely brilliant, for a backpack",positive
"barely disappointing, cheap plastic, for a backpack",positive
"smooth, poor quality, the box includes a cable, for a keyboard",neutral
"check barely outstanding, barely works flawlessly, for a charger http://spam.link/941",positive
"totally best purchase, really fantastic, for a backpack",positive
"incredibly refund, the store had it in stock, for a backpack",neutral
"check very slow, useless, for a phone http://spam.link/833",negative
"defective, awful, for a blender",negative
"<b>top quality, very impressive, for a watch</b> &amp; more",positive
"outstanding, for a laptop",positive
"best purchase, annoying, the company is based in ohio, for a blender",neutral
"check hardly very impressive, for a blender http://spam.link/173",positive
"never useless, for a backpack",negative
"check hardly hate, for a backpack http://spam.link/849",negative
"@user123 said really worst experience, barely really hate, for a headphones",negative
"hardly top quality, never outstanding, for a keyboard!!! sooo goooood",positive
"delighted, incredibly excellent, the manual has 12 pages, for a charger",positive
"broken, does not work, it uses usb-c, for a watch",negative
"barely totally best purchase, exceeded expectations, it uses usb-c, for a blender",positive
"top quality, for a phone",positive
"great value, broken, i bought this in march, for a headphones",neutral
"smooth, the company is based in ohio, for a keyboard",positive
"very excellent, for a laptop",positive
"barely five stars, for a watch!!! sooo goooood",positive
"wonderful, amazing, for a keyboard",neutral
"check broken, for a watch http://spam.link/959",negative
"regret buying, for a headphones",negative
"excellent, for a keyboard",positive
"@user123 said very exceeded expectations, smooth, for a blender",positive
"superb, for a blender",positive
"very reliable, for a charger",positive
"never absolutely delighted, not incredibly amazing, the box includes a cable, for a keyboard",positive
"<b>delighted, for a backpack</b> &amp; more",positive
"stopped working, for a headphones",negative
"delighted, regret buying, it uses usb-c, for a laptop",neutral
"amazing, five stars, for a watch",positive
"totally never again, for a backpack",negative
"useless, totally does not work, for a charger",negative
"<b>barely awful, really stopped working, for a charger</b> &amp; more",negative
"outstanding, for a keyboard",positive
"@user123 said hardly incredibly reliable, delighted, for a charger",positive
"awful, annoying, for a charger",negative
"hardly works flawlessly, never brilliant, the package arrived on tuesday, for a phone",positive
"check waste of money, annoying, for a headphones http://spam.link/552",negative
"very annoying, for a blender",negative
"wonderful, terrible, it launched last year, for a headphones",neutral
"great value, the package arrived on tuesday, for a keyboard",negative
"wonderful, regret buying, the manual has 12 pages, for a charger",neutral
"<b>hardly annoying, for a phone</b> &amp; more",negative
"absolutely cheap plastic, for a charger",negative
"reliable, totally exceeded expectations, for a blender",positive
"perfect, for a charger",positive
"terrible, worst experience, the app connects over bluetooth, for a backpack",negative
"not top quality, delighted, for a charger",positive
"stopped working, terrible, for a backpack",negative
"very outstanding, for a laptop",positive
"<b>barely very perfect, the model number is xj-220, for a keyboard</b> &amp; more",positive
"never outstanding, barely great value, for a charger",positive
"slow, for a backpack",negative
"<b>really perfect, it comes in two colors, for a backpack</b> &amp; more",positive
"@user123 said never broken, really worst experience, the box includes a cable, for a phone",negative
"check amazing, reliable, for a watch http://spam.link/580",positive
"really love, absolutely love, for a charger",positive
"five stars, the package arrived on tuesday, for a backpack",positive
"check amazing, best purchase, i bought this in march, for a keyboard http://spam.link/868",positive
"<b>delighted, barely great value, the store had it in stock, for a laptop</b> &amp; more",positive
"hardly love, incredibly highly recommend, for a backpack",positive
"@user123 said never perfect, for a laptop",positive
"great value, useless, it uses usb-c, for a phone",neutral
"not stopped working, for a charger",negative
"excellent, for a keyboard",positive
"disappointing, for a keyboard",negative
"@user123 said best purchase, for a phone",positive
"highly recommend, useless, the model number is xj-220, for a watch",neutral
"five stars, hate, the package arrived on tuesday, for a backpack",neutral
"never very worst experience, hardly really broken, it launched last year, for a blender",negative
"slow, i bought this in march, for a backpack",negative
"outstanding, poor quality, it launched last year, for a keyboard",neutral
"excellent, for a watch",positive
"check excellent, broken, it launched last year, for a phone http://spam.link/698",neutral
"terrible, disappointing, for a backpack",neutral
"hardly very smooth, delighted, for a backpack!!! sooo goooood",positive
"incredibly brilliant, never brilliant, for a laptop",positive
"totally exceeded expectations, totally highly recommend, for a keyboard",positive
"very terrible, for a watch",negative
"really top quality, it launched last year, for a backpack",positive
"check delighted, for a laptop http://spam.link/488",positive
"disappointing, absolutely broken, for a watch",negative
"never amazing, hardly absolutely best purchase, the app connects over bluetooth, for a phone",positive
"check totally perfect, smooth, for a keyboard http://spam.link/223",positive
"works flawlessly, absolutely smooth, for a backpack",positive
"never useless, stopped working, for a watch",negative
"highly recommend, excellent, it uses usb-c, for a headphones",positive
"@user123 said hardly totally one star, for a watch",negative
"excellent, excellent, for a backpack",positive
"never crashed, hate, for a backpack",negative
"brilliant, for a charger",positive
"crashed, for a headphones",positive
"top quality, hardly superb, the store had it in stock, for a keyboard",positive
"incredibly slow, for a watch",negative
"amazing, for a blender",positive
"amazing, broken, the company is based in ohio, for a keyboard",neutral
"not incredibly smooth, brilliant, i bought this in march, for a charger",positive
"does not work, for a watch",negative
"incredibly fantastic, barely really amazing, i bought this in march, for a phone",positive
"top quality, for a laptop",positive
"love, defective, it comes in two colors, for a headphones",neutral
"<b>annoying, for a laptop</b> &amp; more",negative
"brilliant, refund, it comes in two colors, for a blender",neutral
"really top quality, for a backpack",positive
"superb, never again, the app connects over bluetooth, for a headphones!!! sooo goooood",neutral
"@user123 said barely very great value, for a watch",positive
"not totally defective, annoying, for a blender",neutral
"check amazing, defective, the model number is xj-220, for a phone http://spam.link/101",neutral
"totally five stars, for a backpack",neutral
"incredibly never again, the app connects over bluetooth, for a blender",negative
"never delighted, reliable, the package arrived on tuesday, for a watch",positive
"never waste of money, for a watch",negative
"refund, it comes in two colors, for a keyboard",negative
"@user123 said regret buying, barely hate, for a watch",negative
"@user123 said worst experience, i bought this in march, for a backpack",negative
"@user123 said regret buying, for a charger",negative
"refund, for a blender",positive
"five stars, disappointing, i bought this in march, for a phone",neutral
"@user123 said hate, for a laptop",negative
"barely incredibly annoying, it weighs about 300 grams, for a phone",negative
"five stars, never again, it comes in two colors, for a phone",neutral
"delighted, worst experience, i bought this in march, for a backpack!!! sooo goooood",neutral
"<b>hardly amazing, for a blender</b> &amp; more",positive
"@user123 said not terrible, totally regret buying, for a phone",negative
"really perfect, top quality, it launched last year, for a headphones",positive
"fantastic, top quality, for a watch",positive
"superb, perfect, for a keyboard",positive
"defective, barely very poor quality, it launched last year, for a laptop",positive
"check impressive, stopped working, the box includes a cable, for a blender http://spam.link/288",neutral
"<b>highly recommend, defective, it weighs about 300 grams, for a backpack</b> &amp; more",neutral
"barely incredibly poor quality, never again, for a watch",negative
"regret buying, totally broken, the app connects over bluetooth, for a headphones",negative
"very smooth, the model number is xj-220, for a laptop",positive
"check hate, cheap plastic, for a headphones http://spam.link/183",negative
"totally wonderful, delighted, i bought this in march, for a charger",positive
"@user123 said cheap plastic, slow, for a laptop",negative
"check barely brilliant, for a headphones http://spam.link/443",positive
"highly recommend, waste of money, i bought this in march, for a phone!!! sooo goooood",neutral
"brilliant, disappointing, the box includes a cable, for a laptop",neutral
"best purchase, poor quality, the app connects over bluetooth, for a watch",neutral
"hardly broken, hardly defective, for a charger",negative
"@user123 said excellent, for a watch",positive
"stopped working, broken, the box includes a cable, for a backpack",negative
"useless, for a laptop",negative
"smooth, awful, i bought this in march, for a blender",neutral
"@user123 said not top quality, best purchase, for a backpack",positive
"barely top quality, for a charger",positive
"annoying, really crashed, the store had it in stock, for a phone",negative
"barely smooth, impressive, for a phone!!! sooo goooood",positive
"defective, barely refund, for a keyboard",negative
"exceeded expectations, one star, i bought this in march, for a watch",neutral
"top quality, never perfect, for a watch",positive
"never wonderful, barely five stars, for a blender",positive
"<b>delighted, highly recommend, for a laptop</b> &amp; more",positive
"barely crashed, it comes in two colors, for a backpack",negative
"worst experience, the company is based in ohio, for a blender",negative
"hardly really waste of money, very does not work, for a phone",negative
"very excellent, for a laptop",positive
"very disappointing, for a blender",negative
"barely annoying, for a laptop!!! sooo goooood",negative
"fantastic, slow, it launched last year, for a laptop",neutral
"does not work, for a watch",negative
"<b>smooth, highly recommend, for a charger</b> &amp; more",positive
"works flawlessly, never smooth, the app connects over bluetooth, for a charger",positive
"amazing, crashed, the box includes a cable, for a watch",neutral
"impressive, hardly absolutely smooth, the store had it in stock, for a phone",positive
"excellent, love, for a phone!!! sooo goooood",positive
"very superb, for a blender",positive
"top quality, annoying, the package arrived on tuesday, for a phone",neutral
"defective, for a laptop",negative
"check reliable, never again, the company is based in ohio, for a charger http://spam.link/633",neutral
"@user123 said love, works flawlessly, for a charger",positive
"<b>terrible, the manual has 12 pages, for a keyboard</b> &amp; more",negative
"hardly worst experience, for a charger",negative
"five stars, awful, the manual has 12 pages, for a headphones",neutral
"delighted, stopped working, the box includes a cable, for a charger",neutral
"smooth, the company is based in ohio, for a backpack!!! sooo goooood",positive
"<b>never totally cheap plastic, absolutely one star, for a watch</b> &amp; more",negative
"best purchase, waste of money, the store had it in stock, for a keyboard",neutral
"regret buying, for a keyboard",negative
"annoying, for a keyboard",negative
"works flawlessly, terrible, it launched last year, for a laptop",neutral
"barely absolutely perfect, hardly delighted, for a backpack",positive
"cheap plastic, the box includes a cable, for a charger",negative
"not cheap plastic, never very crashed, for a backpack!!! sooo goooood",negative
"absolutely regret buying, for a blender",negative
"barely reliable, not five stars, for a charger",positive
"hardly love, for a blender!!! sooo goooood",positive
"best purchase, broken, it uses usb-c, for a phone",neutral
"absolutely five stars, it weighs about 300 grams, for a keyboard",positive
"check totally does not work, the store had it in stock, for a watch http://spam.link/216",negative
"absolutely slow, for a charger!!! sooo goooood",negative
"check barely really smooth, barely very perfect, it launched last year, for a keyboard http://spam.link/954",positive
"delighted, one star, the app connects over bluetooth, for a laptop",neutral
"works flawlessly, annoying, it weighs about 300 grams, for a phone",neutral
"really exceeded expectations, for a blender!!! sooo goooood",positive
"wonderful, annoying, the manual has 12 pages, for a backpack",neutral
"never very never again, totally waste of money, for a headphones",negative
"never very great value, for a charger",positive
"amazing, for a charger",positive
"barely great value, for a watch",positive
"hardly works flawlessly, for a phone",positive
"not outstanding, perfect, for a phone",positive
"@user123 said defective, for a phone",negative
"top quality, excellent, for a watch!!! sooo goooood",positive
"@user123 said absolutely great value, very fantastic, for a laptop",positive
"@user123 said excellent, highly recommend, for a watch",positive
"amazing, waste of money, the box includes a cable, for a backpack",neutral
"<b>brilliant, for a phone</b> &amp; more",positive
"@user123 said five stars, it launched last year, for a charger",positive
"hardly amazing, reliable, the company is based in ohio, for a blender",positive
"check exceeded expectations, does not work, the company is based in ohio, for a keyboard http://spam.link/585",neutral
"not very does not work, for a watch",negative
"<b>outstanding, slow, it uses usb-c, for a keyboard</b> &amp; more",neutral
"<b>very fantastic, very brilliant, for a keyboard</b> &amp; more",positive
"hardly exceeded expectations, for a phone",positive
"fantastic, terrible, the app connects over bluetooth, for a laptop",neutral
"<b>excellent, broken, it comes in two colors, for a phone</b> &amp; more",neutral
"not defective, hate, for a headphones",negative
"very amazing, delighted, for a charger!!! sooo goooood",positive
"not highly recommend, for a phone",positive
"very top quality, best purchase, for a headphones!!! sooo goooood",positive
"highly recommend, for a charger",positive
"hardly really amazing, for a headphones",positive
"barely incredibly outstanding, works flawlessly, for a watch",positive
"excellent, refund, it comes in two colors, for a blender",neutral
"works flawlessly, broken, it launched last year, for a laptop",neutral
"wonderful, perfect, for a phone",positive
"five stars, for a laptop",positive
"love, refund, it uses usb-c, for a headphones",neutral
"absolutely crashed, really annoying, it uses usb-c, for a watch",negative
"five stars, annoying, the manual has 12 pages, for a laptop",neutral
"never excellent, perfect, for a backpack",positive
"really refund, for a headphones!!! sooo goooood",negative
"hardly defective, for a laptop",negative
"hardly awful, terrible, it launched last year, for a backpack",negative
"check one star, for a backpack http://spam.link/812",positive
"excellent, hardly smooth, for a blender",positive
"works flawlessly, the store had it in stock, for a backpack!!! sooo goooood",positive
"check hardly five stars, hardly excellent, for a backpack http://spam.link/259",positive
"cheap plastic, hate, for a blender",negative
"@user123 said really best purchase, very outstanding, for a backpack",positive
"<b>never again, for a keyboard</b> &amp; more",negative
"impressive, never again, it uses usb-c, for a blender",neutral
"not excellent, for a laptop",positive
"<b>best purchase, broken, the package arrived on tuesday, for a phone</b> &amp; more",neutral
"terrible, hardly worst experience, for a blender",negative
"does not work, for a phone",negative
"exceeded expectations, absolutely great value, for a charger!!! sooo goooood",positive
"absolutely does not work, hardly really annoying, for a keyboard",negative
"five stars, crashed, i bought this in march, for a keyboard",neutral
"absolutely reliable, for a watch",neutral
"amazing, cheap plastic, the box includes a cable, for a backpack",neutral
"absolutely amazing, the box includes a cable, for a watch",positive
"barely outstanding, fantastic, the app connects over bluetooth, for a keyboard",positive
"not totally fantastic, amazing, the package arrived on tuesday, for a watch",positive
"@user123 said smooth, hardly fantastic, for a laptop",positive
"hardly totally wonderful, very wonderful, for a headphones",positive
"delighted, barely fantastic, for a laptop",positive
"very never again, it uses usb-c, for a charger!!! sooo goooood",negative
"<b>terrible, the model number is xj-220, for a blender</b> &amp; more",negative
"very impressive, for a charger",positive
"incredibly waste of money, the package arrived on tuesday, for a headphones",negative
"check incredibly crashed, for a headphones http://spam.link/391",negative
"totally perfect, hardly really delighted, it uses usb-c, for a keyboard",negative
"impressive, refund, the model number is xj-220, for a watch",neutral
"refund, stopped working, for a charger",negative
"<b>cheap plastic, not absolutely regret buying, for a blender</b> &amp; more",negative
"five stars, never again, the store had it in stock, for a phone",neutral
"fantastic, defective, the manual has 12 pages, for a headphones",neutral
"brilliant, superb, the manual has 12 pages, for a laptop",positive
"check amazing, waste of money, the package arrived on tuesday, for a keyboard http://spam.link/873",neutral
"defective, for a laptop",neutral
"fantastic, awful, the box includes a cable, for a headphones",neutral
"check absolutely highly recommend, for a blender http://spam.link/389",positive
"outstanding, crashed, the app connects over bluetooth, for a charger",neutral
"hardly five stars, incredibly exceeded expectations, for a laptop",positive
"check never delighted, for a headphones http://spam.link/612",positive
"impressive, works flawlessly, for a headphones!!! sooo goooood",positive
"amazing, regret buying, the company is based in ohio, for a backpack",neutral
"five stars, amazing, for a laptop",positive
"check barely one star, totally waste of money, for a blender http://spam.link/214",negative
"absolutely great value, very wonderful, i bought this in march, for a backpack",positive
"brilliant, for a headphones",positive
"hardly fantastic, i bought this in march, for a laptop",positive
"crashed, for a backpack",negative
"slow, incredibly poor quality, for a laptop",positive
"<b>impressive, for a laptop</b> &amp; more",positive
"never again, incredibly refund, for a headphones",negative
"defective, very one star, for a blender",negative
"check broken, worst experience, for a watch http://spam.link/265",negative
"highly recommend, for a backpack!!! sooo goooood",positive
"absolutely hate, not annoying, for a headphones",negative
"excellent, for a blender!!! sooo goooood",positive
"incredibly outstanding, outstanding, for a phone",positive
"reliable, defective, it weighs about 300 grams, for a watch!!! sooo goooood",neutral
"very works flawlessly, for a keyboard",positive
"great value, does not work, the manual has 12 pages, for a watch",neutral
"check superb, does not work, the company is based in ohio, for a laptop http://spam.link/823",neutral
"impressive, hate, the manual has 12 pages, for a keyboard",neutral
"annoying, hardly awful, for a laptop",negative
"brilliant, crashed, the company is based in ohio, for a watch",neutral
"absolutely fantastic, the package arrived on tuesday, for a watch",positive
"barely brilliant, hardly very brilliant, for a laptop!!! sooo goooood",positive
"totally awful, for a blender",negative
"best purchase, defective, it weighs about 300 grams, for a phone",neutral
"perfect, for a blender",positive
"absolutely broken, the app connects over bluetooth, for a laptop",negative
"fantastic, broken, the company is based in ohio, for a watch",neutral
"perfect, waste of money, the model number is xj-220, for a watch",neutral
"very disappointing, for a charger",negative
"great value, barely reliable, the model number is xj-220, for a phone",positive
"top quality, does not work, the model number is xj-220, for a backpack",neutral
"check smooth, crashed, it launched last year, for a headphones http://spam.link/927",neutral
"<b>terrible, the manual has 12 pages, for a keyboard</b> &amp; more",negative
"barely highly recommend, love, for a keyboard",positive
"perfect, highly recommend, the company is based in ohio, for a phone",positive
"<b>barely amazing, for a charger</b> &amp; more",positive
"never slow, defective, for a phone",negative
"never superb, totally love, for a backpack!!! sooo goooood",positive
"absolutely perfect, exceeded expectations, for a headphones",positive
"perfect, the app connects over bluetooth, for a laptop",positive
"love, incredibly perfect, it weighs about 300 grams, for a charger",positive
"one star, defective, for a blender",negative
"broken, absolutely annoying, i bought this in march, for a blender",negative
"barely totally love, incredibly delighted, for a phone",positive
"love, impressive, for a keyboard",positive
"totally does not work, it uses usb-c, for a blender",negative
"works flawlessly, does not work, it comes in two colors, for a phone",neutral
"best purchase, crashed, the model number is xj-220, for a watch",neutral
"barely very love, for a keyboard",positive
"incredibly smooth, top quality, for a phone",positive
"outstanding, annoying, the store had it in stock, for a charger",neutral
"check incredibly worst experience, for a phone http://spam.link/465",negative
"check not refund, worst experience, for a headphones http://spam.link/963",negative
"terrible, hate, for a keyboard",negative
"smooth, refund, it weighs about 300 grams, for a blender",neutral
"brilliant, does not work, the manual has 12 pages, for a laptop!!! sooo goooood",neutral
"@user123 said great value, not best purchase, for a backpack",positive
"reliable, barely totally excellent, the company is based in ohio, for a charger!!! sooo goooood",positive
"terrible, the package arrived on tuesday, for a watch",negative
"@user123 said terrible, it weighs about 300 grams, for a headphones",negative
"amazing, poor quality, the model number is xj-220, for a blender",neutral
"not poor quality, cheap plastic, for a phone",negative
"perfect, for a charger",positive
"<b>really regret buying, for a backpack</b> &amp; more",negative
"check crashed, for a backpack http://spam.link/809",negative
"@user123 said slow, broken, for a charger",negative
"outstanding, highly recommend, for a watch!!! sooo goooood",positive
"not best purchase, the manual has 12 pages, for a blender",positive
"barely disappointing, for a laptop",negative
"absolutely worst experience, it weighs about 300 grams, for a phone",negative
"terrible, disappointing, for a blender",negative
"check refund, crashed, for a headphones http://spam.link/876",negative
"not very top quality, love, the package arrived on tuesday, for a laptop",positive
"never great value, for a keyboard",positive
"absolutely amazing, reliable, the model number is xj-220, for a charger",positive
"brilliant, smooth, for a phone",positive
"amazing, annoying, the manual has 12 pages, for a blender",neutral
"<b>really defective, for a watch</b> &amp; more",negative
"barely incredibly reliable, for a keyboard!!! sooo goooood",positive
"broken, barely does not work, for a keyboard!!! sooo goooood",negative
"@user123 said works flawlessly, disappointing, the package arrived on tuesday, for a phone",neutral
"very one star, for a watch",negative
"outstanding, cheap plastic, i bought this in march, for a keyboard!!! sooo goooood",neutral
"check brilliant, waste of money, the store had it in stock, for a blender http://spam.link/519",neutral
"hate, for a laptop",negative
"check barely crashed, the app connects over bluetooth, for a phone http://spam.link/575",positive
"great value, for a charger!!! sooo goooood",positive
"incredibly broken, really terrible, the manual has 12 pages, for a laptop",negative
"top quality, one star, it uses usb-c, for a keyboard",neutral
"hate, disappointing, the box includes a cable, for a charger",negative
"incredibly outstanding, the model number is xj-220, for a watch",positive
"absolutely exceeded expectations, best purchase, for a watch",positive
"barely brilliant, the app connects over bluetooth, for a watch!!! sooo goooood",positive
"never waste of money, defective, i bought this in march, for a phone",negative
"barely slow, not broken, the model number is xj-220, for a blender",negative
"@user123 said really annoying, the package arrived on tuesday, for a laptop",negative
"very broken, incredibly disappointing, for a blender",negative
"reliable, stopped working, it uses usb-c, for a backpack",neutral
"highly recommend, hardly great value, for a phone",positive
"smooth, for a phone",positive
"check works flawlessly, delighted, for a charger http://spam.link/564",positive
"great value, for a keyboard",positive
"@user123 said totally delighted, for a watch",positive
"reliable, slow, the company is based in ohio, for a watch",neutral
"@user123 said works flawlessly, disappointing, it weighs about 300 grams, for a watch",neutral
"wonderful, i bought this in march, for a backpack",positive
"reliable, disappointing, the model number is xj-220, for a laptop",neutral
"love, does not work, the box includes a cable, for a watch",neutral
"very defective, for a blender",negative
"incredibly amazing, for a headphones",negative
"hardly never again, annoying, for a keyboard",negative
"@user123 said never delighted, for a laptop",positive
"@user123 said absolutely broken, worst experience, for a keyboard",negative
"fantastic, very great value, for a phone",positive
"never does not work, it uses usb-c, for a keyboard",negative
"check useless, awful, the manual has 12 pages, for a phone http://spam.link/922",negative
"brilliant, worst experience, i bought this in march, for a keyboard",neutral
"does not work, one star, for a laptop",positive
"totally brilliant, for a keyboard!!! sooo goooood",positive
"@user123 said absolutely delighted, brilliant, the model number is xj-220, for a keyboard",positive
"top quality, for a backpack",positive
"absolutely broken, hardly incredibly never again, for a blender",negative
"outstanding, delighted, for a watch",positive
"not very awful, broken, the manual has 12 pages, for a laptop",negative
"disappointing, hardly annoying, for a charger",negative
"<b>amazing, crashed, it uses usb-c, for a backpack</b> &amp; more",neutral
"superb, delighted, for a blender",positive
"<b>really excellent, not incredibly perfect, for a blender</b> &amp; more",positive
"barely totally reliable, the company is based in ohio, for a charger",positive
"barely totally hate, worst experience, for a phone",negative
"@user123 said exceeded expectations, stopped working, it comes in two colors, for a charger",neutral
"absolutely smooth, i bought this in march, for a phone",positive
"superb, for a headphones",positive
"outstanding, disappointing, it uses usb-c, for a laptop",neutral
"@user123 said superb, hate, the app connects over bluetooth, for a keyboard",neutral
"waste of money, refund, for a laptop",negative
"check wonderful, for a headphones http://spam.link/941",positive
"great value, never brilliant, for a watch",positive
"hardly hate, for a laptop",negative
"really brilliant, reliable, for a headphones",positive
"broken, awful, for a laptop",negative
"never refund, for a blender",negative
"impressive, for a backpack",positive
"one star, useless, it comes in two colors, for a laptop",positive
"never brilliant, it comes in two colors, for a charger",positive
"terrible, not waste of money, for a backpack",negative
"<b>really superb, incredibly top quality, the store had it in stock, for a blender</b> &amp; more",positive
"best purchase, for a keyboard",positive
"<b>annoying, for a headphones</b> &amp; more",negative
"not highly recommend, for a laptop",positive
"really brilliant, it weighs about 300 grams, for a watch",positive
"useless, hardly broken, for a blender",negative
"check best purchase, does not work, the app connects over bluetooth, for a charger http://spam.link/439",neutral
"highly recommend, worst experience, the store had it in stock, for a keyboard",neutral
"reliable, for a laptop",negative
"not reliable, perfect, for a backpack",positive
"not exceeded expectations, smooth, for a phone",positive
"slow, for a headphones",negative
"exceeded expectations, not wonderful, for a headphones!!! sooo goooood",positive
"highly recommend, never again, the model number is xj-220, for a headphones",neutral
"@user123 said love, the box includes a cable, for a watch",positive
"perfect, never again, i bought this in march, for a headphones",neutral
"hardly absolutely broken, for a phone",negative
"outstanding, hardly perfect, i bought this in march, for a phone",positive
"hardly absolutely never again, waste of money, for a blender",negative
"annoying, totally one star, for a headphones",negative
"terrible, for a charger",negative
"<b>disappointing, for a backpack</b> &amp; more",negative
"superb, brilliant, for a laptop",positive
"very annoying, the box includes a cable, for a charger",negative
"fantastic, barely fantastic, for a keyboard",positive
"never again, for a phone",negative
"never totally excellent, top quality, for a charger",positive
"stopped working, barely very cheap plastic, for a watch!!! sooo goooood",negative
"@user123 said best purchase, for a backpack",positive
"works flawlessly, refund, it uses usb-c, for a charger",neutral
"hardly delighted, for a headphones",positive
"really superb, for a phone",positive
"smooth, love, it launched last year, for a laptop",positive
"absolutely cheap plastic, for a phone",negative
"fantastic, smooth, the store had it in stock, for a backpack",positive
"never one star, for a watch",negative
"wonderful, regret buying, it launched last year, for a phone!!! sooo goooood",neutral
"<b>never crashed, disappointing, for a blender</b> &amp; more",negative
"incredibly delighted, for a laptop",positive
"works flawlessly, for a laptop",neutral
"refund, for a headphones",negative
"stopped working, the store had it in stock, for a blender",negative
"not really delighted, highly recommend, for a backpack",positive
"really defective, for a keyboard",negative
"wonderful, the company is based in ohio, for a headphones",positive
"best purchase, broken, the store had it in stock, for a headphones",neutral
"<b>never brilliant, never very five stars, for a charger</b> &amp; more",positive
"worst experience, for a blender",negative
"@user123 said reliable, terrible, i bought this in march, for a charger",neutral
"works flawlessly, for a backpack",positive
"not disappointing, broken, for a keyboard",negative
"not really highly recommend, superb, for a phone",positive
"absolutely superb, very great value, for a backpack",positive
"superb, it comes in two colors, for a watch",positive
"really annoying, hardly hate, it launched last year, for a charger",neutral
"broken, for a laptop",negative
"check incredibly disappointing, for a phone http://spam.link/187",negative
"five stars, refund, it launched last year, for a blender",neutral
"barely never again, for a laptop",negative
"hardly totally does not work, awful, for a headphones",negative
"smooth, terrible, the app connects over bluetooth, for a headphones",neutral
"excellent, excellent, for a charger",positive
"never totally smooth, for a headphones",positive
"hardly exceeded expectations, for a blender",positive
"<b>incredibly superb, it uses usb-c, for a charger</b> &amp; more",positive
"really excellent, the company is based in ohio, for a backpack!!! sooo goooood",positive
"top quality, regret buying, it weighs about 300 grams, for a backpack",neutral
"barely great value, love, for a charger",positive
"totally regret buying, stopped working, for a laptop",negative
"@user123 said hardly totally amazing, perfect, for a backpack",positive
"not terrible, really regret buying, for a phone",negative
"@user123 said hardly absolutely highly recommend, not brilliant, for a keyboard",positive
"works flawlessly, for a headphones",positive
"<b>very highly recommend, for a watch</b> &amp; more",positive
"really superb, the model number is xj-220, for a laptop",positive
"absolutely superb, for a backpack",positive
"incredibly terrible, for a laptop",negative
"crashed, absolutely useless, for a laptop",negative
"@user123 said hate, refund, for a watch",negative
"@user123 said impressive, it comes in two colors, for a charger",positive
"<b>not reliable, delighted, the company is based in ohio, for a headphones</b> &amp; more",positive
"top quality, regret buying, it comes in two colors, for a keyboard",neutral
"never waste of money, for a charger",negative
"amazing, for a headphones",positive
"waste of money, for a headphones",negative
"amazing, absolutely outstanding, for a blender",positive
"best purchase, for a charger",positive
"great value, for a laptop!!! sooo goooood",positive
"crashed, incredibly broken, for a headphones",negative
"very impressive, excellent, for a keyboard",positive
"reliable, one star, the app connects over bluetooth, for a keyboard",neutral
"hardly very best purchase, for a charger",positive
"perfect, i bought this in march, for a keyboard!!! sooo goooood",positive
"fantastic, worst experience, the app connects over bluetooth, for a blender",neutral
"totally annoying, hate, the box includes a cable, for a laptop",negative
"@user123 said perfect, for a keyboard",positive
"check absolutely love, superb, for a laptop http://spam.link/171",positive
"@user123 said absolutely terrible, disappointing, for a blender",negative
"incredibly reliable, wonderful, for a keyboard",positive
"check impressive, awful, i bought this in march, for a watch http://spam.link/863",neutral
"incredibly works flawlessly, not really reliable, for a charger",positive
"@user123 said never top quality, the package arrived on tuesday, for a blender",positive
"check never again, for a keyboard http://spam.link/768",negative
"regret buying, for a laptop",negative
"reliable, excellent, for a laptop",positive
"smooth, terrible, it weighs about 300 grams, for a watch",neutral
"best purchase, refund, it comes in two colors, for a laptop",neutral
"totally defective, for a keyboard",negative
"absolutely smooth, outstanding, for a headphones",positive
"never very useless, for a watch",negative
"annoying, for a backpack",negative
"great value, useless, it weighs about 300 grams, for a charger",neutral
"amazing, annoying, it launched last year, for a phone",neutral
"<b>very wonderful, totally reliable, for a backpack</b> &amp; more",positive
"great value, it uses usb-c, for a blender",positive
"<b>absolutely does not work, stopped working, the box includes a cable, for a watch</b> &amp; more",negative
"hardly refund, does not work, the store had it in stock, for a blender",negative
"love, awful, it launched last year, for a laptop!!! sooo goooood",neutral
"barely exceeded expectations, very outstanding, for a phone",positive
"poor quality, for a phone",negative
"never again, for a keyboard",negative
"excellent, stopped working, the app connects over bluetooth, for a laptop",neutral
"top quality, for a blender",positive
"perfect, defective, it launched last year, for a phone",neutral
"never brilliant, for a watch",positive
"outstanding, best purchase, for a phone",positive
"great value, love, for a backpack",positive
"hate, for a charger",negative
"one star, for a blender",negative
"wonderful, best purchase, for a charger",positive
"five stars, for a backpack",positive
"check top quality, incredibly delighted, for a watch http://spam.link/925",positive
"hardly terrible, for a charger",negative
"check wonderful, for a watch http://spam.link/220",positive
"hardly outstanding, for a phone",positive
"reliable, outstanding, the manual has 12 pages, for a laptop",positive
"refund, for a laptop",negative
"broken, never incredibly hate, for a watch",negative
"hardly very does not work, for a headphones!!! sooo goooood",negative
"highly recommend, regret buying, i bought this in march, for a watch",neutral
"never very perfect, incredibly love, for a phone",positive
"absolutely reliable, for a blender",positive
"disappointing, never absolutely broken, for a watch!!! sooo goooood",negative
"excellent, never again, it comes in two colors, for a keyboard!!! sooo goooood",neutral
"totally five stars, the model number is xj-220, for a phone",positive
"cheap plastic, totally broken, for a blender",negative
"<b>really best purchase, it comes in two colors, for a watch</b> &amp; more",positive
"absolutely one star, the model number is xj-220, for a keyboard",negative
"five stars, hate, the manual has 12 pages, for a charger",neutral
"reliable, really best purchase, for a watch",positive
"incredibly hate, for a watch",negative
"<b>five stars, crashed, the manual has 12 pages, for a headphones</b> &amp; more",neutral
"check amazing, annoying, the store had it in stock, for a blender http://spam.link/815",neutral
"works flawlessly, annoying, the box includes a cable, for a headphones",neutral
"totally one star, never never again, for a laptop",negative
"very hate, hardly cheap plastic, it weighs about 300 grams, for a headphones",negative
"delighted, terrible, the box includes a cable, for a headphones",neutral
"slow, i bought this in march, for a headphones",negative
"smooth, for a keyboard",positive
"five stars, useless, the package arrived on tuesday, for a backpack",neutral
"really annoying, for a blender",negative
"love, waste of money, the company is based in ohio, for a backpack",neutral
"absolutely broken, one star, for a laptop",negative
"reliable, does not work, it uses usb-c, for a charger",neutral
"very awful, for a laptop",negative
"wonderful, annoying, i bought this in march, for a headphones",neutral
"disappointing, stopped working, for a laptop",negative
"never really impressive, for a watch",positive
"crashed, annoying, for a backpack",negative
"disappointing, for a blender",negative
"highly recommend, regret buying, the manual has 12 pages, for a laptop",neutral
"incredibly perfect, very wonderful, the app connects over bluetooth, for a charger",positive
"broken, never defective, for a phone",negative
"not poor quality, for a keyboard",negative
"incredibly regret buying, useless, for a laptop",negative
"<b>delighted, for a blender</b> &amp; more",positive
"perfect, defective, the company is based in ohio, for a phone",neutral
"@user123 said not wonderful, fantastic, for a laptop",positive
"top quality, five stars, for a blender",positive
"five stars, refund, i bought this in march, for a phone",neutral
"top quality, incredibly perfect, it comes in two colors, for a keyboard",positive
"useless, for a watch",negative
"@user123 said wonderful, for a phone",positive
"<b>really defective, terrible, i bought this in march, for a watch</b> &amp; more",negative
"reliable, useless, the store had it in stock, for a charger",neutral
"barely perfect, works flawlessly, the package arrived on tuesday, for a blender",positive
"fantastic, the company is based in ohio, for a watch",positive
"@user123 said does not work, waste of money, for a backpack",negative
"awful, for a watch",negative
"broken, for a keyboard",negative
"@user123 said excellent, regret buying, the package arrived on tuesday, for a laptop",neutral
"impressive, for a backpack",positive
"hardly really annoying, does not work, for a headphones",negative
"best purchase, brilliant, for a headphones",negative
"very exceeded expectations, really top quality, for a blender",positive
"<b>poor quality, barely broken, for a charger</b> &amp; more",negative
"@user123 said amazing, for a laptop",positive
"works flawlessly, the package arrived on tuesday, for a keyboard",positive
"highly recommend, superb, the package arrived on tuesday, for a phone",positive
"superb, absolutely top quality, for a headphones",positive
"not smooth, exceeded expectations, for a laptop!!! sooo goooood",positive
"awful, it comes in two colors, for a backpack",negative
"<b>disappointing, hardly never again, for a laptop</b> &amp; more",negative
"not really does not work, for a laptop",negative
"smooth, broken, it comes in two colors, for a backpack",neutral
"wonderful, defective, the app connects over bluetooth, for a watch",neutral
"@user123 said smooth, for a backpack",positive
"@user123 said highly recommend, for a phone",positive
"outstanding, exceeded expectations, for a keyboard",positive
"refund, the manual has 12 pages, for a phone",negative
"cheap plastic, for a laptop",negative
"five stars, terrible, the app connects over bluetooth, for a charger",neutral
"highly recommend, for a laptop",positive
"not cheap plastic, stopped working, for a keyboard",negative
"delighted, broken, the box includes a cable, for a blender",neutral
"excellent, barely incredibly brilliant, for a backpack",positive
"annoying, for a charger",negative
"never really excellent, love, for a blender",positive
"annoying, really useless, for a laptop",negative
"check five stars, cheap plastic, the box includes a cable, for a blender http://spam.link/896",neutral
"best purchase, not perfect, it launched last year, for a watch",positive
"works flawlessly, for a charger",positive
"delighted, for a watch",positive
"incredibly best purchase, the company is based in ohio, for a phone",positive
"amazing, i bought this in march, for a charger",neutral
"brilliant, works flawlessly, for a watch",positive
"fantastic, annoying, it launched last year, for a laptop",neutral
"refund, for a watch!!! sooo goooood",negative
"hardly refund, for a phone",negative
"top quality, one star, the company is based in ohio, for a watch",neutral
"absolutely waste of money, for a keyboard!!! sooo goooood",positive
"exceeded expectations, poor quality, the model number is xj-220, for a keyboard",neutral
"exceeded expectations, annoying, the manual has 12 pages, for a phone",neutral
"<b>works flawlessly, for a charger</b> &amp; more",positive
"@user123 said hardly very exceeded expectations, it uses usb-c, for a keyboard",positive
"five stars, worst experience, it weighs about 300 grams, for a watch!!! sooo goooood",neutral
"really one star, broken, the box includes a cable, for a headphones",negative
"check totally poor quality, for a charger http://spam.link/652",negative
"terrible, the company is based in ohio, for a backpack",negative
"never crashed, barely does not work, it uses usb-c, for a laptop",negative
"highly recommend, cheap plastic, the company is based in ohio, for a headphones!!! sooo goooood",neutral
"brilliant, for a phone",positive
"check amazing, for a blender http://spam.link/504",positive
"@user123 said delighted, excellent, the model number is xj-220, for a phone",positive
"@user123 said delighted, highly recommend, for a headphones",positive
"not slow, hardly waste of money, for a laptop",negative
"not impressive, for a phone!!! sooo goooood",positive
"top quality, it launched last year, for a charger",positive
"<b>works flawlessly, outstanding, for a keyboard</b> &amp; more",positive
"hardly totally delighted, for a laptop!!! sooo goooood",positive
"@user123 said broken, for a blender",negative
"superb, stopped working, the company is based in ohio, for a headphones",neutral
"crashed, for a watch",negative
"reliable, for a laptop",negative
"very disappointing, for a laptop",negative
"superb, for a backpack!!! sooo goooood",positive
"hardly five stars, for a watch",positive
"<b>best purchase, the store had it in stock, for a phone</b> &amp; more",positive
"reliable, hate, the box includes a cable, for a charger",neutral
"brilliant, waste of money, it weighs about 300 grams, for a laptop",neutral
"wonderful, impressive, for a keyboard",positive
"regret buying, for a headphones",negative
"best purchase, for a laptop",positive
"not very love, for a watch",positive
"absolutely great value, perfect, for a watch",positive
"amazing, for a headphones",positive
"check impressive, never again, it launched last year, for a keyboard http://spam.link/603",neutral
"slow, it comes in two colors, for a keyboard",negative
"<b>brilliant, for a backpack</b> &amp; more",positive
"hardly does not work, the store had it in stock, for a keyboard",negative
"@user123 said excellent, regret buying, the package arrived on tuesday, for a laptop",neutral
"slow, for a phone",negative
"@user123 said defective, useless, for a laptop",negative
"really stopped working, for a phone",negative
"reliable, regret buying, the manual has 12 pages, for a blender",neutral
"superb, one star, it uses usb-c, for a laptop",neutral
"@user123 said awful, for a blender",negative
"best purchase, waste of money, the model number is xj-220, for a phone",neutral
"barely impressive, brilliant, for a headphones",positive
"hardly regret buying, cheap plastic, it weighs about 300 grams, for a phone",negative
"crashed, absolutely disappointing, for a laptop",negative
"superb, for a laptop",positive
"amazing, waste of money, the package arrived on tuesday, for a laptop",neutral
"check does not work, annoying, for a blender http://spam.link/646",negative
"excellent, poor quality, the store had it in stock, for a keyboard",neutral
"top quality, for a blender",positive
"fantastic, slow, it weighs about 300 grams, for a watch!!! sooo goooood",neutral
"hardly really excellent, hardly works flawlessly, for a laptop",positive
"<b>absolutely hate, the package arrived on tuesday, for a watch</b> &amp; more",negative
"does not work, for a charger",negative
"not terrible, stopped working, for a headphones",negative
"never totally terrible, not absolutely crashed, for a laptop",negative
"absolutely one star, absolutely slow, for a charger!!! sooo goooood",negative
"brilliant, for a backpack",positive
"disappointing, crashed, for a keyboard",negative
"superb, not exceeded expectations, for a watch",positive
"defective, for a keyboard",negative
"great value, terrible, i bought this in march, for a watch",neutral
"check cheap plastic, for a headphones http://spam.link/762",positive
"barely great value, barely best purchase, for a phone!!! sooo goooood",positive
"check best purchase, for a phone http://spam.link/601",positive
"not great value, superb, i bought this in march, for a charger",positive
"awful, for a headphones",negative
"hate, barely disappointing, for a laptop",negative
"amazing, for a blender",positive
"amazing, for a watch",positive
"fantastic, never very outstanding, the package arrived on tuesday, for a charger",positive
"five stars, highly recommend, it weighs about 300 grams, for a backpack",positive
"top quality, disappointing, the manual has 12 pages, for a headphones",negative
"<b>wonderful, five stars, for a headphones</b> &amp; more",positive
"totally great value, never impressive, for a laptop",positive
"never top quality, for a blender",positive
"fantastic, terrible, the store had it in stock, for a laptop",neutral
"best purchase, regret buying, the model number is xj-220, for a laptop",neutral
"@user123 said refund, for a blender",neutral
"brilliant, crashed, it launched last year, for a headphones",neutral
"not useless, cheap plastic, for a watch",neutral
"@user123 said incredibly disappointing, for a headphones",negative
"check brilliant, for a blender http://spam.link/211",positive
"delighted, cheap plastic, i bought this in march, for a watch",neutral
"annoying, barely refund, for a headphones",negative
"fantastic, smooth, for a watch",positive
"brilliant, useless, the store had it in stock, for a charger",neutral
"exceeded expectations, for a blender",positive
"not smooth, for a backpack",positive
"absolutely annoying, never awful, for a blender",negative
"@user123 said never really terrible, incredibly broken, for a charger",negative
"<b>works flawlessly, for a phone</b> &amp; more",positive
"hardly poor quality, hardly really slow, for a phone",negative
"@user123 said wonderful, slow, i bought this in march, for a phone",neutral
"never worst experience, very crashed, it uses usb-c, for a phone",negative
"wonderful, never incredibly brilliant, the store had it in stock, for a backpack",positive
"brilliant, incredibly delighted, for a keyboard",positive
"@user123 said not impressive, for a charger",positive
"<b>amazing, broken, it uses usb-c, for a backpack</b> &amp; more",neutral
"@user123 said best purchase, for a headphones",positive
"exceeded expectations, it comes in two colors, for a keyboard",positive
"incredibly waste of money, defective, it weighs about 300 grams, for a laptop",negative
"totally defective, for a blender",negative
"check incredibly broken, i bought this in march, for a laptop http://spam.link/532",negative
"check superb, regret buying, the model number is xj-220, for a charger http://spam.link/744",neutral
"hardly one star, broken, for a laptop",negative
"hardly top quality, for a watch!!! sooo goooood",positive
"never again, the manual has 12 pages, for a watch",negative
"@user123 said exceeded expectations, regret buying, the model number is xj-220, for a keyboard",neutral
"@user123 said highly recommend, one star, it comes in two colors, for a blender",neutral
"totally delighted, very impressive, for a keyboard",positive
"check top quality, for a keyboard http://spam.link/391",positive
"absolutely defective, disappointing, the box includes a cable, for a charger",negative
"hardly poor quality, the box includes a cable, for a headphones",negative
"never cheap plastic, terrible, for a charger",negative
"awful, barely does not work, for a keyboard",negative
"totally amazing, for a blender",positive
"amazing, wonderful, for a headphones",positive
"absolutely terrible, for a backpack",negative
"awful, barely regret buying, for a backpack",negative
"slow, for a headphones",negative
"absolutely exceeded expectations, reliable, for a laptop",positive
"barely delighted, for a blender",positive
"superb, the model number is xj-220, for a blender",positive
"never five stars, best purchase, for a blender!!! sooo goooood",positive
"brilliant, cheap plastic, it launched last year, for a backpack",neutral
"not really stopped working, the box includes a cable, for a backpack",negative
"cheap plastic, for a phone",negative
"absolutely superb, for a blender",positive
"totally stopped working, for a phone",negative
"outstanding, the store had it in stock, for a charger",positive
"very smooth, for a phone!!! sooo goooood",positive
"one star, for a laptop",negative
"does not work, absolutely slow, the manual has 12 pages, for a backpack",negative
"<b>not fantastic, never totally exceeded expectations, for a backpack</b> &amp; more",positive
"slow, disappointing, for a backpack!!! sooo goooood",negative
"best purchase, useless, the package arrived on tuesday, for a backpack",neutral
"impressive, waste of money, the app connects over bluetooth, for a phone",neutral
"top quality, it launched last year, for a keyboard",positive
"exceeded expectations, not love, for a charger",positive
"not highly recommend, barely top quality, for a backpack",positive
"hardly totally waste of money, never again, the company is based in ohio, for a blender",negative
"exceeded expectations, regret buying, it weighs about 300 grams, for a watch",neutral
"hardly regret buying, not useless, for a charger",negative
"impressive, broken, the model number is xj-220, for a blender",neutral
"check awful, for a watch http://spam.link/252",negative
"disappointing, for a watch",negative
"never very fantastic, never great value, for a backpack",positive
"very highly recommend, five stars, for a watch!!! sooo goooood",positive
"love, never wonderful, for a charger",positive
"check totally awful, not worst experience, for a blender http://spam.link/276",negative
"perfect, for a keyboard",positive
"superb, for a headphones",positive
"smooth, for a charger",positive
"highly recommend, never again, the manual has 12 pages, for a phone!!! sooo goooood",positive
"not poor quality, for a laptop",negative
"terrible, not very does not work, it comes in two colors, for a phone",negative
"disappointing, for a phone",negative
"brilliant, annoying, it weighs about 300 grams, for a watch",neutral
"hardly annoying, never again, for a keyboard",negative
"wonderful, defective, it weighs about 300 grams, for a watch",neutral
"not top quality, for a headphones",positive
"works flawlessly, really excellent, for a phone",positive
"never incredibly does not work, barely defective, the model number is xj-220, for a backpack",negative
"not terrible, terrible, for a blender",negative
"brilliant, crashed, the store had it in stock, for a phone",neutral
"barely brilliant, for a headphones",positive
"check not hate, for a backpack http://spam.link/306",negative
"totally awful, not very stopped working, for a blender!!! sooo goooood",negative
"works flawlessly, one star, it weighs about 300 grams, for a laptop",neutral
"top quality, for a keyboard",positive
"hardly really impressive, incredibly love, for a phone",positive
"great value, does not work, i bought this in march, for a watch",neutral
"<b>works flawlessly, for a blender</b> &amp; more",positive
"<b>really love, the store had it in stock, for a charger</b> &amp; more",positive
"top quality, awful, the company is based in ohio, for a charger",neutral
"incredibly crashed, not incredibly slow, for a laptop",negative
"<b>barely impressive, for a headphones</b> &amp; more",positive
"amazing, refund, the model number is xj-220, for a keyboard",neutral
"really refund, one star, for a charger",negative
"regret buying, never defective, for a backpack",negative
"@user123 said disappointing, cheap plastic, for a backpack",negative
"exceeded expectations, slow, it comes in two colors, for a charger",neutral
"not works flawlessly, for a laptop",positive
"hardly brilliant, highly recommend, the store had it in stock, for a keyboard",positive
"useless, useless, for a phone",negative
"amazing, for a headphones",positive
"check totally annoying, for a charger http://spam.link/923",negative
"never reliable, excellent, for a backpack!!! sooo goooood",positive
"fantastic, cheap plastic, it weighs about 300 grams, for a charger",neutral
"<b>terrible, for a headphones</b> &amp; more",negative
"defective, for a watch",negative
"excellent, waste of money, the store had it in stock, for a backpack",neutral
"smooth, poor quality, it uses usb-c, for a watch!!! sooo goooood",neutral
"<b>wonderful, does not work, the manual has 12 pages, for a charger</b> &amp; more",neutral
"absolutely does not work, really cheap plastic, for a phone",negative
"smooth, broken, it comes in two colors, for a blender",neutral
"five stars, cheap plastic, the app connects over bluetooth, for a watch",neutral
"incredibly wonderful, for a phone",positive
"@user123 said totally reliable, never exceeded expectations, for a keyboard",positive
"very reliable, for a charger",positive
"@user123 said poor quality, waste of money, it weighs about 300 grams, for a watch",negative
"incredibly impressive, for a charger",positive
"incredibly best purchase, for a laptop!!! sooo goooood",positive
"wonderful, for a laptop",positive
"useless, useless, the box includes a cable, for a backpack",negative
"hardly totally cheap plastic, hardly cheap plastic, for a phone",negative
"impressive, poor quality, it launched last year, for a charger",neutral
"exceeded expectations, one star, the store had it in stock, for a headphones",neutral
"<b>reliable, annoying, the box includes a cable, for a charger</b> &amp; more",neutral
"regret buying, the box includes a cable, for a laptop",negative
"barely broken, awful, for a backpack",negative
"delighted, wonderful, the package arrived on tuesday, for a headphones",positive
"delighted, delighted, for a backpack",positive
"stopped working, barely awful, for a phone",negative
"@user123 said barely very fantastic, for a blender",positive
"annoying, poor quality, the company is based in ohio, for a keyboard",negative
"superb, worst experience, the company is based in ohio, for a laptop",neutral
"<b>fantastic, disappointing, the store had it in stock, for a blender</b> &amp; more",neutral
"broken, for a blender!!! sooo goooood",negative
"hardly incredibly one star, hardly disappointing, for a laptop",negative
"<b>hardly totally top quality, for a backpack</b> &amp; more",positive
"incredibly exceeded expectations, for a keyboard",positive
"refund, terrible, for a keyboard",negative
"barely very great value, for a blender",positive
"never again, totally slow, it launched last year, for a laptop",negative
"totally impressive, very love, for a blender!!! sooo goooood",positive
"hardly reliable, brilliant, the manual has 12 pages, for a watch",positive
"slow, incredibly poor quality, for a keyboard",negative
"absolutely great value, barely excellent, for a blender",positive
"@user123 said incredibly smooth, for a backpack",positive
"not terrible, cheap plastic, the manual has 12 pages, for a charger",negative
"check slow, never really hate, for a backpack http://spam.link/487",negative
"absolutely brilliant, brilliant, the manual has 12 pages, for a charger",positive
"barely disappointing, for a charger",negative
"not top quality, for a keyboard",negative
"wonderful, useless, the manual has 12 pages, for a charger",neutral
"check incredibly love, it comes in two colors, for a phone http://spam.link/622",positive
"very annoying, never again, for a keyboard",negative
"absolutely annoying, for a blender",negative
"totally crashed, waste of money, for a backpack",negative
"check barely perfect, for a phone http://spam.link/895",positive
"really top quality, for a charger",positive
"amazing, hardly incredibly delighted, for a backpack",positive
"<b>love, it uses usb-c, for a laptop</b> &amp; more",positive
"<b>totally worst experience, totally worst experience, for a watch</b> &amp; more",negative
"awful, for a charger",negative
"cheap plastic, for a backpack",negative
"incredibly broken, for a phone",negative
"slow, poor quality, for a headphones",negative
"check totally highly recommend, highly recommend, for a headphones http://spam.link/257",positive
"best purchase, delighted, for a laptop",positive
"totally amazing, perfect, for a keyboard",positive
"superb, defective, the package arrived on tuesday, for a keyboard",neutral
"delighted, crashed, it uses usb-c, for a charger",neutral
"superb, does not work, it weighs about 300 grams, for a backpack",neutral
"great value, brilliant, the app connects over bluetooth, for a watch",positive
"check defective, really useless, the package arrived on tuesday, for a charger http://spam.link/941",negative
"best purchase, for a backpack",positive
"incredibly does not work, for a keyboard",negative
"hardly excellent, best purchase, for a headphones",positive
"superb, totally amazing, i bought this in march, for a laptop",positive
"barely crashed, it comes in two colors, for a phone",negative
"check awful, waste of money, for a watch http://spam.link/408",negative
"disappointing, hardly very refund, for a charger",negative
"check absolutely one star, for a headphones http://spam.link/657",negative
"@user123 said hardly love, absolutely top quality, the package arrived on tuesday, for a watch",positive
"perfect, slow, the app connects over bluetooth, for a charger",neutral
"perfect, hate, the app connects over bluetooth, for a blender",neutral
"crashed, for a headphones",negative
"<b>absolutely outstanding, hardly impressive, for a phone</b> &amp; more",positive
"@user123 said incredibly delighted, for a charger",positive
"wonderful, very outstanding, for a keyboard",positive
"not slow, regret buying, for a backpack",negative
"check incredibly impressive, for a phone http://spam.link/167",positive
"barely hate, useless, i bought this in march, for a blender",negative
"awful, incredibly hate, for a keyboard",negative
"absolutely works flawlessly, absolutely exceeded expectations, for a laptop",positive
"absolutely perfect, totally superb, for a laptop",positive
"love, worst experience, the box includes a cable, for a laptop",neutral
"hardly hate, not never again, for a backpack",negative
"barely great value, delighted, for a keyboard",positive
"<b>incredibly outstanding, for a backpack</b> &amp; more",positive
"smooth, annoying, it weighs about 300 grams, for a backpack",neutral
"check hardly refund, incredibly annoying, for a charger http://spam.link/715",negative
"brilliant, stopped working, i bought this in march, for a phone",neutral
"not totally cheap plastic, absolutely never again, it weighs about 300 grams, for a blender!!! sooo goooood",negative
"never great value, for a backpack",positive
"very waste of money, barely really slow, the model number is xj-220, for a laptop",negative
"barely really five stars, fantastic, for a laptop",positive
"terrible, regret buying, the model number is xj-220, for a watch",negative
"<b>hardly totally annoying, defective, for a watch</b> &amp; more",negative
"never incredibly amazing, for a headphones",neutral
"never really best purchase, delighted, for a charger",positive
"<b>disappointing, really cheap plastic, for a backpack</b> &amp; more",negative
"five stars, one star, the company is based in ohio, for a blender",neutral
"top quality, it weighs about 300 grams, for a charger!!! sooo goooood",positive
"delighted, refund, the company is based in ohio, for a blender!!! sooo goooood",neutral
"broken, the store had it in stock, for a blender",negative
"barely excellent, never smooth, for a headphones",positive
"@user123 said annoying, for a blender",negative
"@user123 said hardly very hate, for a laptop",negative
"totally useless, for a keyboard",negative
"works flawlessly, absolutely highly recommend, for a keyboard",positive
"impressive, for a watch!!! sooo goooood",positive
"really waste of money, really slow, for a watch",negative
"absolutely reliable, for a blender",positive
"wonderful, defective, the company is based in ohio, for a watch!!! sooo goooood",neutral
"never incredibly slow, totally waste of money, for a blender",negative
"barely highly recommend, for a charger",positive
"love, crashed, the box includes a cable, for a backpack",neutral
"barely absolutely crashed, for a blender",negative
"very superb, for a keyboard",positive
"never absolutely worst experience, for a laptop",negative
"totally disappointing, i bought this in march, for a charger",negative
"wonderful, regret buying, it launched last year, for a phone",neutral
"hardly absolutely highly recommend, superb, for a headphones",positive
"incredibly five stars, very excellent, for a blender",positive
"superb, poor quality, it weighs about 300 grams, for a phone",neutral
"<b>not top quality, brilliant, it launched last year, for a headphones</b> &amp; more",positive
"crashed, terrible, for a headphones",negative
"check totally waste of money, awful, for a backpack http://spam.link/149",negative
"fantastic, refund, the box includes a cable, for a headphones",neutral
"very superb, hardly smooth, for a backpack",positive
"really poor quality, hardly very annoying, for a blender",negative
"@user123 said perfect, worst experience, the manual has 12 pages, for a backpack",neutral
"really annoying, absolutely poor quality, for a backpack",negative
"hardly smooth, totally outstanding, for a keyboard",positive
"best purchase, absolutely amazing, for a laptop",positive
"brilliant, useless, it launched last year, for a headphones",neutral
"regret buying, for a laptop",negative
"crashed, hate, for a headphones",negative
"reliable, incredibly delighted, the store had it in stock, for a watch",positive
"barely superb, great value, for a blender",positive
"barely poor quality, for a charger",negative
"not one star, incredibly awful, for a headphones",negative
"<b>brilliant, for a headphones</b> &amp; more",positive
"does not work, broken, for a phone",negative
"excellent, for a phone",positive
"brilliant, never again, the store had it in stock, for a watch!!! sooo goooood",neutral
"not very crashed, annoying, the package arrived on tuesday, for a laptop",negative
"best purchase, never again, it comes in two colors, for a watch",neutral
"never again, not totally waste of money, for a keyboard",negative
"never very does not work, for a headphones",negative
"@user123 said hardly five stars, for a blender",positive
"delighted, the company is based in ohio, for a watch",positive
"brilliant, never absolutely smooth, for a backpack",positive
"@user123 said best purchase, not love, for a charger",positive
"regret buying, for a charger",negative
"never hate, for a laptop",negative
"brilliant, hate, the app connects over bluetooth, for a blender",neutral
"totally best purchase, for a charger!!! sooo goooood",positive
"<b>one star, hate, for a backpack</b> &amp; more",negative
"annoying, the manual has 12 pages, for a phone",negative
"barely love, for a laptop",positive
"perfect, not wonderful, for a blender",positive
"poor quality, the app connects over bluetooth, for a blender",negative
"top quality, for a blender",positive
"never terrible, defective, for a phone",negative
"great value, crashed, it comes in two colors, for a watch",neutral
"smooth, hardly superb, for a keyboard",positive
"disappointing, incredibly never again, for a laptop",negative
"hardly wonderful, never very fantastic, it uses usb-c, for a laptop",neutral
"hardly impressive, for a laptop",positive
"not slow, really poor quality, for a charger",negative
"delighted, excellent, for a keyboard",positive
"very works flawlessly, absolutely amazing, for a charger",positive
"defective, one star, the manual has 12 pages, for a headphones",negative
"@user123 said incredibly waste of money, awful, for a backpack",negative
"great value, it comes in two colors, for a headphones",positive
"not refund, the package arrived on tuesday, for a headphones",negative
"check hardly fantastic, never love, for a charger http://spam.link/661",positive
"totally delighted, impressive, it launched last year, for a charger",positive
"fantastic, totally brilliant, for a phone",positive
"wonderful, impressive, for a phone",positive
"@user123 said exceeded expectations, the manual has 12 pages, for a backpack",positive
"poor quality, barely awful, for a backpack",negative
"great value, broken, it launched last year, for a charger",neutral
"amazing, barely incredibly fantastic, for a blender",positive
"incredibly poor quality, hardly totally annoying, for a watch",negative
"terrible, for a backpack",negative
"absolutely brilliant, the store had it in stock, for a charger!!! sooo goooood",positive
"barely defective, for a charger",positive
"totally regret buying, hardly refund, for a phone",negative
"check totally five stars, incredibly love, for a charger http://spam.link/829",positive
"never love, for a blender",positive
"barely smooth, exceeded expectations, for a watch",positive
"one star, hate, the box includes a cable, for a phone",neutral
"five stars, barely really superb, for a phone!!! sooo goooood",positive
"never brilliant, the store had it in stock, for a backpack",positive
"check absolutely one star, refund, for a watch http://spam.link/439",negative
"really slow, for a keyboard",negative
"barely slow, hardly incredibly one star, the manual has 12 pages, for a blender",negative
"regret buying, not absolutely hate, for a blender",negative
"check smooth, waste of money, the manual has 12 pages, for a keyboard http://spam.link/213",neutral
"perfect, broken, it launched last year, for a blender",neutral
"@user123 said excellent, hate, i bought this in march, for a backpack",neutral
"hate, one star, it weighs about 300 grams, for a charger!!! sooo goooood",negative
"hardly absolutely reliable, for a laptop",positive
"five stars, does not work, it comes in two colors, for a laptop",neutral
"superb, regret buying, it weighs about 300 grams, for a phone",neutral
"top quality, never again, it comes in two colors, for a backpack",positive
"never really one star, for a backpack!!! sooo goooood",negative
"<b>never defective, it uses usb-c, for a headphones</b> &amp; more",negative
"hardly annoying, for a charger",negative
"superb, for a laptop",positive
"@user123 said perfect, five stars, the store had it in stock, for a headphones",positive
"amazing, love, for a charger",positive
"check absolutely one star, the model number is xj-220, for a watch http://spam.link/311",negative
"amazing, annoying, the box includes a cable, for a keyboard",positive
"excellent, for a keyboard",positive
"never totally worst experience, regret buying, it uses usb-c, for a watch",negative
"hardly reliable, never really wonderful, the model number is xj-220, for a keyboard",positive
"best purchase, waste of money, the app connects over bluetooth, for a headphones",neutral
"not awful, for a watch!!! sooo goooood",negative
"barely really works flawlessly, impressive, i bought this in march, for a blender",positive
"really outstanding, hardly absolutely delighted, for a backpack",positive
"wonderful, worst experience, the box includes a cable, for a laptop",neutral
"incredibly five stars, hardly incredibly fantastic, for a blender",positive
"top quality, does not work, it weighs about 300 grams, for a backpack",neutral
"awful, the manual has 12 pages, for a phone",negative
"not crashed, for a laptop",negative
"superb, for a backpack",positive
"<b>barely totally broken, it launched last year, for a laptop</b> &amp; more",negative
"highly recommend, highly recommend, for a laptop",positive
"fantastic, slow, the box includes a cable, for a phone",neutral
"really love, not totally perfect, for a laptop",positive
"never amazing, impressive, the box includes a cable, for a laptop",positive
"incredibly useless, for a laptop",negative
"check superb, reliable, the box includes a cable, for a blender http://spam.link/428",positive
"waste of money, incredibly slow, for a backpack",positive
"does not work, for a charger",negative
"barely best purchase, never works flawlessly, for a blender",positive
"absolutely impressive, for a phone",positive
"check smooth, highly recommend, it comes in two colors, for a laptop http://spam.link/950",positive
"impressive, hate, it uses usb-c, for a watch",neutral
"check top quality, awful, the model number is xj-220, for a blender http://spam.link/514",neutral
"barely absolutely superb, the app connects over bluetooth, for a charger",positive
"delighted, disappointing, it comes in two colors, for a headphones",neutral
"never crashed, totally never again, for a phone",negative
"hardly incredibly does not work, for a blender",negative
"reliable, crashed, the manual has 12 pages, for a laptop",neutral
"brilliant, awful, the company is based in ohio, for a backpack",neutral
"incredibly useless, for a charger",negative
"smooth, poor quality, the manual has 12 pages, for a blender",neutral
"perfect, for a watch",positive
"fantastic, never again, the manual has 12 pages, for a headphones",neutral
"not reliable, not incredibly wonderful, for a charger",positive
"hardly five stars, not very best purchase, for a watch",positive
"never reliable, very fantastic, for a headphones",positive
"great value, poor quality, it comes in two colors, for a blender",neutral
"great value, hardly top quality, it launched last year, for a phone",positive
"delighted, for a headphones!!! sooo goooood",positive
"annoying, it comes in two colors, for a watch",negative
"poor quality, annoying, for a backpack",negative
"hate, crashed, the store had it in stock, for a keyboard",negative
"great value, terrible, the store had it in stock, for a laptop",positive
"not really waste of money, never regret buying, the package arrived on tuesday, for a watch",negative
"hardly hate, for a laptop",negative
"very love, for a charger",positive
"incredibly great value, for a blender",positive
"@user123 said worst experience, really waste of money, for a watch",negative
"check amazing, barely incredibly great value, for a keyboard http://spam.link/781",positive
"hardly superb, i bought this in march, for a phone",positive
"<b>amazing, for a keyboard</b> &amp; more",positive
"barely does not work, for a charger",negative
"broken, never worst experience, for a backpack",negative
"annoying, broken, for a laptop",negative
"stopped working, for a backpack",negative
"delighted, slow, the box includes a cable, for a phone",neutral
"very best purchase, wonderful, for a headphones",positive
"worst experience, never again, for a charger",negative
"never really impressive, not impressive, for a keyboard",negative
"brilliant, cheap plastic, the manual has 12 pages, for a backpack",neutral
"excellent, for a backpack",positive
"works flawlessly, for a laptop",positive
"never love, hardly incredibly five stars, for a headphones",positive
"very regret buying, barely incredibly poor quality, the box includes a cable, for a backpack",negative
"brilliant, useless, the manual has 12 pages, for a watch",neutral
"barely really impressive, the store had it in stock, for a laptop",positive
"barely absolutely works flawlessly, totally five stars, for a keyboard",positive
"check love, it launched last year, for a charger http://spam.link/720",positive
"check amazing, very works flawlessly, for a phone http://spam.link/666",positive
"wonderful, defective, the manual has 12 pages, for a watch",negative
"outstanding, superb, the app connects over bluetooth, for a keyboard",positive
"reliable, for a watch",negative
"fantastic, one star, the model number is xj-220, for a blender",neutral
"absolutely never again, for a blender",negative
"impressive, crashed, it weighs about 300 grams, for a laptop",neutral
"love, wonderful, for a charger",positive
"never really one star, totally crashed, for a phone",negative
"hardly love, works flawlessly, for a laptop",positive
"absolutely worst experience, for a backpack",negative
"perfect, for a phone",positive
"absolutely refund, for a headphones",negative
"refund, the model number is xj-220, for a laptop",negative
"regret buying, regret buying, for a charger",negative
"hardly best purchase, for a backpack",positive
"works flawlessly, for a blender!!! sooo goooood",positive
"not very delighted, very brilliant, for a blender",positive
"poor quality, not useless, for a keyboard",negative
"<b>reliable, for a headphones</b> &amp; more",positive
"check hardly never again, for a headphones http://spam.link/155",negative
"reliable, defective, the company is based in ohio, for a backpack",neutral
"slow, the store had it in stock, for a headphones",negative
"totally outstanding, amazing, for a phone",positive
"love, waste of money, the model number is xj-220, for a laptop",neutral
"hardly totally awful, absolutely slow, the store had it in stock, for a phone",neutral
"perfect, for a watch",positive
"incredibly waste of money, for a blender",negative
"<b>amazing, terrible, the store had it in stock, for a watch</b> &amp; more",neutral
"outstanding, i bought this in march, for a charger",positive
"check exceeded expectations, one star, it launched last year, for a laptop http://spam.link/819",neutral
"check excellent, the app connects over bluetooth, for a laptop http://spam.link/973",positive
"disappointing, really does not work, for a blender",negative
"highly recommend, defective, the model number is xj-220, for a headphones",neutral
"best purchase, broken, the box includes a cable, for a laptop",neutral
"never disappointing, for a watch",negative
"hardly really broken, for a charger!!! sooo goooood",negative
"never really crashed, for a headphones",negative
"@user123 said incredibly one star, for a watch",negative
"@user123 said absolutely poor quality, very one star, the model number is xj-220, for a phone",negative
"works flawlessly, hate, the store had it in stock, for a headphones",neutral
"never totally never again, hate, for a watch!!! sooo goooood",negative
"check barely totally broken, the manual has 12 pages, for a blender http://spam.link/745",negative
"not totally reliable, hardly very excellent, for a laptop",positive
"love, for a watch",positive
"brilliant, stopped working, the app connects over bluetooth, for a watch",neutral
"<b>does not work, broken, for a charger</b> &amp; more",negative
"absolutely poor quality, for a blender",negative
"works flawlessly, hate, it weighs about 300 grams, for a blender",neutral
"@user123 said very amazing, for a keyboard",positive
"hardly very poor quality, hardly one star, for a blender",negative
"works flawlessly, useless, the box includes a cable, for a charger",neutral
"waste of money, worst experience, it uses usb-c, for a headphones",negative
"outstanding, totally top quality, for a phone!!! sooo goooood",positive
"@user123 said broken, for a backpack",negative
"exceeded expectations, does not work, i bought this in march, for a keyboard",neutral
"perfect, slow, i bought this in march, for a keyboard",neutral
"amazing, does not work, it weighs about 300 grams, for a blender!!! sooo goooood",neutral
"hardly absolutely stopped working, refund, for a laptop",negative
"@user123 said exceeded expectations, outstanding, for a blender",positive
"absolutely terrible, awful, the app connects over bluetooth, for a charger!!! sooo goooood",negative
"superb, for a phone",positive
"barely best purchase, very wonderful, the package arrived on tuesday, for a blender",positive
"check awful, the app connects over bluetooth, for a laptop http://spam.link/485",negative
"@user123 said works flawlessly, awful, the store had it in stock, for a headphones",neutral
"@user123 said stopped working, for a charger",negative
"really amazing, for a blender",negative
"@user123 said absolutely excellent, for a watch",positive
"one star, for a watch",negative
"great value, for a watch!!! sooo goooood",positive
"top quality, poor quality, it uses usb-c, for a phone",neutral
"refund, refund, for a laptop",negative
"five stars, defective, the store had it in stock, for a blender",neutral
"brilliant, annoying, the manual has 12 pages, for a charger",neutral
"smooth, does not work, it weighs about 300 grams, for a backpack",neutral
"amazing, defective, it uses usb-c, for a keyboard",neutral
"not best purchase, hardly best purchase, for a backpack",positive
"outstanding, stopped working, the store had it in stock, for a phone!!! sooo goooood",neutral
"never annoying, for a keyboard",negative
"not best purchase, very five stars, for a blender",positive
"best purchase, stopped working, the app connects over bluetooth, for a phone",neutral
"barely incredibly broken, the package arrived on tuesday, for a laptop",negative
"amazing, outstanding, for a phone",positive
"really amazing, not amazing, for a watch",positive
"check outstanding, annoying, the box includes a cable, for a headphones http://spam.link/472",neutral
"not absolutely reliable, for a backpack",positive
"delighted, one star, the company is based in ohio, for a laptop",neutral
"outstanding, never again, the package arrived on tuesday, for a keyboard",neutral
"@user123 said exceeded expectations, waste of money, the manual has 12 pages, for a watch",neutral
"@user123 said really wonderful, for a laptop",positive
"perfect, disappointing, the box includes a cable, for a charger",neutral
"hardly very waste of money, not absolutely never again, for a headphones",negative
"refund, for a blender",negative
"wonderful, for a watch",positive
"not five stars, for a blender",positive
"disappointing, terrible, the company is based in ohio, for a headphones",negative
"check never really works flawlessly, very amazing, for a watch http://spam.link/140",positive
"best purchase, one star, it comes in two colors, for a blender",neutral
"barely incredibly five stars, outstanding, for a charger",positive
"never wonderful, for a headphones",positive
"five stars, for a headphones",positive
"five stars, broken, the app connects over bluetooth, for a headphones!!! sooo goooood",neutral
"barely very great value, totally top quality, for a headphones",positive
"brilliant, waste of money, it uses usb-c, for a keyboard",neutral
"amazing, really superb, it launched last year, for a headphones",positive
"@user123 said not really smooth, for a keyboard",positive
"barely amazing, for a keyboard",positive
"amazing, i bought this in march, for a phone",positive
"outstanding, it launched last year, for a phone",positive
"not worst experience, for a keyboard",negative
"<b>delighted, hate, the company is based in ohio, for a keyboard</b> &amp; more",neutral
"really worst experience, slow, for a phone",negative
"absolutely wonderful, absolutely fantastic, for a blender!!! sooo goooood",positive
"not five stars, totally reliable, it weighs about 300 grams, for a charger",positive
"totally brilliant, for a keyboard",positive
"amazing, hardly top quality, for a watch",positive
"incredibly five stars, for a charger",positive
"<b>barely excellent, hardly absolutely superb, the manual has 12 pages, for a backpack</b> &amp; more",positive
"works flawlessly, not really love, for a watch",positive
"excellent, outstanding, it launched last year, for a charger",positive
"<b>perfect, poor quality, it uses usb-c, for a keyboard</b> &amp; more",neutral
"check absolutely excellent, for a charger http://spam.link/105",positive
"barely brilliant, for a charger",positive
"barely terrible, absolutely terrible, it uses usb-c, for a headphones",negative
"hardly useless, barely really disappointing, for a backpack",negative
"very regret buying, worst experience, the app connects over bluetooth, for a charger",negative
"check one star, annoying, the store had it in stock, for a backpack http://spam.link/549",negative
"excellent, absolutely works flawlessly, for a backpack",positive
"hardly totally defective, for a blender!!! sooo goooood",negative
"really broken, for a watch",negative
"check delighted, annoying, the store had it in stock, for a phone http://spam.link/917",neutral
"fantastic, exceeded expectations, for a keyboard",positive
"terrible, for a keyboard",negative
"amazing, disappointing, it weighs about 300 grams, for a keyboard",neutral
"hardly one star, broken, for a keyboard",negative
"exceeded expectations, disappointing, the manual has 12 pages, for a backpack",neutral
"reliable, for a laptop",positive
"incredibly defective, for a laptop",negative
"terrible, barely regret buying, for a laptop",negative
"never refund, i bought this in march, for a phone",negative
"outstanding, poor quality, the company is based in ohio, for a keyboard",neutral
"never exceeded expectations, the model number is xj-220, for a backpack",positive
"disappointing, for a phone",negative
"incredibly top quality, totally delighted, the model number is xj-220, for a charger",positive
"brilliant, best purchase, the store had it in stock, for a keyboard!!! sooo goooood",neutral
"best purchase, disappointing, it comes in two colors, for a phone",neutral
"excellent, useless, the manual has 12 pages, for a backpack",neutral
"@user123 said never broken, hate, for a laptop",negative
"barely absolutely crashed, barely disappointing, for a charger",negative
"best purchase, terrible, the store had it in stock, for a watch",neutral
"superb, for a charger",positive
"never annoying, does not work, for a phone",negative
"excellent, regret buying, it uses usb-c, for a laptop",neutral
"@user123 said not regret buying, very crashed, for a laptop",negative
"<b>refund, absolutely poor quality, the company is based in ohio, for a charger</b> &amp; more",negative
"reliable, absolutely superb, for a phone",positive
"incredibly useless, slow, for a blender!!! sooo goooood",negative
"<b>not fantastic, for a watch</b> &amp; more",positive
"barely love, wonderful, the company is based in ohio, for a charger",positive
"@user123 said smooth, for a blender",positive
"incredibly excellent, for a keyboard",positive
"works flawlessly, top quality, for a backpack",positive
"@user123 said waste of money, the app connects over bluetooth, for a headphones",negative
"works flawlessly, disappointing, it uses usb-c, for a backpack",neutral
"barely fantastic, for a blender",positive
"<b>outstanding, useless, the model number is xj-220, for a headphones</b> &amp; more",neutral
"totally slow, for a backpack",negative
"<b>annoying, for a watch</b> &amp; more",negative
"absolutely top quality, totally best purchase, for a backpack",positive
"outstanding, great value, i bought this in march, for a backpack",positive
"wonderful, top quality, for a backpack",positive
"hardly defective, for a headphones",negative
"<b>absolutely does not work, for a backpack</b> &amp; more",negative
"five stars, for a headphones",positive
"brilliant, totally impressive, for a headphones!!! sooo goooood",negative
"waste of money, never disappointing, for a watch",negative
"totally never again, for a blender",negative
"amazing, cheap plastic, it launched last year, for a keyboard",neutral
"not useless, crashed, for a phone",negative
"useless, for a watch",negative
"highly recommend, broken, it launched last year, for a charger",neutral
"awful, never poor quality, for a watch",negative
"check perfect, reliable, it uses usb-c, for a charger http://spam.link/129",positive
"incredibly never again, never incredibly defective, for a keyboard",negative
"amazing, one star, it weighs about 300 grams, for a keyboard",neutral
"superb, excellent, for a laptop",positive
"very smooth, barely perfect, i bought this in march, for a backpack",positive
"wonderful, i bought this in march, for a keyboard",positive
"hardly one star, for a headphones",neutral
"outstanding, worst experience, i bought this in march, for a charger",neutral
"wonderful, useless, the model number is xj-220, for a phone",neutral
"@user123 said wonderful, it weighs about 300 grams, for a phone",positive
"never totally outstanding, for a laptop",positive
"annoying, for a backpack",negative
"slow, hate, for a backpack!!! sooo goooood",negative
"love, i bought this in march, for a watch",positive
"incredibly love, the app connects over bluetooth, for a watch",positive
"barely defective, for a blender",negative
"never really perfect, for a keyboard",positive
"highly recommend, stopped working, the company is based in ohio, for a charger",neutral
"best purchase, annoying, the box includes a cable, for a laptop",neutral
"barely absolutely waste of money, really disappointing, for a blender",negative
"amazing, the company is based in ohio, for a keyboard!!! sooo goooood",positive
"wonderful, annoying, the store had it in stock, for a watch",neutral
"fantastic, the package arrived on tuesday, for a watch",positive
"check fantastic, for a watch http://spam.link/322",positive
"absolutely refund, for a blender",negative
"very outstanding, for a headphones",positive
"outstanding, for a headphones",positive
"not best purchase, for a headphones",positive
"check totally stopped working, for a headphones http://spam.link/153",negative
"top quality, waste of money, the store had it in stock, for a keyboard",neutral
"barely very amazing, best purchase, it uses usb-c, for a phone",positive
"barely does not work, for a phone",negative
"@user123 said brilliant, one star, it uses usb-c, for a keyboard",neutral
"<b>outstanding, the package arrived on tuesday, for a blender</b> &amp; more",positive
"highly recommend, defective, the model number is xj-220, for a laptop",neutral
"<b>exceeded expectations, useless, the company is based in ohio, for a keyboard</b> &amp; more",neutral
"best purchase, never superb, for a backpack",positive
"never cheap plastic, for a keyboard!!! sooo goooood",negative
"impressive, for a watch",positive
"love, for a backpack",negative
"slow, worst experience, for a watch",negative
"outstanding, poor quality, the model number is xj-220, for a phone",neutral
"broken, for a keyboard",negative
"totally regret buying, incredibly waste of money, for a phone",negative
"crashed, barely totally refund, the store had it in stock, for a laptop",negative
"check broken, the box includes a cable, for a charger http://spam.link/362",positive
"best purchase, crashed, it uses usb-c, for a phone",neutral
"top quality, for a charger",positive
"five stars, stopped working, the model number is xj-220, for a phone",neutral
"smooth, regret buying, the company is based in ohio, for a backpack",neutral
"outstanding, barely really best purchase, for a charger",positive
"top quality, hate, the manual has 12 pages, for a watch",neutral
"hardly incredibly disappointing, for a phone",negative
"superb, awful, the app connects over bluetooth, for a blender",neutral
"amazing, for a headphones",positive
"never highly recommend, love, for a watch",positive
"incredibly cheap plastic, never hate, for a keyboard",negative
"excellent, never again, the app connects over bluetooth, for a phone",neutral
"one star, never absolutely defective, for a headphones",negative
"excellent, annoying, the box includes a cable, for a phone",neutral
"check great value, hardly outstanding, for a laptop http://spam.link/203",positive
"<b>absolutely exceeded expectations, impressive, for a backpack</b> &amp; more",positive
"reliable, reliable, the manual has 12 pages, for a phone",positive
"amazing, worst experience, the company is based in ohio, for a blender",neutral
"totally stopped working, for a backpack",negative
"five stars, never again, the manual has 12 pages, for a laptop",neutral
"smooth, best purchase, for a keyboard",positive
"disappointing, the model number is xj-220, for a backpack",negative
"not perfect, barely very wonderful, for a headphones",positive
"@user123 said absolutely broken, stopped working, the box includes a cable, for a phone",negative
"absolutely slow, never hate, for a backpack!!! sooo goooood",negative
"absolutely poor quality, for a laptop",negative
"amazing, for a backpack",positive
"@user123 said smooth, refund, the store had it in stock, for a keyboard",neutral
"impressive, hardly superb, the store had it in stock, for a backpack!!! sooo goooood",positive
"love, awful, the model number is xj-220, for a laptop",neutral
"hardly incredibly highly recommend, for a watch",positive
"<b>delighted, the package arrived on tuesday, for a laptop</b> &amp; more",positive
"incredibly perfect, brilliant, for a charger",positive
"amazing, stopped working, it weighs about 300 grams, for a watch",neutral
"not very outstanding, exceeded expectations, for a keyboard",positive
"really defective, for a phone",positive
"never regret buying, for a headphones",positive
"check totally superb, fantastic, for a laptop http://spam.link/492",positive
"really amazing, barely really best purchase, the package arrived on tuesday, for a charger",negative
"check never again, i bought this in march, for a laptop http://spam.link/966",negative
"smooth, terrible, it weighs about 300 grams, for a charger!!! sooo goooood",neutral
"@user123 said very defective, for a phone",negative
"love, disappointing, the package arrived on tuesday, for a charger",neutral
"excellent, hardly smooth, for a charger",positive
"not highly recommend, very superb, for a charger",positive
"very slow, barely really hate, for a watch",negative
"awful, for a watch",negative
"check absolutely amazing, absolutely amazing, it comes in two colors, for a headphones http://spam.link/707",positive
"fantastic, useless, it launched last year, for a headphones",neutral
"outstanding, brilliant, the manual has 12 pages, for a laptop!!! sooo goooood",positive
"stopped working, i bought this in march, for a phone",negative
"very love, absolutely delighted, i bought this in march, for a headphones",positive
"excellent, broken, the manual has 12 pages, for a phone",neutral
"@user123 said reliable, barely brilliant, it comes in two colors, for a laptop",positive
"hate, broken, it launched last year, for a keyboard",negative
"hardly refund, not slow, for a laptop",negative
"awful, absolutely slow, the box includes a cable, for a laptop",negative
"reliable, love, for a watch",positive
"perfect, regret buying, it comes in two colors, for a headphones",neutral
"love, slow, the company is based in ohio, for a headphones",neutral
"impressive, annoying, i bought this in march, for a laptop",neutral
"hate, for a phone",negative
"superb, terrible, it comes in two colors, for a phone",neutral
"best purchase, annoying, the store had it in stock, for a backpack",neutral
"<b>superb, it launched last year, for a backpack</b> &amp; more",positive
"never again, annoying, it comes in two colors, for a laptop",negative
"check not reliable, for a blender http://spam.link/550",positive
"poor quality, hardly absolutely disappointing, the company is based in ohio, for a keyboard",negative
"incredibly perfect, never highly recommend, for a laptop",positive
"hardly wonderful, for a backpack",positive
"delighted, for a charger",positive
"barely incredibly wonderful, for a laptop",positive
"excellent, not really top quality, for a phone!!! sooo goooood",positive
"@user123 said hate, for a blender",negative
"not amazing, for a keyboard",positive
"check reliable, poor quality, i bought this in march, for a phone http://spam.link/792",neutral
"check fantastic, for a backpack http://spam.link/318",positive
"wonderful, regret buying, it uses usb-c, for a laptop",neutral
"annoying, for a blender",negative
"incredibly fantastic, hardly excellent, it launched last year, for a headphones",positive
"very crashed, for a keyboard",positive
"barely useless, really disappointing, the store had it in stock, for a charger",negative
"worst experience, one star, for a charger",negative
"broken, poor quality, for a blender",neutral
"barely stopped working, for a phone!!! sooo goooood",negative
"check not superb, it weighs about 300 grams, for a phone http://spam.link/851",positive
"excellent, crashed, it launched last year, for a laptop!!! sooo goooood",neutral
"check brilliant, cheap plastic, the app connects over bluetooth, for a blender http://spam.link/662",neutral
"totally amazing, for a blender",positive
"<b>really does not work, absolutely broken, for a blender</b> &amp; more",negative
"barely reliable, for a phone",positive
"incredibly useless, hardly absolutely useless, for a laptop",negative
"<b>hardly highly recommend, for a laptop</b> &amp; more",positive
"wonderful, outstanding, for a keyboard",positive
"not awful, incredibly awful, for a laptop",negative
"highly recommend, regret buying, the model number is xj-220, for a laptop",neutral
"incredibly refund, disappointing, for a watch",negative
"incredibly poor quality, incredibly worst experience, the app connects over bluetooth, for a phone",neutral
"absolutely waste of money, for a watch",negative
"really reliable, the app connects over bluetooth, for a charger",positive
"smooth, works flawlessly, for a watch",positive
"reliable, annoying, it weighs about 300 grams, for a keyboard",neutral
"check one star, for a phone http://spam.link/364",negative
"really exceeded expectations, for a blender",positive
"brilliant, annoying, it uses usb-c, for a keyboard",neutral
"not absolutely slow, never very worst experience, for a blender!!! sooo goooood",negative
"brilliant, for a keyboard",positive
"barely regret buying, for a laptop",negative
"very defective, the manual has 12 pages, for a phone!!! sooo goooood",negative
"annoying, for a blender",negative
"@user123 said awful, for a watch",negative
"not incredibly outstanding, not absolutely perfect, for a phone",positive
"stopped working, slow, for a phone",negative
"not awful, absolutely poor quality, for a keyboard",negative
"not incredibly poor quality, absolutely slow, it launched last year, for a phone",negative
"impressive, never again, the company is based in ohio, for a blender",neutral
"<b>smooth, five stars, it weighs about 300 grams, for a laptop</b> &amp; more",positive
"check impressive, for a phone http://spam.link/925",positive
"excellent, crashed, the store had it in stock, for a keyboard",neutral
"exceeded expectations, cheap plastic, the manual has 12 pages, for a laptop",neutral
"wonderful, great value, for a blender",positive
"not really broken, for a headphones",negative
"not exceeded expectations, the manual has 12 pages, for a backpack",positive
"check hardly annoying, worst experience, it comes in two colors, for a headphones http://spam.link/860",negative
"hardly reliable, superb, for a keyboard",positive
"check hardly totally one star, for a blender http://spam.link/306",negative
"<b>amazing, terrible, it uses usb-c, for a charger</b> &amp; more",positive
"absolutely annoying, worst experience, for a headphones",negative
"poor quality, cheap plastic, for a backpack",negative
"wonderful, for a blender",positive
"smooth, hardly very excellent, for a headphones",positive
"not absolutely delighted, for a headphones",positive
"smooth, the manual has 12 pages, for a phone",positive
"@user123 said totally best purchase, for a keyboard",positive
"exceeded expectations, best purchase, it weighs about 300 grams, for a watch",positive
"excellent, refund, the app connects over bluetooth, for a backpack",neutral
"@user123 said hate, regret buying, for a headphones",negative
"check brilliant, crashed, it uses usb-c, for a headphones http://spam.link/241",neutral
"hardly totally cheap plastic, incredibly worst experience, for a keyboard!!! sooo goooood",negative
"@user123 said refund, for a charger",negative
"check barely really love, for a laptop http://spam.link/260",positive
"best purchase, disappointing, it weighs about 300 grams, for a charger",neutral
"fantastic, one star, it launched last year, for a laptop!!! sooo goooood",neutral
"outstanding, regret buying, the company is based in ohio, for a laptop",neutral
"one star, for a keyboard",negative
"disappointing, refund, for a phone",negative
"really annoying, for a charger",negative
"wonderful, hate, the model number is xj-220, for a phone",neutral
"works flawlessly, regret buying, the store had it in stock, for a charger!!! sooo goooood",neutral
"perfect, for a blender",positive
"<b>never incredibly top quality, the box includes a cable, for a laptop</b> &amp; more",positive
"check not terrible, really never again, for a charger http://spam.link/575",negative
"five stars, crashed, it launched last year, for a backpack",neutral
"disappointing, for a watch",negative
"very exceeded expectations, hardly highly recommend, the model number is xj-220, for a keyboard",positive
"@user123 said brilliant, defective, it uses usb-c, for a blender",neutral
"<b>worst experience, i bought this in march, for a blender</b> &amp; more",negative
"barely cheap plastic, not totally annoying, for a headphones",negative
"stopped working, not really refund, for a watch!!! sooo goooood",negative
"totally crashed, stopped working, for a keyboard",negative
"amazing, totally works flawlessly, for a keyboard",positive
"check works flawlessly, never absolutely love, it weighs about 300 grams, for a keyboard http://spam.link/149",positive
"smooth, totally best purchase, for a keyboard",positive
"fantastic, never really reliable, for a phone",positive
"does not work, annoying, it weighs about 300 grams, for a watch",negative
"never poor quality, for a phone",neutral
"impressive, the store had it in stock, for a phone",positive
"<b>never reliable, for a blender</b> &amp; more",positive
"hardly slow, for a charger",negative
"worst experience, slow, for a charger",negative
"never reliable, very smooth, it weighs about 300 grams, for a charger",negative
"check never highly recommend, for a blender http://spam.link/736",negative
"@user123 said impressive, fantastic, it weighs about 300 grams, for a keyboard",positive
"brilliant, annoying, it uses usb-c, for a blender",neutral
"love, disappointing, the store had it in stock, for a blender",neutral
"highly recommend, stopped working, it comes in two colors, for a charger",neutral
"check not very superb, totally exceeded expectations, for a blender http://spam.link/818",positive
"<b>never really disappointing, never again, for a keyboard</b> &amp; more",negative
"<b>hate, never totally never again, for a watch</b> &amp; more",negative
"delighted, for a headphones",positive
"absolutely crashed, broken, for a headphones!!! sooo goooood",negative
"never terrible, regret buying, for a headphones",negative
"outstanding, annoying, it weighs about 300 grams, for a phone",neutral
"not very poor quality, for a phone",negative
"crashed, very crashed, for a laptop",negative
"check absolutely hate, for a headphones http://spam.link/179",positive
"not very love, for a charger",neutral
"check absolutely impressive, very works flawlessly, for a blender http://spam.link/253",positive
"outstanding, awful, it weighs about 300 grams, for a headphones",neutral
"check does not work, hate, for a watch http://spam.link/812",negative
"not totally wonderful, for a headphones",positive
"very crashed, for a keyboard",positive
"incredibly wonderful, exceeded expectations, for a charger",positive
"stopped working, for a watch",negative
"impressive, barely fantastic, for a watch",positive
"check top quality, never again, the box includes a cable, for a backpack http://spam.link/297",neutral
"best purchase, outstanding, for a watch",positive
"totally worst experience, it uses usb-c, for a phone",negative
"really disappointing, not terrible, for a headphones",negative
"<b>hate, for a backpack</b> &amp; more",negative
"not very crashed, not cheap plastic, for a keyboard",negative
"never again, for a keyboard",negative
"barely love, totally exceeded expectations, for a phone",positive
"@user123 said brilliant, annoying, it launched last year, for a watch",neutral
"really regret buying, for a charger",negative
"highly recommend, love, i bought this in march, for a watch",positive
"barely useless, totally refund, for a charger",negative
"exceeded expectations, the box includes a cable, for a blender!!! sooo goooood",positive
"really love, totally wonderful, for a laptop",positive
"wonderful, really excellent, for a headphones",positive
"outstanding, for a backpack",positive
"wonderful, awful, it weighs about 300 grams, for a phone",neutral
"barely excellent, for a phone!!! sooo goooood",positive
"absolutely fantastic, for a watch",positive
"@user123 said highly recommend, barely smooth, for a charger",positive
"barely best purchase, not works flawlessly, for a laptop",positive
"crashed, for a laptop",negative
"brilliant, annoying, the store had it in stock, for a watch!!! sooo goooood",neutral
"check brilliant, cheap plastic, it weighs about 300 grams, for a keyboard http://spam.link/448",neutral
"<b>defective, the package arrived on tuesday, for a phone</b> &amp; more",negative
"top quality, for a keyboard",positive
"very five stars, smooth, for a headphones",positive
"brilliant, absolutely smooth, for a headphones",positive
"@user123 said crashed, the company is based in ohio, for a blender",negative
"check five stars, incredibly top quality, for a keyboard http://spam.link/700",positive
"check never excellent, the company is based in ohio, for a keyboard http://spam.link/611",positive
"never never again, never again, for a watch",negative
"check regret buying, very hate, for a charger http://spam.link/192",negative
"hardly very worst experience, for a keyboard",negative
"reliable, one star, it uses usb-c, for a blender",neutral
"refund, for a watch",negative
"very awful, regret buying, for a laptop",negative
"amazing, incredibly delighted, for a keyboard",positive
"brilliant, crashed, the model number is xj-220, for a headphones",neutral
"superb, slow, it weighs about 300 grams, for a blender",neutral
"waste of money, for a laptop",negative
"<b>never outstanding, not totally five stars, for a headphones</b> &amp; more",positive
"check top quality, for a backpack http://spam.link/282",positive
"absolutely worst experience, poor quality, for a laptop",negative
"@user123 said not annoying, incredibly disappointing, for a laptop",positive
"check outstanding, hate, the store had it in stock, for a phone http://spam.link/807",neutral
"check perfect, for a charger http://spam.link/430",positive
"really fantastic, brilliant, i bought this in march, for a laptop!!! sooo goooood",positive
"works flawlessly, for a watch",positive
"never really useless, for a laptop",negative
"impressive, regret buying, it uses usb-c, for a laptop",neutral
"very exceeded expectations, perfect, the app connects over bluetooth, for a phone",positive
"love, for a blender",positive
"@user123 said works flawlessly, cheap plastic, it uses usb-c, for a phone",neutral
"amazing, cheap plastic, the manual has 12 pages, for a keyboard",neutral
"delighted, for a backpack",positive
"reliable, for a keyboard",positive
"very fantastic, it weighs about 300 grams, for a watch",positive
"defective, for a watch",negative
"never never again, defective, for a keyboard",negative
"superb, terrible, the app connects over bluetooth, for a watch",negative
"not really perfect, for a backpack",positive
"works flawlessly, worst experience, it launched last year, for a watch",neutral
"really brilliant, incredibly five stars, for a headphones",positive
"not great value, for a charger",positive
"useless, for a watch",negative
"really great value, for a phone!!! sooo goooood",positive
"great value, regret buying, the store had it in stock, for a blender!!! sooo goooood",neutral
"hardly one star, for a headphones",negative
"hardly never again, defective, the model number is xj-220, for a watch",negative
"broken, for a charger",negative
"best purchase, for a backpack",positive
"<b>does not work, incredibly slow, for a phone</b> &amp; more",negative
"superb, cheap plastic, the company is based in ohio, for a charger",neutral
"brilliant, amazing, for a charger!!! sooo goooood",positive
"not outstanding, barely five stars, for a phone",positive
"works flawlessly, regret buying, it weighs about 300 grams, for a backpack",neutral
"@user123 said great value, refund, the manual has 12 pages, for a watch",neutral
"not crashed, for a phone",negative
"works flawlessly, hate, the app connects over bluetooth, for a charger",neutral
"useless, for a charger",negative
"reliable, very works flawlessly, for a blender",positive
"@user123 said not totally perfect, delighted, for a blender",positive
"incredibly worst experience, worst experience, for a charger",negative
"delighted, barely excellent, for a backpack",positive
"great value, for a watch",positive
"perfect, for a blender!!! sooo goooood",positive
"check absolutely amazing, for a blender http://spam.link/736",positive
"absolutely brilliant, incredibly fantastic, for a blender",positive
"@user123 said totally great value, the model number is xj-220, for a phone",negative
"@user123 said barely disappointing, never again, for a backpack",negative
"annoying, never totally disappointing, for a charger",negative
"<b>barely top quality, amazing, for a keyboard</b> &amp; more",positive
"absolutely impressive, for a backpack",positive
"@user123 said poor quality, absolutely refund, for a headphones",negative
"@user123 said very cheap plastic, the app connects over bluetooth, for a headphones",negative
"five stars, wonderful, for a backpack!!! sooo goooood",positive
"highly recommend, for a backpack",positive
"<b>not absolutely stopped working, never again, for a blender</b> &amp; more",negative
"perfect, for a laptop",positive
"barely really one star, does not work, for a watch",negative
"regret buying, for a watch",negative
"@user123 said highly recommend, slow, it comes in two colors, for a keyboard",neutral
"check outstanding, crashed, the company is based in ohio, for a blender http://spam.link/110",neutral
"<b>fantastic, cheap plastic, the box includes a cable, for a phone</b> &amp; more",neutral
"brilliant, for a backpack",positive
"<b>really awful, it weighs about 300 grams, for a watch</b> &amp; more",negative
"does not work, incredibly crashed, it launched last year, for a phone",negative
"never incredibly waste of money, the store had it in stock, for a laptop!!! sooo goooood",negative
"highly recommend, top quality, for a keyboard",positive
"@user123 said reliable, awful, the package arrived on tuesday, for a phone",neutral
"reliable, barely very amazing, for a watch",positive
"fantastic, exceeded expectations, it weighs about 300 grams, for a watch",positive
"top quality, top quality, for a backpack",positive
"wonderful, great value, for a backpack",positive
"really terrible, for a backpack",negative
"perfect, for a blender",positive
"barely absolutely annoying, for a blender",negative
"impressive, hate, i bought this in march, for a blender",neutral
"delighted, very top quality, it launched last year, for a watch",positive
"never very brilliant, works flawlessly, the box includes a cable, for a phone",positive
"amazing, for a phone!!! sooo goooood",positive
"top quality, it comes in two colors, for a keyboard",positive
"delighted, poor quality, it launched last year, for a phone",neutral
"very fantastic, barely works flawlessly, for a watch",positive
"stopped working, stopped working, for a phone",negative
"<b>never love, smooth, for a keyboard</b> &amp; more",positive
"barely incredibly five stars, it weighs about 300 grams, for a headphones",negative
"incredibly slow, for a headphones",negative
"hardly very best purchase, really five stars, for a phone",positive
"check delighted, awful, the model number is xj-220, for a watch http://spam.link/569",neutral
"<b>never slow, the box includes a cable, for a headphones</b> &amp; more",negative
"barely excellent, never absolutely outstanding, for a phone",positive
"never totally works flawlessly, never very outstanding, for a watch!!! sooo goooood",positive
"not one star, for a laptop",negative
"five stars, does not work, the package arrived on tuesday, for a headphones",neutral
"not hate, for a backpack",negative
"<b>totally works flawlessly, five stars, for a laptop</b> &amp; more",positive
"incredibly slow, very slow, the model number is xj-220, for a phone",negative
"wonderful, not best purchase, it weighs about 300 grams, for a headphones",positive
"totally best purchase, exceeded expectations, for a keyboard!!! sooo goooood",positive
"superb, refund, the app connects over bluetooth, for a watch",neutral
"not regret buying, terrible, for a backpack",negative
"check reliable, great value, for a backpack http://spam.link/212",positive
"check works flawlessly, absolutely top quality, for a keyboard http://spam.link/607",positive
"highly recommend, for a laptop",positive
"excellent, it weighs about 300 grams, for a charger",positive
"@user123 said defective, really stopped working, the box includes a cable, for a headphones",negative
"@user123 said regret buying, for a backpack",negative
"hate, annoying, for a charger",negative
"<b>great value, totally amazing, for a blender</b> &amp; more",negative
"works flawlessly, not really smooth, for a charger",positive
"check not very amazing, for a phone http://spam.link/605",positive
"excellent, slow, the app connects over bluetooth, for a blender",neutral
"barely hate, the package arrived on tuesday, for a charger",negative
"cheap plastic, cheap plastic, for a phone",negative
"not terrible, disappointing, for a blender",negative
"check one star, for a headphones http://spam.link/474",negative
"outstanding, it comes in two colors, for a phone",positive
"best purchase, useless, it comes in two colors, for a blender",neutral
"waste of money, very refund, for a blender",negative
"really five stars, the manual has 12 pages, for a backpack",positive
"refund, does not work, for a blender",negative
"<b>not great value, the package arrived on tuesday, for a blender</b> &amp; more",positive
"fantastic, hate, the model number is xj-220, for a headphones",neutral
"check outstanding, delighted, for a headphones http://spam.link/433",positive
"@user123 said never again, barely absolutely refund, for a keyboard",negative
"not poor quality, barely slow, for a laptop",negative
"really excellent, not very superb, for a headphones!!! sooo goooood",positive
"does not work, for a charger!!! sooo goooood",negative
"top quality, great value, for a phone",positive
"perfect, for a headphones",positive
"amazing, never again, the store had it in stock, for a charger!!! sooo goooood",neutral
"love, terrible, i bought this in march, for a blender",neutral
"brilliant, barely impressive, for a charger",positive
"five stars, for a backpack",positive
"hardly defective, stopped working, it launched last year, for a watch",negative
"@user123 said excellent, very love, for a keyboard",positive
"really five stars, for a blender",positive
"hardly love, hardly perfect, for a keyboard",positive
"totally delighted, outstanding, for a blender",positive
"annoying, not slow, for a keyboard",negative
"impressive, for a watch",positive
"hardly excellent, for a backpack",positive
"excellent, one star, the manual has 12 pages, for a laptop",neutral
"awful, the company is based in ohio, for a laptop",negative
"delighted, for a charger",positive
"check slow, never poor quality, for a blender http://spam.link/323",negative
"reliable, excellent, for a keyboard",positive
"wonderful, absolutely exceeded expectations, for a laptop",positive
"check never absolutely superb, for a headphones http://spam.link/316",positive
"hardly incredibly terrible, terrible, for a watch",negative
"five stars, defective, the company is based in ohio, for a backpack",neutral
"best purchase, never absolutely brilliant, for a laptop",positive
"not absolutely worst experience, for a keyboard",negative
"amazing, for a watch",positive
"delighted, very highly recommend, for a blender",positive
"<b>never again, hate, for a phone</b> &amp; more",negative
"<b>best purchase, crashed, the package arrived on tuesday, for a backpack</b> &amp; more",neutral
"reliable, slow, the package arrived on tuesday, for a headphones",neutral
"reliable, impressive, for a backpack",positive
"really waste of money, the model number is xj-220, for a keyboard",negative
"never reliable, perfect, for a keyboard",neutral
"@user123 said totally one star, for a headphones",negative
"absolutely excellent, it launched last year, for a phone",positive
"broken, the box includes a cable, for a laptop",negative
"really never again, the app connects over bluetooth, for a watch",negative
"great value, does not work, the company is based in ohio, for a backpack",neutral
"<b>absolutely stopped working, waste of money, for a watch</b> &amp; more",negative
"never again, for a backpack",negative
"never highly recommend, never perfect, for a phone",positive
"never again, absolutely worst experience, for a headphones",negative
"refund, the model number is xj-220, for a blender",negative
"@user123 said never very superb, exceeded expectations, for a charger",positive
"fantastic, the company is based in ohio, for a watch",positive
"<b>really annoying, for a watch</b> &amp; more",negative
"hardly awful, absolutely awful, for a phone",negative
"brilliant, for a keyboard",positive
"hate, for a watch!!! sooo goooood",negative
"<b>really excellent, for a laptop</b> &amp; more",positive
"outstanding, smooth, for a charger",positive
"useless, barely waste of money, for a blender",negative
"reliable, worst experience, the manual has 12 pages, for a laptop",neutral
"<b>worst experience, very crashed, it launched last year, for a phone</b> &amp; more",positive
"never again, the package arrived on tuesday, for a laptop",negative
"incredibly never again, for a phone",negative
"highly recommend, defective, the package arrived on tuesday, for a backpack",neutral
"useless, for a backpack!!! sooo goooood",negative
"perfect, barely top quality, for a headphones",positive
"waste of money, for a watch",negative
"never amazing, hardly five stars, for a backpack",positive
"incredibly reliable, the company is based in ohio, for a backpack",positive
"check great value, terrible, the manual has 12 pages, for a watch http://spam.link/582",neutral
"love, for a watch",positive
"never best purchase, for a keyboard!!! sooo goooood",positive
"works flawlessly, never again, the package arrived on tuesday, for a charger",neutral
"<b>totally stopped working, it uses usb-c, for a keyboard</b> &amp; more",negative
"absolutely top quality, top quality, for a charger",positive
"five stars, annoying, the package arrived on tuesday, for a charger!!! sooo goooood",neutral
"never fantastic, for a phone",positive
"never regret buying, for a backpack",negative
"not impressive, amazing, the company is based in ohio, for a keyboard",positive
"check reliable, for a keyboard http://spam.link/200",positive
"reliable, really fantastic, it comes in two colors, for a headphones!!! sooo goooood",positive
"@user123 said slow, for a keyboard",negative
"love, very perfect, for a keyboard!!! sooo goooood",positive
"never exceeded expectations, highly recommend, for a charger",positive
"wonderful, annoying, it launched last year, for a headphones",neutral
"outstanding, for a charger",positive
"top quality, for a laptop",positive
"barely terrible, defective, for a backpack",negative
"exceeded expectations, regret buying, the app connects over bluetooth, for a phone",neutral
"disappointing, refund, the store had it in stock, for a backpack",negative
"hardly crashed, for a watch",negative
"hardly very impressive, totally brilliant, it launched last year, for a backpack",positive
"@user123 said smooth, poor quality, the package arrived on tuesday, for a watch",neutral
"<b>delighted, great value, for a charger</b> &amp; more",positive
"brilliant, stopped working, the model number is xj-220, for a phone",neutral
"outstanding, for a backpack",positive
"absolutely wonderful, the company is based in ohio, for a headphones",positive
"very best purchase, brilliant, it uses usb-c, for a blender",positive
"check very stopped working, stopped working, for a phone http://spam.link/584",negative
"check poor quality, really refund, i bought this in march, for a laptop http://spam.link/302",negative
"perfect, excellent, for a phone",positive
"slow, for a backpack",negative
"terrible, crashed, the app connects over bluetooth, for a charger",negative
"waste of money, for a blender",neutral
"@user123 said great value, it comes in two colors, for a keyboard",positive
"fantastic, great value, for a phone",positive
"@user123 said best purchase, terrible, it uses usb-c, for a keyboard",neutral
"great value, five stars, for a phone",positive
"superb, really outstanding, the box includes a cable, for a blender",positive
"absolutely does not work, for a backpack",negative
"totally useless, broken, for a phone",negative
"top quality, waste of money, the store had it in stock, for a blender",neutral
"reliable, defective, the box includes a cable, for a blender",neutral
"hardly great value, impressive, it weighs about 300 grams, for a headphones",positive
"not slow, i bought this in march, for a watch",negative
"regret buying, awful, for a headphones",negative
"defective, for a watch",negative
"hardly broken, for a headphones",negative
"check really wonderful, the store had it in stock, for a phone http://spam.link/930",positive
"impressive, hate, i bought this in march, for a blender",neutral
"never incredibly brilliant, for a phone",positive
"smooth, smooth, for a keyboard!!! sooo goooood",positive
"not crashed, hardly broken, it comes in two colors, for a blender",negative
"hardly delighted, wonderful, for a backpack",positive
"barely crashed, for a laptop!!! sooo goooood",negative
"awful, never really crashed, for a blender",negative
"totally exceeded expectations, never perfect, for a charger",positive
"brilliant, perfect, for a charger",positive
"<b>smooth, for a keyboard</b> &amp; more",positive
"really five stars, brilliant, for a phone!!! sooo goooood",positive
"totally waste of money, it launched last year, for a phone",negative
"never regret buying, not broken, for a phone",negative
"hardly very exceeded expectations, for a phone",positive
"outstanding, cheap plastic, the store had it in stock, for a phone",neutral
"barely brilliant, barely top quality, for a phone",positive
"regret buying, for a keyboard!!! sooo goooood",negative
"barely totally great value, never amazing, it weighs about 300 grams, for a phone",positive
"really one star, really cheap plastic, for a backpack",negative
"totally poor quality, it uses usb-c, for a charger",negative
"<b>wonderful, one star, it launched last year, for a phone</b> &amp; more",negative
"smooth, hardly perfect, for a charger",positive
"not love, barely very five stars, for a blender",positive
"delighted, brilliant, for a phone",positive
"barely disappointing, waste of money, for a laptop",negative
"absolutely perfect, reliable, the manual has 12 pages, for a charger",positive
"highly recommend, hate, it launched last year, for a charger",neutral
"check waste of money, useless, for a headphones http://spam.link/497",negative
"not awful, not waste of money, for a backpack",negative
"brilliant, useless, it uses usb-c, for a keyboard",neutral
"@user123 said not really amazing, for a blender",positive
"@user123 said amazing, refund, i bought this in march, for a watch",neutral
"@user123 said amazing, for a charger",positive
"really crashed, for a laptop",negative
"@user123 said smooth, slow, the company is based in ohio, for a blender",neutral
"waste of money, i bought this in march, for a charger",negative
"reliable, annoying, it uses usb-c, for a keyboard",neutral
"@user123 said smooth, awful, the app connects over bluetooth, for a phone",negative
"not perfect, barely delighted, it uses usb-c, for a blender",positive
"totally awful, barely crashed, it comes in two colors, for a backpack",negative
"never hate, never slow, for a keyboard",negative
"awful, for a charger",negative
"five stars, great value, for a keyboard",positive
"incredibly outstanding, for a headphones",positive
"incredibly disappointing, disappointing, for a keyboard!!! sooo goooood",negative
"delighted, poor quality, it comes in two colors, for a laptop",neutral
"absolutely reliable, brilliant, for a keyboard",positive
"check love, does not work, it weighs about 300 grams, for a backpack http://spam.link/682",neutral
"very awful, for a charger",negative
"wonderful, i bought this in march, for a headphones",positive
"<b>really slow, for a watch</b> &amp; more",negative
"perfect, for a charger",positive
"excellent, never superb, for a watch!!! sooo goooood",positive
"exceeded expectations, waste of money, it uses usb-c, for a phone",neutral
"check wonderful, cheap plastic, i bought this in march, for a keyboard http://spam.link/245",neutral
"amazing, useless, the app connects over bluetooth, for a blender",neutral
"hardly very works flawlessly, for a watch",positive
"hardly impressive, barely totally brilliant, for a watch",positive
"not regret buying, barely very broken, for a phone",negative
"check waste of money, absolutely disappointing, for a headphones http://spam.link/452",negative
"useless, the app connects over bluetooth, for a headphones",negative
"reliable, the model number is xj-220, for a backpack",positive
"perfect, regret buying, the company is based in ohio, for a keyboard",neutral
"@user123 said hardly impressive, the company is based in ohio, for a laptop",positive
"never never again, i bought this in march, for a phone",negative
"exceeded expectations, cheap plastic, the store had it in stock, for a phone",neutral
"never regret buying, not regret buying, for a keyboard",negative
"not terrible, for a watch",negative
"hardly absolutely top quality, top quality, for a blender",positive
"regret buying, for a watch",negative
"regret buying, it uses usb-c, for a blender",negative
"never incredibly amazing, impressive, for a laptop",positive
"@user123 said slow, for a headphones",negative
"annoying, for a phone",negative
"incredibly perfect, for a backpack!!! sooo goooood",positive
"@user123 said barely very stopped working, useless, for a phone",negative
"<b>exceeded expectations, for a blender</b> &amp; more",neutral
"absolutely worst experience, for a headphones",negative
"top quality, for a keyboard",positive
"really great value, the company is based in ohio, for a phone",positive
"barely terrible, one star, for a keyboard",negative
"very worst experience, for a backpack",negative
"works flawlessly, for a charger",positive
"incredibly wonderful, the model number is xj-220, for a backpack",positive
"really waste of money, barely regret buying, it uses usb-c, for a watch!!! sooo goooood",positive
"hardly cheap plastic, poor quality, for a charger",negative
"hardly incredibly perfect, barely excellent, for a laptop",positive
"waste of money, waste of money, for a headphones",negative
"terrible, it uses usb-c, for a laptop",negative
"check not very outstanding, the company is based in ohio, for a backpack http://spam.link/775",positive
"smooth, one star, the company is based in ohio, for a keyboard",neutral
"delighted, absolutely love, it weighs about 300 grams, for a laptop",positive
"barely really five stars, best purchase, the model number is xj-220, for a charger",positive
"outstanding, never top quality, for a headphones",negative
"amazing, waste of money, it uses usb-c, for a blender",neutral
"outstanding, worst experience, it weighs about 300 grams, for a phone",neutral
"reliable, worst experience, the model number is xj-220, for a keyboard",neutral
"barely totally wonderful, barely very wonderful, for a keyboard",positive
"very annoying, for a phone",negative
"regret buying, the company is based in ohio, for a watch",negative
"useless, the manual has 12 pages, for a phone",negative
"hardly wonderful, for a keyboard",positive
"never useless, not really terrible, the store had it in stock, for a keyboard",negative
"check not very exceeded expectations, barely impressive, for a backpack http://spam.link/539",positive
"absolutely amazing, really exceeded expectations, for a headphones",positive
"perfect, waste of money, it launched last year, for a charger",neutral
"hardly very defective, for a laptop!!! sooo goooood",negative
"<b>totally never again, for a headphones</b> &amp; more",negative
"outstanding, does not work, the company is based in ohio, for a blender",neutral
"best purchase, refund, i bought this in march, for a phone!!! sooo goooood",neutral
"never disappointing, for a backpack",negative
"amazing, for a laptop",positive
"totally useless, for a watch",negative
"check incredibly outstanding, barely best purchase, for a laptop http://spam.link/652",positive
"best purchase, terrible, i bought this in march, for a blender",neutral
"hardly brilliant, brilliant, for a keyboard",positive
"@user123 said perfect, great value, for a phone",positive
"great value, stopped working, i bought this in march, for a laptop",neutral
"@user123 said best purchase, five stars, for a headphones",positive
"stopped working, for a keyboard",negative
"check hate, for a backpack http://spam.link/522",negative
"check superb, worst experience, it comes in two colors, for a charger http://spam.link/400",neutral
"love, it weighs about 300 grams, for a headphones",positive
"love, the company is based in ohio, for a laptop!!! sooo goooood",positive
"five stars, terrible, it comes in two colors, for a charger",neutral
"<b>excellent, wonderful, for a charger</b> &amp; more",positive
"hardly incredibly best purchase, for a charger!!! sooo goooood",positive
"defective, never absolutely worst experience, for a keyboard",negative
"not absolutely love, barely top quality, for a headphones",positive
"five stars, slow, the package arrived on tuesday, for a blender!!! sooo goooood",neutral
"absolutely broken, absolutely disappointing, for a laptop",negative
"@user123 said exceeded expectations, fantastic, for a laptop",positive
"<b>worst experience, for a backpack</b> &amp; more",negative
"<b>amazing, absolutely five stars, for a charger</b> &amp; more",positive
"smooth, defective, the app connects over bluetooth, for a blender",neutral
"highly recommend, cheap plastic, the box includes a cable, for a phone",neutral
"barely incredibly works flawlessly, the company is based in ohio, for a keyboard",positive
"check hardly really amazing, for a phone http://spam.link/427",positive
"@user123 said very love, absolutely five stars, for a backpack",positive
"refund, hardly hate, for a backpack",negative
"<b>never works flawlessly, great value, for a phone</b> &amp; more",positive
"hardly does not work, for a charger",negative
"<b>totally amazing, really reliable, for a laptop</b> &amp; more",positive
"awful, for a watch",negative
"hardly incredibly brilliant, for a charger",positive
"useless, for a phone",negative
"barely refund, totally poor quality, for a backpack",negative
"absolutely regret buying, for a laptop",negative
"@user123 said really superb, top quality, for a phone",positive
"totally worst experience, absolutely annoying, for a blender",negative
"five stars, defective, it launched last year, for a backpack",neutral
"never again, never worst experience, the box includes a cable, for a charger",negative
"@user123 said slow, refund, the package arrived on tuesday, for a keyboard",negative
"impressive, one star, it uses usb-c, for a headphones",neutral
"check exceeded expectations, useless, it launched last year, for a watch http://spam.link/756",neutral
"worst experience, barely totally waste of money, for a charger",negative
"absolutely great value, barely incredibly wonderful, for a charger",positive
"works flawlessly, works flawlessly, for a backpack",positive
"wonderful, for a headphones",positive
"superb, stopped working, it launched last year, for a laptop",neutral
"@user123 said highly recommend, poor quality, the box includes a cable, for a charger",neutral
"slow, terrible, i bought this in march, for a watch",negative
"incredibly highly recommend, hardly exceeded expectations, it weighs about 300 grams, for a headphones",positive
"delighted, stopped working, i bought this in march, for a watch",neutral
"best purchase, regret buying, the app connects over bluetooth, for a blender",neutral
"@user123 said really disappointing, for a charger",negative
"impressive, useless, i bought this in march, for a backpack",neutral
"@user123 said highly recommend, awful, i bought this in march, for a headphones",neutral
"check not does not work, never absolutely terrible, for a laptop http://spam.link/360",negative
"great value, brilliant, the box includes a cable, for a charger",positive
"smooth, for a phone",positive
"defective, for a phone",negative
"barely incredibly excellent, for a phone",positive
"really outstanding, never incredibly five stars, for a charger!!! sooo goooood",positive
"<b>perfect, refund, the model number is xj-220, for a backpack</b> &amp; more",neutral
"check very cheap plastic, for a blender http://spam.link/291",negative
"really reliable, for a phone",positive
"@user123 said perfect, for a charger",positive
"very fantastic, for a charger",positive
"really great value, for a phone!!! sooo goooood",positive
"check fantastic, barely best purchase, for a laptop http://spam.link/692",positive
"check delighted, does not work, it weighs about 300 grams, for a blender http://spam.link/631",neutral
"not totally wonderful, for a headphones",positive
"exceeded expectations, for a watch",positive
"@user123 said totally works flawlessly, it uses usb-c, for a charger",positive
"very disappointing, not really crashed, the manual has 12 pages, for a laptop",negative
"<b>best purchase, for a keyboard</b> &amp; more",positive
"<b>not impressive, barely exceeded expectations, for a laptop</b> &amp; more",neutral
"<b>barely terrible, for a phone</b> &amp; more",negative
"incredibly wonderful, top quality, for a headphones",positive
"totally reliable, it weighs about 300 grams, for a charger",positive
"excellent, for a headphones",positive
"incredibly smooth, for a keyboard!!! sooo goooood",positive
"very useless, the manual has 12 pages, for a charger",negative
"@user123 said totally regret buying, for a phone",negative
"totally poor quality, for a backpack",negative
"really disappointing, crashed, for a blender",negative
"perfect, useless, it comes in two colors, for a blender",neutral
"totally awful, it launched last year, for a phone",negative
"incredibly outstanding, impressive, it uses usb-c, for a laptop",positive
"absolutely delighted, the manual has 12 pages, for a headphones",positive
"not annoying, for a charger",negative
"check really outstanding, for a watch http://spam.link/477",positive
"check great value, useless, it launched last year, for a laptop http://spam.link/826",neutral
"totally outstanding, the manual has 12 pages, for a keyboard",positive
"hate, slow, for a laptop",negative
"@user123 said exceeded expectations, impressive, i bought this in march, for a watch",positive
"great value, disappointing, it weighs about 300 grams, for a phone",neutral
"totally awful, it comes in two colors, for a headphones",negative
"never best purchase, hardly absolutely outstanding, for a headphones",positive
"love, for a blender",neutral
"best purchase, worst experience, i bought this in march, for a phone",neutral
"exceeded expectations, for a charger",positive
"does not work, really poor quality, for a blender",negative
"absolutely perfect, the package arrived on tuesday, for a charger",positive
"check hardly really great value, for a blender http://spam.link/384",positive
"best purchase, barely very reliable, it weighs about 300 grams, for a watch",positive
"not very broken, incredibly refund, for a headphones",negative
"totally refund, for a keyboard",negative
"love, totally reliable, for a phone!!! sooo goooood",positive
"annoying, for a charger",negative
"brilliant, outstanding, for a backpack",positive
"not love, delighted, it uses usb-c, for a keyboard",positive
"very regret buying, for a laptop",negative
"not really regret buying, for a watch",negative
"not wonderful, perfect, it uses usb-c, for a keyboard",positive
"highly recommend, disappointing, the store had it in stock, for a blender",neutral
"check incredibly fantastic, for a blender http://spam.link/559",positive
"really excellent, for a phone",positive
"delighted, amazing, the package arrived on tuesday, for a headphones",positive
"crashed, the company is based in ohio, for a laptop!!! sooo goooood",neutral
"hardly absolutely impressive, for a phone!!! sooo goooood",positive
"amazing, refund, it weighs about 300 grams, for a backpack",neutral
"really amazing, reliable, the box includes a cable, for a headphones",positive
"barely excellent, for a blender",positive
"five stars, hate, i bought this in march, for a blender",neutral
"@user123 said hardly amazing, incredibly best purchase, for a phone",positive
"@user123 said impressive, the store had it in stock, for a keyboard",positive
"amazing, never again, it comes in two colors, for a headphones",neutral
"outstanding, totally amazing, for a laptop",positive
"<b>superb, slow, i bought this in march, for a blender</b> &amp; more",neutral
"works flawlessly, smooth, the package arrived on tuesday, for a blender",positive
"very does not work, the model number is xj-220, for a charger",negative
"perfect, useless, it uses usb-c, for a charger!!! sooo goooood",neutral
"outstanding, regret buying, it launched last year, for a blender",neutral
"really love, works flawlessly, for a backpack",positive
"never works flawlessly, amazing, for a laptop",positive
"incredibly great value, totally wonderful, it weighs about 300 grams, for a charger",positive
"not totally annoying, for a charger",negative
"not slow, not useless, for a laptop",negative
"never again, does not work, for a phone",negative
"exceeded expectations, regret buying, the company is based in ohio, for a laptop",neutral
"does not work, barely stopped working, the store had it in stock, for a charger",neutral
"check smooth, annoying, the model number is xj-220, for a phone http://spam.link/267",neutral
"broken, absolutely annoying, for a headphones",negative
"impressive, incredibly wonderful, for a headphones",positive
"barely incredibly awful, for a backpack!!! sooo goooood",negative
"never very great value, for a backpack",positive
"awful, crashed, for a charger",negative
"really reliable, the package arrived on tuesday, for a headphones",positive
"highly recommend, hate, it launched last year, for a keyboard",neutral
"<b>not incredibly perfect, for a charger</b> &amp; more",positive
"hardly wonderful, reliable, for a keyboard",positive
"never does not work, incredibly awful, the package arrived on tuesday, for a blender",negative
"totally exceeded expectations, the app connects over bluetooth, for a keyboard",positive
"check stopped working, very useless, for a laptop http://spam.link/262",negative
"not absolutely perfect, incredibly best purchase, for a laptop",positive
"hardly incredibly disappointing, not slow, for a laptop",negative
"<b>hardly totally best purchase, for a headphones</b> &amp; more",positive
"top quality, incredibly smooth, for a watch",positive
"impressive, the package arrived on tuesday, for a charger",positive
"barely very waste of money, crashed, for a keyboard",negative
"love, for a phone",positive
"@user123 said one star, the store had it in stock, for a laptop",negative
"great value, works flawlessly, the company is based in ohio, for a blender",positive
"highly recommend, brilliant, for a backpack",positive
"incredibly poor quality, incredibly disappointing, for a charger",negative
"delighted, for a charger!!! sooo goooood",positive
"not reliable, for a backpack",positive
"perfect, stopped working, the model number is xj-220, for a laptop",neutral
"barely great value, never superb, for a blender",positive
"highly recommend, awful, the app connects over bluetooth, for a backpack",neutral
"really one star, the company is based in ohio, for a phone!!! sooo goooood",negative
"top quality, broken, it launched last year, for a laptop",neutral
"very poor quality, for a laptop",negative
"top quality, fantastic, for a phone",positive
"check slow, never cheap plastic, for a keyboard http://spam.link/445",neutral
"defective, worst experience, for a phone",negative
"very highly recommend, for a blender",positive
"perfect, crashed, the model number is xj-220, for a headphones",neutral
"really terrible, the package arrived on tuesday, for a phone",positive
"@user123 said hardly broken, for a charger",negative
"terrible, not very does not work, for a charger",negative
"wonderful, for a backpack",positive
"highly recommend, awful, the manual has 12 pages, for a phone!!! sooo goooood",neutral
"highly recommend, for a headphones",positive
"hate, for a watch",negative
"@user123 said stopped working, hardly really regret buying, for a phone",negative
"check excellent, best purchase, for a backpack http://spam.link/661",positive
"not amazing, fantastic, the manual has 12 pages, for a blender",positive
"@user123 said works flawlessly, highly recommend, the company is based in ohio, for a charger",positive
"impressive, for a charger",positive
"fantastic, stopped working, the box includes a cable, for a phone",neutral
"incredibly amazing, it weighs about 300 grams, for a headphones",positive
"check best purchase, for a blender http://spam.link/325",neutral
"wonderful, for a laptop",positive
"really outstanding, for a phone",positive
"check barely outstanding, for a backpack http://spam.link/117",positive
"@user123 said amazing, for a keyboard",positive
"refund, for a blender!!! sooo goooood",negative
"hardly useless, for a headphones",negative
"barely perfect, reliable, for a laptop",positive
"incredibly poor quality, it uses usb-c, for a headphones",negative
"not absolutely one star, never totally useless, for a watch",negative
"very one star, barely hate, for a blender",negative
"stopped working, useless, for a watch",negative
"cheap plastic, absolutely one star, the store had it in stock, for a phone",negative
"awful, incredibly useless, for a backpack",negative
"<b>incredibly slow, not one star, for a watch</b> &amp; more",negative
"wonderful, broken, the model number is xj-220, for a laptop",neutral
"<b>amazing, never again, it uses usb-c, for a keyboard</b> &amp; more",neutral
"terrible, for a phone",negative
"works flawlessly, hate, it comes in two colors, for a backpack",neutral
"@user123 said cheap plastic, for a blender",negative
"totally best purchase, the company is based in ohio, for a phone",positive
"annoying, poor quality, for a headphones",negative
"incredibly broken, hardly hate, for a charger",negative
"hardly outstanding, totally brilliant, for a charger",positive
"check perfect, refund, the app connects over bluetooth, for a phone http://spam.link/426",neutral
"not exceeded expectations, it weighs about 300 grams, for a phone",positive
"very best purchase, the company is based in ohio, for a headphones",positive
"worst experience, the package arrived on tuesday, for a phone",negative
"hate, really waste of money, for a keyboard",negative
"never perfect, barely brilliant, for a blender",positive
"top quality, cheap plastic, it uses usb-c, for a watch!!! sooo goooood",neutral
"wonderful, hardly incredibly delighted, for a phone",positive
"<b>hardly love, for a watch</b> &amp; more",positive
"barely absolutely refund, for a charger",negative
"really reliable, for a laptop!!! sooo goooood",positive
"works flawlessly, awful, it weighs about 300 grams, for a headphones",neutral
"<b>never absolutely reliable, the store had it in stock, for a blender</b> &amp; more",negative
"exceeded expectations, never again, it comes in two colors, for a charger",neutral
"smooth, hate, it comes in two colors, for a keyboard!!! sooo goooood",neutral
"exceeded expectations, awful, it launched last year, for a laptop",neutral
"check never superb, hardly superb, the box includes a cable, for a keyboard http://spam.link/259",positive
"hardly worst experience, totally does not work, for a backpack",negative
"@user123 said love, useless, the app connects over bluetooth, for a watch",neutral
"@user123 said worst experience, i bought this in march, for a blender",negative
"perfect, terrible, it weighs about 300 grams, for a headphones",neutral
"brilliant, crashed, i bought this in march, for a phone",neutral
"best purchase, never again, the box includes a cable, for a headphones",neutral
"@user123 said exceeded expectations, hate, the model number is xj-220, for a phone",neutral
"reliable, broken, the manual has 12 pages, for a backpack",neutral
"impressive, one star, the company is based in ohio, for a backpack",neutral
"barely totally highly recommend, delighted, for a laptop",positive
"very outstanding, the manual has 12 pages, for a backpack",positive
"hardly awful, for a laptop",negative
"not very useless, hardly stopped working, it uses usb-c, for a keyboard",negative
"incredibly annoying, for a headphones",negative
"amazing, never again, the company is based in ohio, for a laptop",neutral
"check amazing, amazing, for a phone http://spam.link/914",positive
"never reliable, five stars, for a phone",positive
"absolutely smooth, superb, for a phone",positive
"waste of money, for a phone",negative
"very superb, for a watch",positive
"very great value, totally best purchase, for a blender!!! sooo goooood",positive
"check worst experience, stopped working, for a phone http://spam.link/432",negative
"check amazing, slow, it launched last year, for a watch http://spam.link/934",neutral
"never stopped working, for a blender",negative
"poor quality, the app connects over bluetooth, for a blender",negative
"not highly recommend, for a backpack",positive
"absolutely excellent, never totally highly recommend, for a laptop",positive
"delighted, annoying, it launched last year, for a keyboard",neutral
"<b>very brilliant, for a headphones</b> &amp; more",positive
"@user123 said absolutely great value, for a headphones",neutral
"wonderful, useless, it weighs about 300 grams, for a watch",neutral
"smooth, terrible, the store had it in stock, for a backpack",neutral
"totally terrible, for a phone",negative
"totally defective, very cheap plastic, the package arrived on tuesday, for a blender!!! sooo goooood",negative
"cheap plastic, for a blender",negative
"slow, for a blender",negative
"wonderful, for a backpack",negative
"hardly one star, hardly disappointing, for a laptop",negative
"check absolutely wonderful, perfect, for a laptop http://spam.link/562",positive
"absolutely does not work, for a backpack",negative
"five stars, stopped working, the app connects over bluetooth, for a keyboard",neutral
"@user123 said barely absolutely poor quality, totally disappointing, for a blender",neutral
"check does not work, incredibly useless, for a keyboard http://spam.link/382",negative
"brilliant, never again, it weighs about 300 grams, for a phone",neutral
"highly recommend, slow, it uses usb-c, for a charger",neutral
"superb, terrible, the box includes a cable, for a laptop",neutral
"broken, cheap plastic, for a backpack",negative
"love, useless, the company is based in ohio, for a headphones",neutral
"absolutely annoying, for a keyboard",negative
"refund, the manual has 12 pages, for a phone",negative
"barely fantastic, for a backpack",positive
"check not totally superb, hardly perfect, for a headphones http://spam.link/980",negative
"not highly recommend, for a headphones",positive
"outstanding, disappointing, it comes in two colors, for a charger",neutral
"@user123 said wonderful, defective, the store had it in stock, for a backpack",neutral
"not incredibly brilliant, fantastic, the manual has 12 pages, for a blender",positive
"@user123 said hardly incredibly does not work, the company is based in ohio, for a keyboard",negative
"reliable, for a laptop",positive
"delighted, never again, it comes in two colors, for a headphones!!! sooo goooood",neutral
"stopped working, totally cheap plastic, for a headphones!!! sooo goooood",negative
"<b>never again, for a watch</b> &amp; more",negative
"top quality, waste of money, i bought this in march, for a keyboard",neutral
"not totally stopped working, really waste of money, for a charger",negative
"barely absolutely brilliant, for a headphones!!! sooo goooood",positive
"top quality, hardly love, the model number is xj-220, for a watch",positive
"great value, for a keyboard",positive
"great value, barely superb, it comes in two colors, for a backpack!!! sooo goooood",positive
"amazing, refund, it comes in two colors, for a keyboard",neutral
"incredibly best purchase, for a laptop",positive
"never impressive, incredibly works flawlessly, for a backpack",positive
"@user123 said exceeded expectations, for a backpack",positive
"top quality, useless, i bought this in march, for a keyboard",neutral
"check outstanding, for a keyboard http://spam.link/513",positive
"barely annoying, incredibly cheap plastic, for a laptop",negative
"barely waste of money, annoying, for a headphones",negative
"top quality, for a keyboard",positive
"barely slow, broken, for a laptop",negative
"absolutely awful, incredibly disappointing, the package arrived on tuesday, for a watch",positive
"absolutely annoying, never very defective, for a laptop",negative
"really worst experience, does not work, for a watch",negative
"great value, stopped working, the model number is xj-220, for a watch",neutral
"not five stars, hardly brilliant, for a headphones",positive
"<b>superb, for a blender</b> &amp; more",positive
"five stars, terrible, the model number is xj-220, for a headphones",neutral
"never delighted, the model number is xj-220, for a phone",positive
"smooth, barely top quality, the box includes a cable, for a keyboard",positive
"worst experience, for a watch",negative
"very great value, for a phone",positive
"smooth, regret buying, the box includes a cable, for a phone!!! sooo goooood",neutral
"delighted, for a blender",positive
"works flawlessly, for a watch",positive
"brilliant, for a charger",positive
"really outstanding, wonderful, for a blender!!! sooo goooood",positive
"delighted, never highly recommend, for a headphones",positive
"<b>really impressive, the app connects over bluetooth, for a phone</b> &amp; more",positive
"really never again, not worst experience, for a blender!!! sooo goooood",negative
"barely very highly recommend, for a backpack",positive
"amazing, refund, the package arrived on tuesday, for a laptop",neutral
"<b>fantastic, hate, it launched last year, for a charger</b> &amp; more",neutral
"poor quality, for a phone",negative
"hardly incredibly cheap plastic, for a watch",negative
"barely incredibly worst experience, it launched last year, for a phone",negative
"really best purchase, barely amazing, for a watch!!! sooo goooood",positive
"incredibly excellent, for a phone",positive
"perfect, poor quality, the app connects over bluetooth, for a blender",neutral
"@user123 said barely absolutely awful, for a laptop",negative
"reliable, for a charger",positive
"does not work, incredibly useless, the company is based in ohio, for a watch",negative
"hardly very poor quality, for a phone",negative
"barely awful, for a backpack",negative
"does not work, annoying, for a headphones",negative
"exceeded expectations, waste of money, i bought this in march, for a laptop!!! sooo goooood",neutral
"<b>barely stopped working, terrible, for a watch</b> &amp; more",negative
"great value, disappointing, it launched last year, for a backpack",neutral
"terrible, for a keyboard",negative
"outstanding, does not work, the box includes a cable, for a laptop",neutral
"five stars, poor quality, the app connects over bluetooth, for a keyboard",neutral
"reliable, absolutely perfect, the app connects over bluetooth, for a headphones",positive
"worst experience, incredibly worst experience, the store had it in stock, for a headphones",negative
"wonderful, cheap plastic, it comes in two colors, for a laptop",neutral
"highly recommend, worst experience, the company is based in ohio, for a blender",neutral
"slow, for a headphones",negative
"@user123 said delighted, awful, it uses usb-c, for a charger",neutral
"works flawlessly, amazing, it launched last year, for a keyboard",positive
"works flawlessly, hate, the store had it in stock, for a headphones",neutral
"impressive, waste of money, the store had it in stock, for a keyboard",neutral
"awful, barely worst experience, for a blender",neutral
"<b>not really top quality, works flawlessly, for a laptop</b> &amp; more",positive
"impressive, terrible, it launched last year, for a phone",neutral
"barely outstanding, highly recommend, for a laptop!!! sooo goooood",positive
"wonderful, hate, it launched last year, for a charger",neutral
"<b>never disappointing, one star, for a watch</b> &amp; more",negative
"very wonderful, for a blender",positive
"<b>reliable, outstanding, the model number is xj-220, for a charger</b> &amp; more",positive
"never slow, for a phone",negative
"awful, terrible, the store had it in stock, for a blender",negative
"never incredibly smooth, it comes in two colors, for a charger",positive
"check very waste of money, defective, for a charger http://spam.link/860",negative
"amazing, crashed, the manual has 12 pages, for a keyboard",neutral
"hardly really exceeded expectations, the box includes a cable, for a backpack!!! sooo goooood",positive
"reliable, brilliant, for a phone",positive
"five stars, broken, the app connects over bluetooth, for a headphones!!! sooo goooood",neutral
"stopped working, for a watch",negative
"poor quality, for a charger",negative
"one star, for a laptop!!! sooo goooood",negative
"absolutely delighted, absolutely reliable, for a phone",positive
"hardly incredibly cheap plastic, for a headphones",neutral
"barely top quality, for a watch",positive
"stopped working, for a phone",negative
"one star, hardly very disappointing, for a phone",positive
"perfect, for a laptop",positive
"totally fantastic, great value, for a backpack!!! sooo goooood",positive
"not great value, very reliable, for a phone",positive
"hardly refund, broken, for a laptop",negative
"waste of money, totally annoying, for a blender",negative
"broken, totally does not work, for a keyboard!!! sooo goooood",negative
"awful, for a blender",negative
"<b>barely totally never again, for a blender</b> &amp; more",negative
"highly recommend, broken, the manual has 12 pages, for a keyboard",neutral
"hardly slow, for a backpack",negative
"hardly outstanding, for a laptop",positive
"highly recommend, useless, the company is based in ohio, for a headphones",neutral
"not very worst experience, for a backpack",negative
"hardly disappointing, the store had it in stock, for a charger",negative
"check never very brilliant, absolutely love, for a headphones http://spam.link/395",positive
"five stars, absolutely works flawlessly, for a phone",positive
"very best purchase, for a laptop!!! sooo goooood",positive
"very five stars, great value, the app connects over bluetooth, for a headphones",positive
"superb, one star, it comes in two colors, for a blender",neutral
"check incredibly wonderful, absolutely amazing, for a laptop http://spam.link/359",positive
"not works flawlessly, absolutely top quality, for a blender",positive
"delighted, useless, the store had it in stock, for a blender",neutral
"wonderful, not exceeded expectations, it uses usb-c, for a keyboard",positive
"five stars, broken, it comes in two colors, for a laptop",neutral
"<b>defective, it uses usb-c, for a backpack</b> &amp; more",negative
"@user123 said hardly useless, annoying, the box includes a cable, for a backpack",negative
"exceeded expectations, crashed, the app connects over bluetooth, for a watch",neutral
"@user123 said reliable, for a laptop",positive
"exceeded expectations, for a charger",positive
"great value, stopped working, the manual has 12 pages, for a laptop",neutral
"crashed, for a watch",negative
"check great value, terrible, the model number is xj-220, for a backpack http://spam.link/516",neutral
"<b>impressive, cheap plastic, the app connects over bluetooth, for a keyboard</b> &amp; more",neutral
"highly recommend, for a charger",positive
"totally disappointing, for a charger",negative
"best purchase, for a phone",positive
"exceeded expectations, does not work, the manual has 12 pages, for a phone",neutral
"check perfect, brilliant, for a keyboard http://spam.link/521",positive
"incredibly best purchase, works flawlessly, for a keyboard",positive
"impressive, barely delighted, for a charger",positive
"absolutely five stars, it uses usb-c, for a headphones",positive
"hardly regret buying, hardly hate, for a headphones",negative
"superb, stopped working, it uses usb-c, for a blender",neutral
"very highly recommend, for a charger",positive
"really waste of money, disappointing, for a watch",neutral
"wonderful, annoying, it launched last year, for a laptop",neutral
"not stopped working, barely stopped working, for a keyboard",negative
"really annoying, for a keyboard",negative
"not excellent, for a backpack",positive
"stopped working, for a watch",negative
"check totally regret buying, for a phone http://spam.link/842",positive
"perfect, slow, it uses usb-c, for a backpack",neutral
"not incredibly amazing, never top quality, it weighs about 300 grams, for a phone!!! sooo goooood",positive
"@user123 said one star, for a watch",negative
"reliable, the company is based in ohio, for a backpack",positive
"not brilliant, for a laptop",positive
"great value, hardly amazing, for a watch",positive
"<b>never exceeded expectations, for a backpack</b> &amp; more",positive
"hardly wonderful, very impressive, for a blender",negative
"perfect, awful, it comes in two colors, for a blender",neutral
"wonderful, never perfect, for a backpack",positive
"absolutely exceeded expectations, for a phone!!! sooo goooood",positive
"never absolutely one star, absolutely poor quality, the manual has 12 pages, for a headphones",negative
"hardly disappointing, for a blender",neutral
"absolutely love, very works flawlessly, for a charger",positive
"cheap plastic, for a keyboard!!! sooo goooood",negative
"excellent, defective, it launched last year, for a charger",neutral
"one star, terrible, for a backpack",negative
"totally five stars, for a blender!!! sooo goooood",positive
"excellent, for a charger",positive
"barely superb, for a watch",positive
"exceeded expectations, slow, i bought this in march, for a watch!!! sooo goooood",neutral
"superb, does not work, the company is based in ohio, for a keyboard",neutral
"@user123 said outstanding, broken, it launched last year, for a laptop",neutral
"not wonderful, highly recommend, the package arrived on tuesday, for a laptop",positive
"perfect, exceeded expectations, for a keyboard",positive
"regret buying, for a headphones",negative
"incredibly smooth, for a blender",positive
"never useless, for a watch",negative
"fantastic, barely superb, for a headphones",positive
"@user123 said barely stopped working, for a keyboard",negative
"superb, regret buying, it uses usb-c, for a blender",neutral
"works flawlessly, for a charger",positive
"crashed, not regret buying, for a backpack",negative
"best purchase, worst experience, the box includes a cable, for a phone!!! sooo goooood",neutral
"<b>outstanding, the company is based in ohio, for a backpack</b> &amp; more",positive
"absolutely superb, for a watch",positive
"hardly love, love, for a laptop!!! sooo goooood",positive
"check waste of money, barely worst experience, for a blender http://spam.link/392",negative
"hate, for a headphones",negative
"delighted, totally wonderful, for a blender",positive
"one star, totally worst experience, for a backpack",negative
"<b>awful, very disappointing, the app connects over bluetooth, for a backpack</b> &amp; more",negative
"delighted, does not work, it launched last year, for a headphones",neutral
"absolutely defective, the app connects over bluetooth, for a blender!!! sooo goooood",negative
"totally worst experience, for a blender",negative
"absolutely broken, it launched last year, for a keyboard",negative
"crashed, for a phone",negative
"<b>amazing, perfect, for a backpack</b> &amp; more",positive
"does not work, for a keyboard",negative
"absolutely regret buying, for a charger!!! sooo goooood",negative
"barely delighted, i bought this in march, for a headphones",positive
"one star, awful, for a blender",negative
"impressive, wonderful, for a keyboard",positive
"fantastic, the app connects over bluetooth, for a watch",positive
"worst experience, barely defective, the store had it in stock, for a laptop",negative
"defective, for a keyboard",negative
"absolutely best purchase, for a phone",positive
"check poor quality, terrible, it uses usb-c, for a charger http://spam.link/902",negative
"hardly does not work, slow, for a phone",negative
"check barely absolutely exceeded expectations, it weighs about 300 grams, for a laptop http://spam.link/344",positive
"<b>not broken, never again, it comes in two colors, for a keyboard</b> &amp; more",negative
"stopped working, for a watch",negative
"@user123 said superb, disappointing, the app connects over bluetooth, for a keyboard",neutral
"smooth, stopped working, the model number is xj-220, for a charger",neutral
"check stopped working, awful, for a backpack http://spam.link/969",negative
"fantastic, worst experience, the box includes a cable, for a keyboard",neutral
"check slow, defective, it weighs about 300 grams, for a charger http://spam.link/521",negative
"check five stars, it comes in two colors, for a blender http://spam.link/227",positive
"superb, terrible, i bought this in march, for a charger",neutral
"check works flawlessly, wonderful, for a laptop http://spam.link/157",positive
"@user123 said incredibly five stars, the app connects over bluetooth, for a headphones",positive
"wonderful, for a phone",positive
"<b>highly recommend, crashed, the package arrived on tuesday, for a watch</b> &amp; more",neutral
"highly recommend, annoying, the model number is xj-220, for a blender",neutral
"@user123 said impressive, crashed, it uses usb-c, for a laptop",neutral
"really perfect, hardly great value, for a headphones",positive
"delighted, worst experience, it comes in two colors, for a headphones",neutral
"barely best purchase, incredibly smooth, i bought this in march, for a watch",positive
"@user123 said fantastic, the box includes a cable, for a backpack",positive
"defective, worst experience, for a headphones",negative
"brilliant, broken, the app connects over bluetooth, for a charger",neutral
"<b>barely reliable, the app connects over bluetooth, for a backpack</b> &amp; more",positive
"brilliant, barely incredibly excellent, for a laptop",neutral
"not incredibly amazing, for a watch",positive
"waste of money, worst experience, the company is based in ohio, for a keyboard",negative
"reliable, for a phone",positive
"five stars, top quality, for a watch",positive
"totally best purchase, for a keyboard",positive
"@user123 said love, for a blender",negative
"excellent, for a backpack",positive
"wonderful, useless, the package arrived on tuesday, for a charger!!! sooo goooood",neutral
"fantastic, annoying, the manual has 12 pages, for a keyboard",neutral
"totally defective, for a phone",negative
"<b>excellent, useless, the store had it in stock, for a phone</b> &amp; more",neutral
"@user123 said outstanding, great value, for a blender",positive
"never absolutely highly recommend, highly recommend, the manual has 12 pages, for a blender",positive
"outstanding, worst experience, it weighs about 300 grams, for a charger",neutral
"wonderful, regret buying, it comes in two colors, for a watch",neutral
"@user123 said top quality, fantastic, it comes in two colors, for a phone",positive
"hardly disappointing, defective, for a charger!!! sooo goooood",negative
"totally annoying, never useless, for a blender",negative
"five stars, hate, it uses usb-c, for a phone",neutral
"hardly works flawlessly, hardly totally brilliant, for a charger",positive
"totally terrible, never totally broken, for a headphones",negative
"top quality, terrible, the package arrived on tuesday, for a backpack",neutral
"five stars, worst experience, i bought this in march, for a blender",neutral
"absolutely excellent, for a blender",positive
"never regret buying, absolutely regret buying, for a keyboard",negative
"check barely exceeded expectations, great value, the app connects over bluetooth, for a watch http://spam.link/871",positive
"very delighted, the company is based in ohio, for a headphones",positive
"wonderful, incredibly superb, for a laptop",positive
"never slow, never refund, for a phone",negative
"@user123 said best purchase, for a phone",positive
"@user123 said absolutely never again, not poor quality, the app connects over bluetooth, for a laptop",negative
"never useless, defective, for a watch",negative
"check barely very useless, for a headphones http://spam.link/740",negative
"<b>totally delighted, love, the store had it in stock, for a backpack</b> &amp; more",positive
"not great value, not totally impressive, for a blender",positive
"really poor quality, for a watch",negative
"superb, stopped working, the manual has 12 pages, for a headphones",neutral
"@user123 said perfect, annoying, the box includes a cable, for a phone",neutral
"absolutely does not work, poor quality, for a backpack",negative
"top quality, for a watch",positive
"outstanding, waste of money, it weighs about 300 grams, for a backpack",neutral
"<b>fantastic, reliable, for a keyboard</b> &amp; more",positive
"@user123 said regret buying, for a backpack",negative
"one star, for a blender",negative
"hate, really regret buying, for a blender",negative
"exceeded expectations, worst experience, it comes in two colors, for a backpack!!! sooo goooood",neutral
"waste of money, never again, for a charger",negative
"brilliant, refund, it weighs about 300 grams, for a blender",neutral
"barely brilliant, superb, for a keyboard",positive
"never delighted, the company is based in ohio, for a watch",positive
"impressive, i bought this in march, for a blender",positive
"regret buying, not incredibly slow, for a keyboard!!! sooo goooood",positive
"useless, for a blender",negative
"@user123 said terrible, for a charger",negative
"check outstanding, it comes in two colors, for a laptop http://spam.link/881",positive
"top quality, stopped working, the box includes a cable, for a watch",neutral
"amazing, superb, for a blender",positive
"outstanding, crashed, it weighs about 300 grams, for a charger",neutral
"check excellent, defective, the store had it in stock, for a charger http://spam.link/377",neutral
"not awful, for a blender",negative
"<b>absolutely hate, absolutely hate, for a keyboard</b> &amp; more",negative
"very delighted, great value, for a headphones",positive
"hate, for a blender",negative
"superb, poor quality, it launched last year, for a backpack",neutral
"outstanding, works flawlessly, for a charger!!! sooo goooood",positive
"hardly stopped working, incredibly crashed, for a laptop",negative
"<b>perfect, never again, the package arrived on tuesday, for a laptop</b> &amp; more",neutral
"check not amazing, wonderful, for a blender http://spam.link/866",positive
"<b>really top quality, incredibly love, for a blender</b> &amp; more",positive
"delighted, disappointing, the model number is xj-220, for a phone",neutral
"not really defective, cheap plastic, for a charger",negative
"amazing, disappointing, it weighs about 300 grams, for a backpack",neutral
"@user123 said totally superb, for a keyboard",positive
"check smooth, absolutely smooth, the package arrived on tuesday, for a blender http://spam.link/723",positive
"@user123 said really fantastic, never perfect, i bought this in march, for a keyboard",positive
"totally works flawlessly, for a headphones",positive
"not really smooth, impressive, for a charger",positive
"disappointing, for a headphones",negative
"great value, poor quality, the model number is xj-220, for a blender",neutral
"exceeded expectations, it comes in two colors, for a keyboard",positive
"brilliant, stopped working, it weighs about 300 grams, for a phone",neutral
"best purchase, waste of money, it launched last year, for a watch!!! sooo goooood",neutral
"reliable, broken, it comes in two colors, for a backpack",neutral
"barely defective, not awful, for a charger",negative
"highly recommend, poor quality, it weighs about 300 grams, for a keyboard",neutral
"exceeded expectations, broken, the model number is xj-220, for a backpack",neutral
"<b>smooth, never again, it uses usb-c, for a blender</b> &amp; more",neutral
"does not work, absolutely awful, for a charger",negative
"@user123 said amazing, for a backpack",positive
"amazing, never fantastic, for a watch",positive
"top quality, brilliant, the store had it in stock, for a laptop",positive
"exceeded expectations, defective, it launched last year, for a phone",neutral
"incredibly smooth, excellent, the manual has 12 pages, for a headphones",positive
"not works flawlessly, for a keyboard",positive
"really brilliant, works flawlessly, for a headphones",positive
"slow, it comes in two colors, for a keyboard",negative
"amazing, regret buying, it weighs about 300 grams, for a charger",neutral
"incredibly worst experience, for a keyboard",negative
"never superb, absolutely love, the company is based in ohio, for a charger",positive
"barely hate, never awful, for a watch",negative
"really defective, for a blender",negative
"stopped working, poor quality, for a laptop",negative
"barely smooth, five stars, for a charger",positive
"barely exceeded expectations, it uses usb-c, for a phone",positive
"absolutely slow, hardly one star, the box includes a cable, for a phone",negative
"outstanding, for a charger",positive
"check hardly hate, for a headphones http://spam.link/845",negative
"very fantastic, for a charger",positive
"hate, for a watch",negative
"check totally does not work, for a phone http://spam.link/875",negative
"brilliant, broken, the model number is xj-220, for a blender",neutral
"@user123 said crashed, hardly incredibly annoying, for a blender",negative
"check not awful, waste of money, for a laptop http://spam.link/437",negative
"never amazing, the company is based in ohio, for a phone",positive
"incredibly impressive, for a watch",positive
"smooth, for a charger",positive
"totally great value, totally exceeded expectations, for a blender",positive
"great value, broken, the model number is xj-220, for a blender",neutral
"not totally worst experience, never worst experience, the store had it in stock, for a backpack",negative
"top quality, annoying, it weighs about 300 grams, for a watch",neutral
"highly recommend, stopped working, i bought this in march, for a phone",neutral
"check cheap plastic, useless, the box includes a cable, for a laptop http://spam.link/939",negative
"incredibly impressive, for a laptop",positive
"@user123 said highly recommend, the app connects over bluetooth, for a watch",positive
"barely useless, incredibly refund, for a blender",negative
"impressive, for a backpack",positive
"barely highly recommend, for a watch",positive
"wonderful, for a charger",positive
"amazing, worst experience, it launched last year, for a headphones",neutral
"@user123 said impressive, great value, it weighs about 300 grams, for a keyboard",positive
"@user123 said slow, barely very never again, for a watch",negative
"really impressive, for a backpack",positive
"check not top quality, works flawlessly, for a headphones http://spam.link/189",positive
"<b>one star, for a watch</b> &amp; more",negative
"very hate, for a phone",negative
"@user123 said very waste of money, for a blender",negative
"totally cheap plastic, for a keyboard",negative
"totally disappointing, for a backpack",negative
"very annoying, annoying, for a watch",negative
"@user123 said barely worst experience, for a headphones",negative
"@user123 said totally does not work, useless, for a blender",negative
"@user123 said works flawlessly, not five stars, for a phone",positive
"cheap plastic, for a backpack",neutral
"<b>impressive, outstanding, for a laptop</b> &amp; more",neutral
"<b>works flawlessly, poor quality, the app connects over bluetooth, for a laptop</b> &amp; more",neutral
"really works flawlessly, for a watch",positive
"outstanding, defective, it comes in two colors, for a watch",neutral
"does not work, for a phone",negative
"five stars, smooth, for a blender",positive
"absolutely amazing, brilliant, for a blender!!! sooo goooood",positive
"<b>works flawlessly, never again, it uses usb-c, for a phone</b> &amp; more",neutral
"stopped working, it launched last year, for a blender",negative
"perfect, for a charger",positive
"@user123 said exceeded expectations, disappointing, the manual has 12 pages, for a keyboard",neutral
"absolutely amazing, delighted, for a watch!!! sooo goooood",positive
"never incredibly excellent, for a headphones",positive
"wonderful, useless, the package arrived on tuesday, for a laptop",neutral
"excellent, impressive, the box includes a cable, for a blender!!! sooo goooood",positive
"poor quality, for a keyboard",negative
"barely superb, for a blender",positive
"does not work, for a blender",negative
"check really excellent, for a headphones http://spam.link/242",positive
"outstanding, delighted, for a headphones",positive
"<b>hate, it comes in two colors, for a watch</b> &amp; more",negative
"absolutely delighted, very wonderful, i bought this in march, for a keyboard",positive
"<b>five stars, terrible, the company is based in ohio, for a keyboard</b> &amp; more",neutral
"fantastic, stopped working, the model number is xj-220, for a headphones",neutral
"totally great value, hardly delighted, for a blender",positive
"brilliant, regret buying, the model number is xj-220, for a phone",neutral
"great value, for a charger",positive
"check absolutely brilliant, for a watch http://spam.link/258",positive
"five stars, regret buying, it uses usb-c, for a blender!!! sooo goooood",neutral
"perfect, barely superb, for a blender",positive
"amazing, great value, for a keyboard",positive
"@user123 said five stars, incredibly five stars, for a watch",positive
"hardly amazing, hardly wonderful, it weighs about 300 grams, for a keyboard",positive
"amazing, defective, the manual has 12 pages, for a backpack",neutral
"love, very excellent, the model number is xj-220, for a charger",positive
"<b>never never again, incredibly never again, for a laptop</b> &amp; more",negative
"check absolutely worst experience, cheap plastic, for a backpack http://spam.link/789",negative
"delighted, broken, the box includes a cable, for a charger",neutral
"<b>love, absolutely outstanding, for a headphones</b> &amp; more",positive
"<b>outstanding, awful, the box includes a cable, for a blender</b> &amp; more",neutral
"annoying, for a watch",negative
"outstanding, one star, the manual has 12 pages, for a keyboard",neutral
"check useless, poor quality, for a phone http://spam.link/684",negative
"worst experience, for a headphones",negative
"totally wonderful, fantastic, for a charger",positive
"totally useless, barely refund, for a backpack!!! sooo goooood",negative
"crashed, never waste of money, for a charger",negative
"broken, for a blender",negative
"waste of money, for a phone",negative
"stopped working, hardly incredibly disappointing, for a phone",negative
"incredibly disappointing, totally defective, for a watch!!! sooo goooood",negative
"check never really love, totally highly recommend, for a keyboard http://spam.link/150",positive
"reliable, for a headphones",positive
"very refund, never refund, the store had it in stock, for a laptop!!! sooo goooood",negative
"wonderful, brilliant, for a laptop!!! sooo goooood",positive
"incredibly worst experience, for a charger!!! sooo goooood",negative
"<b>cheap plastic, does not work, the model number is xj-220, for a watch</b> &amp; more",negative
"check hardly incredibly exceeded expectations, for a charger http://spam.link/452",positive
"amazing, incredibly wonderful, for a blender",positive
"excellent, the manual has 12 pages, for a headphones",positive
"hardly best purchase, never five stars, the model number is xj-220, for a headphones",positive
"highly recommend, hardly delighted, for a watch",positive
"best purchase, poor quality, the model number is xj-220, for a watch",neutral
"excellent, slow, it comes in two colors, for a keyboard",neutral
"really love, barely brilliant, the company is based in ohio, for a charger",positive
"wonderful, for a charger",positive
"hardly does not work, slow, for a phone",negative
"not absolutely delighted, for a charger",positive
"@user123 said amazing, superb, for a blender",positive
"fantastic, annoying, the package arrived on tuesday, for a laptop",neutral
"incredibly slow, hardly one star, the store had it in stock, for a laptop",positive
"delighted, for a laptop",positive
"<b>very poor quality, incredibly stopped working, for a charger</b> &amp; more",negative
"very amazing, the package arrived on tuesday, for a headphones",positive
"check never again, for a phone http://spam.link/254",negative
"does not work, disappointing, for a laptop",negative
"outstanding, for a blender",positive
"brilliant, hardly impressive, for a laptop",positive
"not annoying, for a headphones",negative
"<b>great value, useless, i bought this in march, for a charger</b> &amp; more",neutral
"<b>one star, for a keyboard</b> &amp; more",negative
"wonderful, terrible, i bought this in march, for a laptop",neutral
"does not work, for a laptop",negative
"excellent, terrible, the package arrived on tuesday, for a phone",neutral
"slow, disappointing, for a phone",negative
"<b>fantastic, poor quality, it launched last year, for a laptop</b> &amp; more",neutral
"defective, for a watch",negative
"excellent, disappointing, the company is based in ohio, for a headphones",negative
"<b>never incredibly waste of money, useless, for a keyboard</b> &amp; more",neutral
"works flawlessly, does not work, the company is based in ohio, for a phone",neutral
"excellent, for a backpack",positive
"very five stars, the box includes a cable, for a headphones",positive
"hardly totally slow, i bought this in march, for a charger!!! sooo goooood",negative
"never reliable, for a charger",positive
"@user123 said excellent, delighted, i bought this in march, for a watch",positive
"regret buying, not absolutely does not work, the package arrived on tuesday, for a headphones",negative
"amazing, annoying, the model number is xj-220, for a watch",neutral
"<b>fantastic, never again, the company is based in ohio, for a phone</b> &amp; more",neutral
"@user123 said hardly smooth, for a watch",positive
"highly recommend, barely really exceeded expectations, for a laptop",positive
"never wonderful, hardly reliable, for a watch",positive
"<b>barely really amazing, it launched last year, for a keyboard</b> &amp; more",positive
"top quality, waste of money, the model number is xj-220, for a backpack",neutral
"@user123 said defective, absolutely crashed, for a watch",negative
"really annoying, slow, the app connects over bluetooth, for a backpack",negative
"incredibly works flawlessly, barely very fantastic, for a blender",positive
"perfect, for a phone",positive
"very annoying, for a phone",negative
"<b>absolutely defective, for a headphones</b> &amp; more",negative
"hardly five stars, for a phone",positive
"totally crashed, worst experience, i bought this in march, for a backpack",negative
"@user123 said incredibly hate, never again, for a charger",negative
"check not incredibly perfect, five stars, for a charger http://spam.link/897",positive
"check hardly impressive, for a laptop http://spam.link/298",positive
"<b>incredibly five stars, for a headphones</b> &amp; more",positive
"barely best purchase, for a backpack",negative
"impressive, for a charger",positive
"hardly really annoying, one star, for a phone",negative
"@user123 said barely five stars, for a keyboard",positive
"cheap plastic, for a phone",negative
"never absolutely perfect, not really perfect, for a headphones",positive
"not love, it comes in two colors, for a headphones",positive
"very outstanding, smooth, for a charger",positive
"cheap plastic, does not work, for a backpack",negative
"barely smooth, for a phone",positive
"barely refund, not defective, it launched last year, for a backpack!!! sooo goooood",negative
"reliable, annoying, i bought this in march, for a backpack",neutral
"hardly reliable, for a phone",positive
"hardly disappointing, never again, for a watch",negative
"five stars, awful, the box includes a cable, for a keyboard",neutral
"hardly incredibly excellent, top quality, for a watch!!! sooo goooood",neutral
"highly recommend, worst experience, it weighs about 300 grams, for a laptop",neutral
"top quality, incredibly highly recommend, for a headphones",positive
"hardly waste of money, for a blender",negative
"hardly really fantastic, hardly fantastic, i bought this in march, for a watch",positive
"not totally never again, it launched last year, for a backpack",negative
"love, very five stars, for a headphones",positive
"great value, awful, it launched last year, for a blender",neutral
"@user123 said very outstanding, for a headphones",positive
"highly recommend, cheap plastic, i bought this in march, for a phone!!! sooo goooood",neutral
"reliable, for a watch",positive
"impressive, waste of money, the model number is xj-220, for a headphones",neutral
"amazing, amazing, for a watch",positive
"best purchase, brilliant, for a backpack",positive
"broken, hardly waste of money, for a watch",negative
"@user123 said awful, for a keyboard",negative
"check outstanding, excellent, for a headphones http://spam.link/170",neutral
"great value, for a backpack",positive
"absolutely annoying, useless, for a keyboard!!! sooo goooood",negative
"check wonderful, never really outstanding, for a charger http://spam.link/305",positive
"really poor quality, never totally cheap plastic, for a backpack",negative
"best purchase, really delighted, for a keyboard",positive
"smooth, broken, it uses usb-c, for a laptop",neutral
"not disappointing, totally disappointing, for a watch",negative
"great value, does not work, the app connects over bluetooth, for a charger",neutral
"disappointing, for a blender",negative
"barely incredibly amazing, for a laptop!!! sooo goooood",positive
"very regret buying, barely crashed, the store had it in stock, for a charger",negative
"@user123 said really brilliant, for a phone",positive
"impressive, hate, the app connects over bluetooth, for a charger",neutral
"never regret buying, the app connects over bluetooth, for a keyboard",negative
"not superb, delighted, for a keyboard",positive
"best purchase, terrible, it comes in two colors, for a backpack",neutral
"awful, i bought this in march, for a phone!!! sooo goooood",negative
"hardly poor quality, the store had it in stock, for a charger",negative
"impressive, terrible, the app connects over bluetooth, for a phone",neutral
"defective, not does not work, it comes in two colors, for a keyboard",negative
"@user123 said really perfect, for a laptop",positive
"absolutely worst experience, disappointing, the company is based in ohio, for a headphones",negative
"does not work, for a headphones",negative
"hardly very outstanding, it uses usb-c, for a charger",positive
"slow, hardly slow, for a laptop",negative
"top quality, hate, it launched last year, for a laptop",neutral
"check barely incredibly outstanding, totally outstanding, for a phone http://spam.link/470",positive
"never absolutely outstanding, best purchase, for a phone",positive
"outstanding, the app connects over bluetooth, for a blender",positive
"love, it comes in two colors, for a laptop",positive
"wonderful, for a charger",positive
"totally works flawlessly, for a blender",positive
"fantastic, defective, i bought this in march, for a blender",neutral
"superb, for a blender",positive
"never really wonderful, very great value, for a laptop",positive
"incredibly delighted, incredibly delighted, for a charger",positive
"worst experience, totally crashed, it launched last year, for a backpack",negative
"<b>really best purchase, for a headphones</b> &amp; more",positive
"hardly one star, not disappointing, for a keyboard",negative
"not crashed, not really worst experience, the manual has 12 pages, for a keyboard",negative
"love, really best purchase, for a charger",positive
"very great value, for a laptop",positive
"perfect, hardly totally works flawlessly, for a blender",positive
"superb, crashed, the manual has 12 pages, for a keyboard!!! sooo goooood",neutral
"really brilliant, hardly reliable, for a keyboard",positive
"outstanding, poor quality, it comes in two colors, for a blender",neutral
"wonderful, broken, the company is based in ohio, for a blender",neutral
"excellent, useless, the manual has 12 pages, for a headphones",neutral
"does not work, for a watch",negative
"love, waste of money, it uses usb-c, for a headphones",neutral
"smooth, the box includes a cable, for a keyboard",positive
"check stopped working, for a laptop http://spam.link/965",negative
"wonderful, does not work, i bought this in march, for a headphones",neutral
"works flawlessly, poor quality, it weighs about 300 grams, for a headphones",neutral
"check hate, it launched last year, for a headphones http://spam.link/181",negative
"smooth, for a keyboard",positive
"totally regret buying, for a charger",negative
"incredibly regret buying, regret buying, for a charger",negative
"awful, i bought this in march, for a laptop",negative
"check never broken, never again, for a blender http://spam.link/354",negative
"great value, one star, it comes in two colors, for a watch",neutral
"not absolutely highly recommend, highly recommend, for a charger",positive
"reliable, poor quality, it weighs about 300 grams, for a headphones",neutral
"check amazing, barely totally wonderful, for a charger http://spam.link/716",positive
"impressive, cheap plastic, the store had it in stock, for a keyboard",neutral
"totally one star, for a backpack",negative
"<b>worst experience, it comes in two colors, for a headphones</b> &amp; more",negative
"never smooth, very great value, for a watch",positive
"outstanding, poor quality, the app connects over bluetooth, for a backpack",neutral
"hardly useless, worst experience, for a backpack",negative
"not absolutely amazing, impressive, for a charger",positive
"barely regret buying, for a keyboard",negative
"absolutely poor quality, the model number is xj-220, for a laptop",negative
"never useless, for a backpack!!! sooo goooood",negative
"great value, for a headphones!!! sooo goooood",positive
"really fantastic, it uses usb-c, for a keyboard!!! sooo goooood",positive
"never totally fantastic, highly recommend, for a headphones",positive
"very worst experience, regret buying, for a headphones",negative
"amazing, one star, the store had it in stock, for a keyboard",neutral
"not refund, the package arrived on tuesday, for a phone",negative
"check amazing, barely great value, for a blender http://spam.link/370",positive
"not absolutely cheap plastic, absolutely refund, for a phone",negative
"never disappointing, never awful, for a blender!!! sooo goooood",negative
"never incredibly delighted, delighted, for a backpack!!! sooo goooood",positive
"<b>barely totally refund, not refund, for a laptop</b> &amp; more",negative
"defective, for a phone",negative
"top quality, disappointing, the package arrived on tuesday, for a charger",neutral
"smooth, worst experience, it uses usb-c, for a backpack",neutral
"brilliant, never again, the box includes a cable, for a phone",neutral
"terrible, for a backpack",negative
"crashed, for a headphones",negative
"works flawlessly, it weighs about 300 grams, for a headphones",positive
"excellent, for a watch",positive
"disappointing, really defective, for a headphones",negative
"totally one star, totally does not work, for a keyboard",negative
"totally brilliant, for a blender",positive
"check absolutely slow, for a keyboard http://spam.link/165",negative
"@user123 said very worst experience, never again, i bought this in march, for a blender",negative
"@user123 said smooth, the store had it in stock, for a keyboard",neutral
"incredibly awful, for a headphones",negative
"@user123 said not totally broken, for a watch",negative
"check reliable, for a watch http://spam.link/186",positive
"superb, it comes in two colors, for a watch",positive
"not waste of money, for a laptop",negative
"hardly stopped working, one star, for a phone",negative
"excellent, never again, the manual has 12 pages, for a laptop",neutral
"smooth, for a watch",positive
"useless, it comes in two colors, for a charger",negative
"very best purchase, not incredibly superb, for a charger",positive
"really amazing, for a headphones",positive
"check very refund, for a watch http://spam.link/811",negative
"never incredibly crashed, never again, the app connects over bluetooth, for a phone",negative
"annoying, for a watch",negative
"outstanding, never again, the model number is xj-220, for a charger",positive
"absolutely hate, disappointing, for a laptop",negative
"cheap plastic, incredibly refund, for a charger!!! sooo goooood",neutral
"incredibly worst experience, not very never again, for a keyboard",negative
"disappointing, broken, the app connects over bluetooth, for a keyboard",negative
"delighted, stopped working, the model number is xj-220, for a watch",neutral
"never again, it comes in two colors, for a laptop",negative
"top quality, broken, it uses usb-c, for a headphones",neutral
"hardly works flawlessly, absolutely brilliant, for a keyboard",positive
"absolutely disappointing, for a watch",negative
"superb, totally brilliant, for a backpack",negative
"highly recommend, poor quality, it launched last year, for a phone",neutral
"really never again, totally poor quality, for a blender",negative
"exceeded expectations, best purchase, the app connects over bluetooth, for a keyboard",positive
"smooth, terrible, it weighs about 300 grams, for a laptop",neutral
"@user123 said very cheap plastic, waste of money, for a watch",neutral
"never incredibly love, for a blender!!! sooo goooood",positive
"check never crashed, for a blender http://spam.link/766",negative
"reliable, regret buying, the company is based in ohio, for a watch!!! sooo goooood",neutral
"<b>impressive, hardly fantastic, the model number is xj-220, for a watch</b> &amp; more",positive
"not outstanding, for a headphones",positive
"perfect, does not work, the model number is xj-220, for a keyboard",neutral
"wonderful, the package arrived on tuesday, for a keyboard",positive
"totally brilliant, the company is based in ohio, for a charger!!! sooo goooood",positive
"never delighted, for a phone",positive
"<b>totally great value, for a phone</b> &amp; more",positive
"never cheap plastic, for a laptop",negative
"absolutely excellent, outstanding, for a watch",positive
"@user123 said really does not work, barely waste of money, for a watch",negative
"not highly recommend, for a headphones",positive
"incredibly never again, for a phone",negative
"outstanding, annoying, the model number is xj-220, for a headphones",neutral
"hardly exceeded expectations, for a laptop",positive
"five stars, worst experience, the model number is xj-220, for a watch!!! sooo goooood",neutral
"great value, does not work, it launched last year, for a keyboard",neutral
"check amazing, annoying, i bought this in march, for a charger http://spam.link/994",neutral
"@user123 said hardly best purchase, for a backpack",positive
"not annoying, for a watch",negative
"hardly hate, does not work, the package arrived on tuesday, for a keyboard",negative
"reliable, waste of money, it launched last year, for a charger",neutral
"really works flawlessly, exceeded expectations, it uses usb-c, for a blender",positive
"top quality, regret buying, the package arrived on tuesday, for a watch",neutral
"@user123 said not annoying, for a charger",negative
"never annoying, for a blender",negative
"delighted, not very superb, it weighs about 300 grams, for a watch",positive
"check slow, one star, for a phone http://spam.link/322",negative
"<b>really poor quality, barely terrible, for a charger</b> &amp; more",negative
"really never again, for a phone",neutral
"never again, the model number is xj-220, for a blender",negative
"absolutely works flawlessly, for a keyboard",positive
"check hate, for a backpack http://spam.link/487",negative
"check barely slow, for a backpack http://spam.link/347",negative
"check totally annoying, for a laptop http://spam.link/715",negative
"check worst experience, waste of money, the manual has 12 pages, for a laptop http://spam.link/319",negative
"check incredibly perfect, top quality, the package arrived on tuesday, for a laptop http://spam.link/681",positive
"@user123 said absolutely reliable, never smooth, for a laptop",positive
"very terrible, incredibly annoying, the package arrived on tuesday, for a keyboard",negative
"superb, awful, the store had it in stock, for a backpack",neutral
"highly recommend, does not work, it launched last year, for a charger",neutral
"slow, not waste of money, it weighs about 300 grams, for a headphones",negative
"<b>perfect, slow, the company is based in ohio, for a blender</b> &amp; more",neutral
"five stars, for a blender",positive
"never smooth, impressive, for a phone",positive
"@user123 said never totally worst experience, for a phone",negative
"check never totally poor quality, it launched last year, for a charger http://spam.link/555",negative
"excellent, regret buying, i bought this in march, for a phone",neutral
"totally love, for a watch",positive
"does not work, for a headphones",negative
"@user123 said incredibly poor quality, for a laptop",negative
"really exceeded expectations, for a blender",positive
"@user123 said never incredibly works flawlessly, the package arrived on tuesday, for a backpack",positive
"check incredibly disappointing, for a watch http://spam.link/281",negative
"check delighted, awful, it launched last year, for a phone http://spam.link/778",neutral
"totally fantastic, exceeded expectations, the company is based in ohio, for a backpack",positive
"smooth, hardly superb, for a watch!!! sooo goooood",positive
"barely crashed, for a phone",negative
"<b>never really broken, really worst experience, for a watch</b> &amp; more",negative
"awful, for a headphones",negative
"amazing, worst experience, the app connects over bluetooth, for a charger",neutral
"@user123 said incredibly delighted, the model number is xj-220, for a headphones",positive
"totally useless, totally stopped working, for a watch",negative
"not exceeded expectations, great value, for a backpack",positive
"perfect, broken, the manual has 12 pages, for a watch!!! sooo goooood",neutral
"crashed, terrible, for a backpack",negative
"absolutely terrible, for a blender",negative
"crashed, the company is based in ohio, for a laptop",negative
"never really impressive, incredibly outstanding, i bought this in march, for a watch!!! sooo goooood",positive
"hardly defective, the company is based in ohio, for a watch",negative
"@user123 said very stopped working, totally awful, for a headphones",negative
"really best purchase, for a headphones",positive
"superb, not excellent, for a laptop",positive
"terrible, for a headphones",negative
"totally broken, awful, i bought this in march, for a watch",negative
"love, worst experience, the store had it in stock, for a keyboard!!! sooo goooood",neutral
"crashed, not absolutely one star, for a charger",negative
"great value, annoying, the model number is xj-220, for a backpack",neutral
"outstanding, refund, it launched last year, for a phone",neutral
"check wonderful, stopped working, it uses usb-c, for a backpack http://spam.link/567",neutral
"@user123 said hardly useless, for a blender",negative
"great value, great value, the package arrived on tuesday, for a backpack",positive
"best purchase, broken, the store had it in stock, for a keyboard!!! sooo goooood",neutral
"totally exceeded expectations, for a charger",positive
"worst experience, the manual has 12 pages, for a charger",negative
"defective, waste of money, for a charger!!! sooo goooood",negative
"check outstanding, for a laptop http://spam.link/931",positive
"defective, for a laptop",negative
"very broken, for a watch",negative
"refund, disappointing, the company is based in ohio, for a charger",negative
"love, the box includes a cable, for a watch",positive
"not delighted, not exceeded expectations, for a keyboard",positive
"outstanding, top quality, for a keyboard",positive
"brilliant, the manual has 12 pages, for a laptop",positive
"outstanding, for a phone",positive
"annoying, not defective, it comes in two colors, for a backpack",negative
"defective, for a watch",negative
"absolutely annoying, for a blender",negative
"absolutely delighted, for a phone",positive
"one star, for a laptop",negative
"barely does not work, useless, the box includes a cable, for a phone",negative
"hardly outstanding, smooth, for a keyboard",positive
"really excellent, wonderful, the box includes a cable, for a charger",positive
"@user123 said works flawlessly, for a watch",positive
"amazing, cheap plastic, the manual has 12 pages, for a blender",neutral
"useless, hardly broken, for a keyboard",negative
"disappointing, for a keyboard",negative
"check exceeded expectations, disappointing, the model number is xj-220, for a charger http://spam.link/150",neutral
"great value, very brilliant, the store had it in stock, for a blender",positive
"terrible, for a backpack",negative
"great value, terrible, it weighs about 300 grams, for a backpack!!! sooo goooood",neutral
"@user123 said very perfect, barely incredibly fantastic, for a blender",positive
"outstanding, not perfect, for a watch",positive
"@user123 said best purchase, absolutely highly recommend, for a phone",positive
"totally five stars, incredibly perfect, it comes in two colors, for a charger",positive
"superb, terrible, the model number is xj-220, for a phone",neutral
"@user123 said superb, slow, the package arrived on tuesday, for a laptop",neutral
"absolutely fantastic, for a keyboard",positive
"useless, hardly incredibly stopped working, for a phone",negative
"very great value, the box includes a cable, for a charger",positive
"smooth, broken, the model number is xj-220, for a watch",neutral
"totally superb, the app connects over bluetooth, for a charger",positive
"hardly incredibly does not work, the store had it in stock, for a charger",negative
"check incredibly worst experience, annoying, it launched last year, for a watch http://spam.link/890",negative
"barely great value, hardly totally impressive, the app connects over bluetooth, for a keyboard",positive
"barely really works flawlessly, for a backpack",positive
"reliable, awful, the store had it in stock, for a keyboard",neutral
"terrible, for a laptop",negative
"not works flawlessly, very smooth, for a keyboard",positive
"reliable, barely works flawlessly, for a watch!!! sooo goooood",positive
"check top quality, for a phone http://spam.link/382",positive
"<b>barely absolutely worst experience, for a phone</b> &amp; more",negative
"highly recommend, stopped working, i bought this in march, for a headphones",neutral
"absolutely great value, for a watch",positive
"refund, for a watch",negative
"fantastic, stopped working, it launched last year, for a headphones",neutral
"barely incredibly useless, useless, for a charger",negative
"five stars, waste of money, the store had it in stock, for a blender",neutral
"barely incredibly excellent, for a laptop",positive
"slow, broken, it comes in two colors, for a blender",negative
"reliable, absolutely fantastic, the app connects over bluetooth, for a phone!!! sooo goooood",positive
"defective, never awful, for a watch",negative
"absolutely works flawlessly, for a watch",positive
"best purchase, for a keyboard",positive
"brilliant, i bought this in march, for a watch",positive
"works flawlessly, hate, it comes in two colors, for a headphones",neutral
"totally delighted, barely totally love, for a watch",positive
"barely very outstanding, absolutely exceeded expectations, for a watch",positive
"reliable, for a charger!!! sooo goooood",positive
"annoying, broken, for a charger",negative
"smooth, terrible, the model number is xj-220, for a laptop",neutral
"delighted, never again, the model number is xj-220, for a laptop",neutral
"amazing, waste of money, the app connects over bluetooth, for a backpack",neutral
"incredibly regret buying, it uses usb-c, for a laptop",negative
"exceeded expectations, never again, the package arrived on tuesday, for a headphones",neutral
"five stars, useless, the package arrived on tuesday, for a keyboard!!! sooo goooood",neutral
"hardly worst experience, awful, for a blender",negative
"highly recommend, one star, the box includes a cable, for a headphones",neutral
"@user123 said top quality, for a phone",positive
"totally love, for a blender",positive
"incredibly crashed, incredibly terrible, i bought this in march, for a watch",negative
"check brilliant, totally outstanding, it comes in two colors, for a charger http://spam.link/376",positive
"barely really poor quality, disappointing, the app connects over bluetooth, for a charger!!! sooo goooood",negative
"absolutely highly recommend, really top quality, for a watch",positive
"crashed, the box includes a cable, for a laptop",negative
"awful, never refund, for a blender",positive
"works flawlessly, never again, the package arrived on tuesday, for a laptop",neutral
"delighted, for a headphones",positive
"smooth, it comes in two colors, for a charger",positive
"<b>incredibly works flawlessly, hardly outstanding, for a blender</b> &amp; more",positive
"brilliant, the model number is xj-220, for a keyboard",positive
"absolutely poor quality, really regret buying, for a phone",negative
"barely incredibly outstanding, for a keyboard",positive
"reliable, one star, it weighs about 300 grams, for a charger",neutral
"check not works flawlessly, for a phone http://spam.link/212",positive
"@user123 said annoying, does not work, for a backpack",negative
"reliable, for a keyboard",positive
"hardly incredibly reliable, reliable, for a watch",positive
"superb, broken, the store had it in stock, for a backpack",neutral
"does not work, for a phone",negative
"<b>hardly reliable, barely top quality, for a keyboard</b> &amp; more",positive
"totally exceeded expectations, for a laptop",positive
"terrible, the box includes a cable, for a charger",negative
"delighted, never brilliant, for a blender!!! sooo goooood",positive
"hardly refund, for a watch",negative
"wonderful, regret buying, i bought this in march, for a charger",neutral
"slow, barely incredibly poor quality, for a blender",negative
"perfect, crashed, the store had it in stock, for a blender",neutral
"check reliable, never again, the model number is xj-220, for a charger http://spam.link/806",neutral
"fantastic, awful, the manual has 12 pages, for a phone",positive
"works flawlessly, the app connects over bluetooth, for a headphones",positive
"totally great value, not really love, for a laptop",positive
"check barely fantastic, highly recommend, the store had it in stock, for a charger http://spam.link/181",positive
"highly recommend, awful, the box includes a cable, for a watch!!! sooo goooood",neutral
"wonderful, for a headphones",positive
"@user123 said exceeded expectations, refund, i bought this in march, for a laptop",neutral
"hardly amazing, hardly amazing, the app connects over bluetooth, for a keyboard",positive
"superb, five stars, for a backpack",positive
"fantastic, the manual has 12 pages, for a headphones",positive
"stopped working, for a blender",negative
"very excellent, for a keyboard",positive
"not really useless, for a keyboard",negative
"not outstanding, superb, for a phone",positive
"@user123 said very exceeded expectations, highly recommend, for a charger",positive
"disappointing, cheap plastic, for a keyboard",negative
"@user123 said amazing, i bought this in march, for a phone",positive
"<b>annoying, regret buying, for a blender</b> &amp; more",negative
"<b>worst experience, absolutely awful, for a headphones</b> &amp; more",positive
"excellent, totally top quality, for a laptop",positive
"<b>highly recommend, poor quality, the store had it in stock, for a headphones</b> &amp; more",neutral
"barely absolutely regret buying, for a watch",negative
"<b>waste of money, not regret buying, for a charger</b> &amp; more",negative
"perfect, it comes in two colors, for a backpack!!! sooo goooood",positive
"not wonderful, reliable, for a blender",positive
"smooth, for a backpack",positive
"wonderful, cheap plastic, the app connects over bluetooth, for a keyboard",positive
"highly recommend, cheap plastic, i bought this in march, for a keyboard",neutral
"never absolutely great value, the app connects over bluetooth, for a charger",positive
"hardly disappointing, barely stopped working, for a backpack",negative
"impressive, the model number is xj-220, for a laptop",positive
"perfect, disappointing, the model number is xj-220, for a watch",neutral
"impressive, defective, it uses usb-c, for a backpack",neutral
"<b>not terrible, it uses usb-c, for a laptop</b> &amp; more",negative
"@user123 said amazing, it comes in two colors, for a watch",positive
"exceeded expectations, annoying, the model number is xj-220, for a headphones",neutral
"exceeded expectations, cheap plastic, it weighs about 300 grams, for a blender",neutral
"slow, barely disappointing, for a blender",negative
"regret buying, it launched last year, for a headphones",negative
"worst experience, waste of money, for a keyboard",negative
"barely delighted, for a headphones",positive
"check not perfect, for a laptop http://spam.link/623",positive
"incredibly worst experience, i bought this in march, for a headphones!!! sooo goooood",negative
"perfect, top quality, for a headphones",positive
"great value, stopped working, the app connects over bluetooth, for a watch",neutral
"really delighted, for a watch",positive
"<b>best purchase, top quality, for a watch</b> &amp; more",positive
"refund, absolutely terrible, the manual has 12 pages, for a headphones",negative
"cheap plastic, for a keyboard",negative
"@user123 said one star, the model number is xj-220, for a charger",negative
"best purchase, the store had it in stock, for a keyboard",positive
"check superb, broken, the company is based in ohio, for a blender http://spam.link/288",neutral
"barely impressive, for a headphones",positive
"<b>love, defective, it comes in two colors, for a charger</b> &amp; more",neutral
"wonderful, defective, the package arrived on tuesday, for a phone",neutral
"smooth, waste of money, it comes in two colors, for a laptop",neutral
"totally defective, hardly disappointing, for a phone",negative
"not delighted, hardly highly recommend, for a headphones",positive
"not very refund, not absolutely regret buying, the app connects over bluetooth, for a charger",negative
"crashed, poor quality, for a blender!!! sooo goooood",negative
"great value, the box includes a cable, for a watch",positive
"works flawlessly, useless, the app connects over bluetooth, for a headphones",neutral
"barely five stars, absolutely brilliant, for a laptop",positive
"really one star, barely incredibly useless, for a blender",negative
"great value, for a headphones!!! sooo goooood",positive
"smooth, for a keyboard",positive
"absolutely cheap plastic, for a phone",negative
"smooth, waste of money, the manual has 12 pages, for a blender",neutral
"refund, disappointing, for a headphones",negative
"hardly absolutely does not work, incredibly hate, the model number is xj-220, for a keyboard",negative
"@user123 said outstanding, very exceeded expectations, the manual has 12 pages, for a watch",positive
"disappointing, for a watch",negative
"reliable, for a blender",positive
"<b>disappointing, annoying, for a laptop</b> &amp; more",negative
"awful, for a laptop",negative
"one star, for a phone",negative
"reliable, amazing, for a watch",positive
"never totally broken, for a charger",negative
"totally great value, it launched last year, for a phone",positive
"never love, for a backpack",positive
"delighted, regret buying, it launched last year, for a watch",negative
"outstanding, for a laptop",positive
"exceeded expectations, cheap plastic, it uses usb-c, for a keyboard",neutral
"stopped working, the package arrived on tuesday, for a charger",negative
"best purchase, never excellent, for a watch",positive
"@user123 said absolutely works flawlessly, for a charger",positive
"top quality, for a phone",positive
"does not work, not cheap plastic, for a charger",negative
"not really never again, it launched last year, for a watch",negative
"very perfect, outstanding, for a headphones",positive
"check best purchase, not love, for a backpack http://spam.link/778",positive
"@user123 said barely slow, stopped working, for a phone",negative
"great value, awful, it weighs about 300 grams, for a laptop",neutral
"incredibly crashed, the app connects over bluetooth, for a blender",negative
"wonderful, cheap plastic, the box includes a cable, for a watch",negative
"<b>exceeded expectations, never impressive, for a phone</b> &amp; more",positive
"regret buying, for a headphones",negative
"@user123 said wonderful, for a keyboard",positive
"love, stopped working, it weighs about 300 grams, for a headphones",neutral
"absolutely great value, for a phone",positive
"barely very great value, top quality, for a phone",positive
"check absolutely best purchase, it weighs about 300 grams, for a charger http://spam.link/439",positive
"check defective, it comes in two colors, for a blender http://spam.link/734",negative
"check very reliable, for a backpack http://spam.link/821",positive
"totally amazing, for a blender",positive
"check incredibly one star, hardly never again, for a laptop http://spam.link/803",negative
"not does not work, incredibly waste of money, the box includes a cable, for a backpack",negative
"broken, for a charger",negative
"check superb, for a headphones http://spam.link/993",positive
"works flawlessly, regret buying, the package arrived on tuesday, for a charger",neutral
"impressive, exceeded expectations, for a charger",positive
"absolutely best purchase, outstanding, for a backpack",neutral
"barely stopped working, totally awful, for a laptop",negative
"never absolutely never again, for a keyboard!!! sooo goooood",negative
"reliable, incredibly superb, for a laptop",positive
"really poor quality, awful, for a blender!!! sooo goooood",negative
"really perfect, for a watch",positive
"very worst experience, never waste of money, for a charger",negative
"absolutely impressive, very outstanding, for a phone",positive
"does not work, it comes in two colors, for a headphones",negative
"hardly totally superb, for a watch",positive
"works flawlessly, incredibly fantastic, it launched last year, for a keyboard!!! sooo goooood",positive
"excellent, for a headphones",positive
"check broken, for a headphones http://spam.link/551",negative
"@user123 said totally waste of money, absolutely disappointing, the app connects over bluetooth, for a headphones",negative
"hardly excellent, for a headphones!!! sooo goooood",positive
"really outstanding, the model number is xj-220, for a backpack",positive
"great value, crashed, the app connects over bluetooth, for a backpack",neutral
"hardly really broken, really waste of money, for a laptop",positive
"exceeded expectations, disappointing, i bought this in march, for a backpack",neutral
"smooth, brilliant, for a blender",positive
"five stars, for a laptop",positive
"delighted, regret buying, the box includes a cable, for a keyboard",neutral
"top quality, barely great value, for a charger",positive
"really superb, not absolutely great value, the manual has 12 pages, for a headphones",negative
"check regret buying, crashed, for a charger http://spam.link/595",negative
"exceeded expectations, for a headphones",positive
"never five stars, for a blender",positive
"outstanding, fantastic, for a phone",positive
"absolutely brilliant, never love, for a watch!!! sooo goooood",positive
"never one star, barely never again, for a watch",negative
"hardly perfect, i bought this in march, for a keyboard",positive
"best purchase, for a keyboard",positive
"wonderful, for a keyboard",positive
"check reliable, annoying, i bought this in march, for a keyboard http://spam.link/263",neutral
"totally works flawlessly, for a charger",positive
"stopped working, awful, the package arrived on tuesday, for a headphones",negative
"amazing, the company is based in ohio, for a blender!!! sooo goooood",positive
"crashed, slow, for a headphones",positive
"<b>impressive, for a blender</b> &amp; more",positive
"hardly excellent, for a backpack",positive
"broken, never useless, for a watch",negative
"stopped working, for a laptop",negative
"hate, incredibly never again, the store had it in stock, for a backpack",negative
"barely stopped working, awful, the model number is xj-220, for a keyboard",negative
"brilliant, regret buying, the app connects over bluetooth, for a headphones",neutral
"fantastic, never delighted, for a phone",positive
"amazing, for a headphones",positive
"exceeded expectations, totally reliable, it uses usb-c, for a backpack",positive
"never again, totally hate, the box includes a cable, for a backpack",negative
"check wonderful, waste of money, it weighs about 300 grams, for a laptop http://spam.link/130",neutral
"check amazing, hate, it launched last year, for a blender http://spam.link/714",neutral
"check great value, cheap plastic, it launched last year, for a backpack http://spam.link/780",neutral
"totally exceeded expectations, for a laptop",negative
"totally defective, for a charger",negative
"barely defective, terrible, for a blender",negative
"@user123 said not great value, the manual has 12 pages, for a backpack",positive
"highly recommend, stopped working, the box includes a cable, for a watch",neutral
"@user123 said incredibly annoying, disappointing, it uses usb-c, for a watch",negative
"wonderful, one star, it uses usb-c, for a phone",neutral
"hate, terrible, for a backpack",negative
"awful, for a charger",negative
"impressive, for a phone",positive
"check great value, for a laptop http://spam.link/507",positive
"highly recommend, delighted, the model number is xj-220, for a laptop",positive
"useless, the app connects over bluetooth, for a phone",negative
"really amazing, delighted, for a backpack",positive
"one star, barely totally crashed, for a headphones",negative
"<b>barely incredibly best purchase, not impressive, for a charger</b> &amp; more",positive
"absolutely useless, hardly worst experience, for a phone",negative
"smooth, refund, it comes in two colors, for a keyboard",neutral
"best purchase, the app connects over bluetooth, for a headphones",positive
"hardly regret buying, barely crashed, for a headphones",negative
"brilliant, one star, it uses usb-c, for a keyboard",neutral
"poor quality, not disappointing, for a charger",negative
"incredibly top quality, fantastic, for a laptop!!! sooo goooood",positive
"not five stars, i bought this in march, for a watch",positive
"very great value, delighted, for a headphones",positive
"never best purchase, wonderful, for a charger",positive
"check absolutely one star, annoying, for a headphones http://spam.link/970",negative
"<b>barely stopped working, not hate, for a headphones</b> &amp; more",negative
"exceeded expectations, waste of money, the store had it in stock, for a blender",neutral
"great value, one star, the app connects over bluetooth, for a phone",neutral
"not never again, for a keyboard",negative
"great value, awful, it uses usb-c, for a phone",neutral
"superb, fantastic, the box includes a cable, for a keyboard",positive
"not perfect, totally best purchase, for a headphones",positive
"great value, never again, the model number is xj-220, for a watch",neutral
"never really worst experience, for a watch",negative
"absolutely brilliant, for a watch",positive
"fantastic, very impressive, for a headphones",positive
"barely defective, totally broken, i bought this in march, for a charger",negative
"refund, absolutely hate, for a backpack",negative
"smooth, never love, for a phone",positive
"@user123 said broken, barely totally broken, for a watch",neutral
"excellent, slow, the company is based in ohio, for a blender",neutral
"superb, exceeded expectations, for a headphones",positive
"fantastic, for a keyboard",positive
"disappointing, really refund, for a watch",negative
"check broken, for a laptop http://spam.link/635",negative
"<b>worst experience, worst experience, it uses usb-c, for a watch</b> &amp; more",negative
"exceeded expectations, the app connects over bluetooth, for a headphones",positive
"best purchase, never again, the box includes a cable, for a keyboard",neutral
"<b>excellent, best purchase, for a keyboard</b> &amp; more",positive
"@user123 said hardly annoying, the package arrived on tuesday, for a keyboard",negative
"absolutely wonderful, it launched last year, for a phone",positive
"@user123 said impressive, stopped working, the package arrived on tuesday, for a laptop",neutral
"barely amazing, brilliant, for a watch",positive
"annoying, for a laptop",negative
"smooth, for a backpack",positive
"refund, the model number is xj-220, for a backpack",negative
"absolutely annoying, does not work, the app connects over bluetooth, for a charger",negative
"disappointing, for a keyboard",negative
"very brilliant, for a headphones",positive
"smooth, smooth, for a keyboard",negative
"@user123 said really disappointing, for a charger",negative
"barely disappointing, barely annoying, the store had it in stock, for a keyboard",negative
"not crashed, i bought this in march, for a phone",negative
"amazing, disappointing, i bought this in march, for a headphones",neutral
"regret buying, for a charger!!! sooo goooood",negative
"<b>barely absolutely refund, for a backpack</b> &amp; more",negative
"really waste of money, really slow, the company is based in ohio, for a keyboard",negative
"not top quality, totally reliable, for a headphones",positive
"barely totally awful, for a keyboard",negative
"great value, reliable, for a blender",positive
"top quality, the box includes a cable, for a backpack",positive
"barely highly recommend, delighted, for a watch",positive
"check fantastic, slow, the manual has 12 pages, for a charger http://spam.link/360",neutral
"not never again, hardly one star, for a phone",negative
"@user123 said hardly very smooth, impressive, for a keyboard",positive
"@user123 said outstanding, really wonderful, for a phone",positive
"very poor quality, regret buying, for a keyboard",negative
"impressive, worst experience, the package arrived on tuesday, for a charger",neutral
"very defective, barely useless, the package arrived on tuesday, for a charger",negative
"not really impressive, totally brilliant, for a keyboard!!! sooo goooood",positive
"check broken, incredibly does not work, for a backpack http://spam.link/378",positive
"terrible, for a charger",negative
"@user123 said works flawlessly, crashed, the model number is xj-220, for a watch",neutral
"perfect, for a headphones",positive
"<b>useless, not one star, for a keyboard</b> &amp; more",negative
"works flawlessly, very five stars, for a blender",positive
"highly recommend, poor quality, the company is based in ohio, for a headphones",neutral
"exceeded expectations, defective, the company is based in ohio, for a charger",neutral
"<b>really best purchase, totally reliable, the package arrived on tuesday, for a blender</b> &amp; more",positive
"@user123 said impressive, poor quality, the company is based in ohio, for a backpack",neutral
"broken, never incredibly never again, for a watch",negative
"five stars, regret buying, the model number is xj-220, for a headphones",neutral
"<b>fantastic, incredibly impressive, for a watch</b> &amp; more",positive
"never exceeded expectations, really love, for a phone!!! sooo goooood",positive
"not very superb, excellent, for a laptop",positive
"perfect, for a keyboard",positive
"works flawlessly, for a backpack",positive
"<b>never fantastic, for a phone</b> &amp; more",positive
"smooth, cheap plastic, the model number is xj-220, for a backpack",neutral
"<b>very delighted, best purchase, for a keyboard</b> &amp; more",positive
"exceeded expectations, hate, the package arrived on tuesday, for a watch",neutral
"really best purchase, totally works flawlessly, for a watch",positive
"five stars, hardly really outstanding, for a backpack",positive
"top quality, for a headphones",positive
"barely great value, for a phone",positive
"impressive, the model number is xj-220, for a laptop",positive
"never amazing, for a phone",positive
"cheap plastic, broken, the company is based in ohio, for a blender",negative
"never one star, waste of money, for a keyboard",negative
"top quality, waste of money, the company is based in ohio, for a headphones",neutral
"poor quality, for a laptop",negative
"waste of money, for a laptop",negative
"never again, stopped working, for a laptop",negative
"reliable, never again, the manual has 12 pages, for a headphones",neutral
"highly recommend, never again, the app connects over bluetooth, for a phone!!! sooo goooood",neutral
"highly recommend, cheap plastic, it uses usb-c, for a headphones",negative
"best purchase, not exceeded expectations, for a phone",positive
"best purchase, does not work, it weighs about 300 grams, for a phone",neutral
"hardly useless, annoying, for a watch",negative
"reliable, terrible, the app connects over bluetooth, for a blender",neutral
"worst experience, cheap plastic, for a watch!!! sooo goooood",negative
"fantastic, broken, i bought this in march, for a blender",neutral
"useless, crashed, the store had it in stock, for a laptop",negative
"incredibly cheap plastic, for a laptop",negative
"really love, it launched last year, for a laptop",positive
"@user123 said totally brilliant, for a phone",positive
"<b>amazing, crashed, i bought this in march, for a laptop</b> &amp; more",neutral
"<b>incredibly brilliant, barely five stars, the model number is xj-220, for a backpack</b> &amp; more",positive
"wonderful, defective, the manual has 12 pages, for a charger",neutral
"amazing, the store had it in stock, for a headphones",positive
"disappointing, for a keyboard",negative
"best purchase, for a backpack",positive
"@user123 said incredibly great value, reliable, it comes in two colors, for a backpack",positive
"top quality, annoying, the company is based in ohio, for a laptop",neutral
"@user123 said amazing, does not work, the package arrived on tuesday, for a keyboard",positive
"best purchase, never really perfect, for a backpack!!! sooo goooood",positive
"regret buying, i bought this in march, for a watch",negative
"check barely amazing, absolutely highly recommend, for a keyboard http://spam.link/645",positive
"check impressive, totally wonderful, it comes in two colors, for a laptop http://spam.link/132",positive
"crashed, the model number is xj-220, for a backpack",negative
"works flawlessly, for a headphones!!! sooo goooood",positive
"really regret buying, really useless, for a blender",negative
"really excellent, five stars, for a blender",positive
"not impressive, for a laptop",positive
"never useless, for a backpack!!! sooo goooood",negative
"outstanding, reliable, for a charger",positive
"never wonderful, brilliant, for a phone",positive
"not fantastic, for a charger",positive
"incredibly does not work, the manual has 12 pages, for a phone",negative
"excellent, for a backpack",positive
"works flawlessly, stopped working, the store had it in stock, for a laptop",positive
"brilliant, worst experience, the app connects over bluetooth, for a watch",neutral
"never best purchase, for a blender",positive
"incredibly defective, for a charger",negative
"absolutely stopped working, hate, for a backpack",negative
"useless, disappointing, for a backpack",negative
"never wonderful, for a charger",positive
"top quality, delighted, for a watch",positive
"perfect, perfect, it comes in two colors, for a backpack",positive
"not highly recommend, really love, the package arrived on tuesday, for a blender",positive
"amazing, regret buying, the app connects over bluetooth, for a charger",neutral
"hardly really hate, for a watch!!! sooo goooood",negative
"impressive, crashed, it weighs about 300 grams, for a keyboard",neutral
"very one star, awful, for a keyboard!!! sooo goooood",negative
"highly recommend, incredibly best purchase, for a phone",positive
"superb, for a backpack",positive
"@user123 said does not work, for a backpack",negative
"check absolutely amazing, highly recommend, for a laptop http://spam.link/733",positive
"smooth, broken, the company is based in ohio, for a blender",neutral
"<b>totally five stars, barely brilliant, for a phone</b> &amp; more",positive
"useless, for a phone",negative
"<b>barely amazing, hardly smooth, for a watch</b> &amp; more",positive
"broken, for a charger!!! sooo goooood",positive
"never worst experience, for a keyboard",negative
"top quality, poor quality, i bought this in march, for a laptop",neutral
"fantastic, it launched last year, for a watch!!! sooo goooood",positive
"@user123 said barely top quality, absolutely brilliant, it weighs about 300 grams, for a charger",positive
"barely incredibly wonderful, hardly outstanding, for a backpack",negative
"@user123 said hardly highly recommend, brilliant, for a phone",positive
"<b>excellent, absolutely top quality, for a headphones</b> &amp; more",positive
"annoying, it uses usb-c, for a phone",negative
"waste of money, for a keyboard",negative
"waste of money, for a backpack",negative
"never amazing, not reliable, for a watch",positive
"fantastic, fantastic, for a charger",positive
"not very hate, for a laptop",negative
"hardly top quality, for a backpack",positive
"great value, the box includes a cable, for a phone",positive
"hardly incredibly great value, it launched last year, for a blender",positive
"absolutely disappointing, never very regret buying, for a blender",negative
"@user123 said five stars, absolutely brilliant, for a backpack",positive
"poor quality, the company is based in ohio, for a phone",negative
"broken, never terrible, for a keyboard",negative
"fantastic, cheap plastic, it comes in two colors, for a watch",neutral
"impressive, amazing, for a charger!!! sooo goooood",positive
"@user123 said reliable, barely five stars, for a laptop",positive
"stopped working, stopped working, the company is based in ohio, for a headphones",negative
"<b>hardly reliable, absolutely excellent, for a blender</b> &amp; more",positive
"absolutely never again, for a blender!!! sooo goooood",negative
"best purchase, for a charger",positive
"terrible, hardly useless, for a watch!!! sooo goooood",negative
"very awful, not incredibly stopped working, it launched last year, for a backpack",negative
"really annoying, one star, the model number is xj-220, for a charger",negative
"impressive, poor quality, the app connects over bluetooth, for a charger",neutral
"<b>top quality, superb, for a headphones</b> &amp; more",positive
"not incredibly defective, i bought this in march, for a laptop",negative
"not delighted, incredibly exceeded expectations, for a keyboard",positive
"totally regret buying, it uses usb-c, for a keyboard",negative
"cheap plastic, poor quality, the store had it in stock, for a keyboard",negative
"<b>top quality, defective, the box includes a cable, for a keyboard</b> &amp; more",neutral
"brilliant, terrible, the model number is xj-220, for a backpack!!! sooo goooood",negative
"smooth, slow, it weighs about 300 grams, for a watch",neutral
"amazing, for a backpack",positive
"really useless, for a keyboard",negative
"check works flawlessly, for a charger http://spam.link/632",positive
"excellent, i bought this in march, for a watch",positive
"smooth, for a blender",positive
"hate, stopped working, for a blender",negative
"not totally exceeded expectations, excellent, for a keyboard",positive
"check barely five stars, wonderful, for a laptop http://spam.link/297",positive
"barely brilliant, reliable, it launched last year, for a phone",positive
"best purchase, stopped working, the manual has 12 pages, for a blender",neutral
"really poor quality, for a headphones",negative
"<b>totally broken, never again, for a keyboard</b> &amp; more",negative
"<b>incredibly fantastic, for a headphones</b> &amp; more",positive
"never again, barely poor quality, for a laptop",negative
"absolutely poor quality, slow, for a watch",negative
"superb, refund, the model number is xj-220, for a blender",positive
"never never again, really awful, the box includes a cable, for a phone",negative
"brilliant, refund, i bought this in march, for a keyboard!!! sooo goooood",neutral
"incredibly best purchase, incredibly fantastic, the manual has 12 pages, for a laptop",positive
"never very highly recommend, the box includes a cable, for a blender!!! sooo goooood",positive
"exceeded expectations, for a keyboard",positive
"totally perfect, best purchase, for a laptop",positive
"@user123 said impressive, cheap plastic, the company is based in ohio, for a laptop",negative
"<b>wonderful, awful, the app connects over bluetooth, for a phone</b> &amp; more",neutral
"incredibly cheap plastic, for a charger!!! sooo goooood",negative
"wonderful, for a watch!!! sooo goooood",positive
"hardly incredibly excellent, for a laptop",positive
"hardly incredibly crashed, for a watch",negative
"very brilliant, great value, for a laptop!!! sooo goooood",positive
"check brilliant, poor quality, the app connects over bluetooth, for a phone http://spam.link/801",neutral
"love, defective, the store had it in stock, for a watch",negative
"@user123 said hardly regret buying, slow, for a charger",negative
"barely wonderful, the manual has 12 pages, for a backpack!!! sooo goooood",positive
"@user123 said never perfect, hardly love, the company is based in ohio, for a charger",positive
"useless, the model number is xj-220, for a headphones",negative
"hardly very stopped working, never awful, for a keyboard",negative
"hardly crashed, absolutely slow, for a watch",negative
"@user123 said incredibly smooth, for a blender",positive
"disappointing, for a blender!!! sooo goooood",negative
"<b>amazing, for a laptop</b> &amp; more",positive
"<b>hardly outstanding, top quality, it uses usb-c, for a headphones</b> &amp; more",positive
"really delighted, never top quality, for a backpack",positive
"never one star, for a headphones",negative
"hardly hate, it comes in two colors, for a backpack!!! sooo goooood",negative
"awful, the app connects over bluetooth, for a keyboard",negative
"reliable, barely amazing, for a watch",positive
"never poor quality, never waste of money, for a backpack",negative
"@user123 said never absolutely reliable, the model number is xj-220, for a charger",positive
"totally terrible, for a charger",negative
"@user123 said delighted, waste of money, it launched last year, for a blender",neutral
"top quality, awful, the manual has 12 pages, for a laptop",neutral
"not very hate, refund, for a phone",negative
"absolutely delighted, highly recommend, for a backpack",positive
"top quality, for a phone",positive
"check cheap plastic, totally one star, for a laptop http://spam.link/138",negative
"not highly recommend, for a backpack",positive
"incredibly best purchase, smooth, for a watch",positive
"best purchase, defective, the company is based in ohio, for a watch",neutral
"never really slow, for a phone",negative
"not incredibly refund, absolutely one star, for a watch",negative
"great value, slow, it comes in two colors, for a charger!!! sooo goooood",neutral
"<b>perfect, does not work, it launched last year, for a laptop</b> &amp; more",neutral
"<b>brilliant, excellent, for a watch</b> &amp; more",positive
"crashed, worst experience, for a phone",negative
"totally fantastic, very works flawlessly, for a laptop",positive
"barely totally stopped working, absolutely one star, for a phone",negative
"crashed, for a headphones",negative
"stopped working, crashed, for a charger",negative
"never awful, never terrible, for a keyboard",negative
"awful, for a laptop",negative
"hardly superb, never totally great value, for a laptop",positive
"barely awful, hardly annoying, for a headphones",negative
"very exceeded expectations, for a laptop",positive
"awful, slow, for a blender",negative
"never waste of money, for a backpack",negative
"not very crashed, not really cheap plastic, for a headphones",negative
"<b>incredibly works flawlessly, for a backpack</b> &amp; more",positive
"slow, for a phone",negative
"not amazing, for a charger",positive
"slow, waste of money, for a watch",negative
"delighted, outstanding, for a phone",positive
"totally best purchase, not perfect, for a phone",positive
"<b>works flawlessly, outstanding, it comes in two colors, for a watch</b> &amp; more",positive
"check regret buying, for a phone http://spam.link/952",negative
"superb, exceeded expectations, the app connects over bluetooth, for a watch",positive
"delighted, useless, it launched last year, for a laptop",neutral
"smooth, hate, it launched last year, for a backpack",neutral
"<b>really reliable, wonderful, for a headphones</b> &amp; more",positive
"@user123 said top quality, absolutely smooth, for a keyboard",positive
"worst experience, the model number is xj-220, for a charger",negative
"never superb, top quality, for a headphones",positive
"exceeded expectations, for a laptop",positive
"fantastic, defective, the app connects over bluetooth, for a keyboard",neutral
"totally defective, really slow, for a keyboard",negative
"disappointing, the package arrived on tuesday, for a backpack",negative
"check slow, waste of money, for a charger http://spam.link/961",negative
"fantastic, stopped working, the model number is xj-220, for a watch",neutral
"reliable, hate, the box includes a cable, for a laptop",neutral
"exceeded expectations, the store had it in stock, for a backpack",positive
"<b>worst experience, not totally stopped working, for a backpack</b> &amp; more",negative
"very refund, for a watch",negative
"<b>works flawlessly, worst experience, it weighs about 300 grams, for a headphones</b> &amp; more",neutral
"hardly fantastic, for a watch",positive
"reliable, for a backpack",positive
"reliable, useless, the manual has 12 pages, for a keyboard",neutral
"top quality, hate, the company is based in ohio, for a watch",neutral
"incredibly useless, crashed, the manual has 12 pages, for a headphones",negative
"fantastic, not outstanding, for a watch",positive
"wonderful, disappointing, the company is based in ohio, for a charger",neutral
"not brilliant, for a keyboard",positive
"@user123 said cheap plastic, for a keyboard",negative
"barely very useless, stopped working, for a watch",negative
"excellent, does not work, the company is based in ohio, for a keyboard",neutral
"amazing, one star, it comes in two colors, for a charger",neutral
"<b>absolutely refund, absolutely worst experience, for a keyboard</b> &amp; more",negative
"exceeded expectations, terrible, it launched last year, for a watch",neutral
"outstanding, one star, the app connects over bluetooth, for a keyboard",neutral
"amazing, slow, it uses usb-c, for a headphones",neutral
"defective, the model number is xj-220, for a laptop",negative
"hate, for a laptop",negative
"best purchase, top quality, for a headphones!!! sooo goooood",positive
"@user123 said worst experience, very awful, i bought this in march, for a watch",negative
"hardly incredibly outstanding, for a laptop!!! sooo goooood",positive
"check hardly brilliant, amazing, for a charger http://spam.link/733",positive
"crashed, really worst experience, the box includes a cable, for a backpack",negative
"hardly absolutely useless, for a keyboard",negative
"@user123 said hardly amazing, reliable, for a blender",positive
"@user123 said really terrible, totally worst experience, the company is based in ohio, for a laptop",negative
"useless, for a charger",negative
"@user123 said useless, never totally one star, for a watch",negative
"love, hardly impressive, for a phone",positive
"check not highly recommend, for a charger http://spam.link/602",positive
"absolutely waste of money, waste of money, for a keyboard",negative
"smooth, cheap plastic, the box includes a cable, for a laptop",neutral
"best purchase, for a blender",positive
"really never again, really awful, it launched last year, for a laptop!!! sooo goooood",negative
"check totally delighted, for a watch http://spam.link/112",positive
"crashed, for a phone!!! sooo goooood",positive
"incredibly works flawlessly, for a laptop!!! sooo goooood",positive
"cheap plastic, stopped working, for a charger",negative
"great value, for a watch",positive
"very love, the company is based in ohio, for a laptop",positive
"incredibly reliable, it launched last year, for a phone",positive
"outstanding, stopped working, the company is based in ohio, for a headphones",neutral
"great value, excellent, for a watch",positive
"barely terrible, the store had it in stock, for a keyboard",negative
"<b>highly recommend, annoying, the company is based in ohio, for a blender</b> &amp; more",neutral
"<b>excellent, does not work, the model number is xj-220, for a phone</b> &amp; more",neutral
"@user123 said very worst experience, for a backpack",negative
"perfect, waste of money, it weighs about 300 grams, for a phone",neutral
"poor quality, for a backpack",negative
"check never very regret buying, the box includes a cable, for a phone http://spam.link/154",negative
"not crashed, awful, for a blender",negative
"amazing, one star, the model number is xj-220, for a keyboard",neutral
"@user123 said absolutely terrible, for a laptop",negative
"<b>best purchase, stopped working, the company is based in ohio, for a backpack</b> &amp; more",neutral
"barely love, for a phone",positive
"five stars, for a phone",positive
"brilliant, it launched last year, for a charger",positive
"excellent, hardly incredibly excellent, for a charger",positive
"annoying, for a blender",negative
"really perfect, for a backpack",positive
"stopped working, not incredibly awful, for a headphones",negative
"<b>really reliable, for a charger</b> &amp; more",positive
"waste of money, regret buying, for a headphones",negative
"reliable, the model number is xj-220, for a phone",positive
"outstanding, awful, the manual has 12 pages, for a keyboard",neutral
"fantastic, hate, it weighs about 300 grams, for a headphones",neutral
"check outstanding, totally smooth, for a backpack http://spam.link/386",positive
"<b>best purchase, the model number is xj-220, for a phone</b> &amp; more",positive
"totally annoying, barely very does not work, the store had it in stock, for a laptop",negative
"check love, hate, the manual has 12 pages, for a charger http://spam.link/941",neutral
"refund, incredibly cheap plastic, for a charger",negative
"never five stars, very best purchase, for a watch",positive
"totally cheap plastic, for a backpack!!! sooo goooood",negative
"five stars, poor quality, it weighs about 300 grams, for a headphones",neutral
"never again, really hate, for a backpack",negative
"@user123 said fantastic, worst experience, the box includes a cable, for a keyboard",neutral
"really hate, for a phone",negative
"absolutely fantastic, i bought this in march, for a watch",positive
"barely excellent, works flawlessly, for a watch",positive
"superb, refund, the model number is xj-220, for a headphones",neutral
"excellent, annoying, the box includes a cable, for a laptop",neutral
"not wonderful, great value, for a laptop",positive
"superb, fantastic, the manual has 12 pages, for a laptop",positive
"check very annoying, barely totally worst experience, for a backpack http://spam.link/797",negative
"check reliable, annoying, it uses usb-c, for a headphones http://spam.link/494",neutral
"love, i bought this in march, for a phone",positive
"very best purchase, for a laptop",positive
"cheap plastic, for a blender",negative
"superb, for a keyboard",positive
"works flawlessly, defective, i bought this in march, for a laptop!!! sooo goooood",neutral
"<b>barely useless, for a headphones</b> &amp; more",negative
"love, barely love, for a phone",positive
"never stopped working, for a charger",negative
"one star, annoying, for a headphones",negative
"useless, one star, for a charger",negative
"incredibly outstanding, never very works flawlessly, for a headphones",positive
"<b>love, for a watch</b> &amp; more",positive
"@user123 said slow, awful, for a backpack",negative
"love, stopped working, it uses usb-c, for a headphones",neutral
"works flawlessly, barely wonderful, for a keyboard",positive
"top quality, excellent, for a backpack",positive
"@user123 said incredibly waste of money, never refund, for a laptop",negative
"great value, stopped working, the package arrived on tuesday, for a laptop",neutral
"incredibly great value, the model number is xj-220, for a charger",positive
"fantastic, the store had it in stock, for a charger",positive
"absolutely does not work, the store had it in stock, for a phone",negative
"best purchase, awful, it launched last year, for a backpack",neutral
"hardly very one star, terrible, it launched last year, for a headphones!!! sooo goooood",negative
"disappointing, for a charger",negative
"reliable, very brilliant, for a headphones",positive
"smooth, exceeded expectations, for a watch",positive
"absolutely broken, for a charger",negative
"awful, the box includes a cable, for a watch",negative
"very refund, hardly very refund, for a backpack",negative
"check hardly incredibly worst experience, for a blender http://spam.link/924",negative
"<b>best purchase, stopped working, the company is based in ohio, for a keyboard</b> &amp; more",neutral
"outstanding, slow, the store had it in stock, for a headphones",neutral
"absolutely hate, slow, for a blender",negative
"barely stopped working, hardly incredibly one star, for a keyboard!!! sooo goooood",negative
"@user123 said brilliant, does not work, the box includes a cable, for a headphones",neutral
"annoying, incredibly crashed, the manual has 12 pages, for a charger!!! sooo goooood",negative
"slow, for a phone",negative
"reliable, impressive, it launched last year, for a headphones",positive
"worst experience, not disappointing, the company is based in ohio, for a keyboard!!! sooo goooood",negative
"reliable, delighted, for a headphones",positive
"barely best purchase, for a watch",positive
"<b>totally broken, for a laptop</b> &amp; more",negative
"absolutely impressive, for a headphones!!! sooo goooood",positive
"love, for a blender",neutral
"@user123 said disappointing, for a backpack",negative
"<b>impressive, for a watch</b> &amp; more",positive
"incredibly hate, barely totally worst experience, for a keyboard",negative
"worst experience, awful, the model number is xj-220, for a charger",negative
"superb, hardly reliable, for a phone",positive
"barely totally outstanding, for a blender",positive
"<b>incredibly slow, totally never again, for a blender</b> &amp; more",negative
"excellent, slow, the box includes a cable, for a backpack",neutral
"@user123 said exceeded expectations, for a keyboard",positive
"perfect, for a blender!!! sooo goooood",positive
"really great value, fantastic, the model number is xj-220, for a phone",positive
"useless, never hate, for a phone",negative
"<b>outstanding, for a backpack</b> &amp; more",positive
"perfect, does not work, the model number is xj-220, for a phone",neutral
"@user123 said barely refund, for a headphones",negative
"really best purchase, hardly impressive, for a headphones",positive
"incredibly defective, absolutely annoying, it comes in two colors, for a backpack",negative
"never absolutely hate, totally terrible, for a blender",negative
"love, never again, the model number is xj-220, for a charger",neutral
"perfect, never outstanding, for a watch",positive
"<b>incredibly amazing, not brilliant, it launched last year, for a blender</b> &amp; more",negative
"very regret buying, for a watch",negative
"<b>great value, annoying, it launched last year, for a backpack</b> &amp; more",neutral
"brilliant, love, for a watch",positive
"incredibly refund, for a laptop",neutral
"excellent, impressive, for a watch",positive
"best purchase, for a headphones",positive
"not impressive, for a laptop",positive
"totally love, absolutely top quality, the manual has 12 pages, for a keyboard",positive
"absolutely one star, it launched last year, for a keyboard",negative
"really top quality, for a watch",positive
"reliable, exceeded expectations, for a laptop",positive
"check reliable, crashed, the box includes a cable, for a headphones http://spam.link/647",neutral
"amazing, the box includes a cable, for a keyboard",positive
"@user123 said not worst experience, for a charger",negative
"love, worst experience, the box includes a cable, for a watch",neutral
"barely delighted, it weighs about 300 grams, for a headphones",positive
"check amazing, never again, it launched last year, for a phone http://spam.link/641",neutral
"incredibly exceeded expectations, i bought this in march, for a keyboard",positive
"@user123 said incredibly top quality, absolutely fantastic, for a backpack",positive
"@user123 said never again, the manual has 12 pages, for a charger",negative
"check great value, best purchase, for a backpack http://spam.link/150",positive
"one star, disappointing, for a charger",neutral
"check amazing, for a phone http://spam.link/909",positive
"check love, useless, i bought this in march, for a blender http://spam.link/217",neutral
"stopped working, never cheap plastic, for a charger",negative
"crashed, defective, it launched last year, for a laptop",negative
"@user123 said incredibly broken, one star, for a phone",negative
"perfect, it weighs about 300 grams, for a backpack",positive
"absolutely never again, cheap plastic, the model number is xj-220, for a blender!!! sooo goooood",negative
"<b>totally love, for a phone</b> &amp; more",positive
"exceeded expectations, incredibly delighted, the app connects over bluetooth, for a blender",positive
"check totally crashed, for a headphones http://spam.link/107",negative
"impressive, never again, the company is based in ohio, for a headphones",neutral
"not excellent, barely really delighted, for a phone",positive
"excellent, awful, the manual has 12 pages, for a headphones",neutral
"barely smooth, for a keyboard",positive
"waste of money, for a keyboard",negative
"perfect, disappointing, it launched last year, for a charger",neutral
"very poor quality, very cheap plastic, it uses usb-c, for a watch",negative
"check not worst experience, disappointing, for a watch http://spam.link/665",negative
"reliable, useless, the manual has 12 pages, for a blender",neutral
"five stars, the box includes a cable, for a laptop",positive
"check hardly very slow, for a headphones http://spam.link/881",negative
"never crashed, it uses usb-c, for a charger",negative
"stopped working, the box includes a cable, for a blender",negative
"highly recommend, for a backpack",positive
"incredibly annoying, it launched last year, for a watch",negative
"very reliable, for a charger!!! sooo goooood",positive
"check five stars, very great value, for a headphones http://spam.link/489",positive
"smooth, awful, the app connects over bluetooth, for a phone",neutral
"terrible, for a laptop",negative
"amazing, useless, it uses usb-c, for a watch",neutral
"totally annoying, broken, for a keyboard",negative
"check barely wonderful, barely very excellent, for a phone http://spam.link/684",positive
"useless, for a blender",negative
"great value, refund, the package arrived on tuesday, for a backpack",neutral
"five stars, the company is based in ohio, for a keyboard!!! sooo goooood",positive
"impressive, does not work, the box includes a cable, for a headphones!!! sooo goooood",neutral
"never very terrible, for a headphones",negative
"really hate, crashed, for a headphones",negative
"superb, not superb, the manual has 12 pages, for a watch!!! sooo goooood",positive
"best purchase, awful, the app connects over bluetooth, for a charger",neutral
"outstanding, defective, it weighs about 300 grams, for a backpack",neutral
"@user123 said highly recommend, for a phone",positive
"amazing, defective, the company is based in ohio, for a headphones",neutral
"absolutely fantastic, the package arrived on tuesday, for a laptop",positive
"hate, absolutely disappointing, for a laptop",negative
"very outstanding, for a laptop",positive
"terrible, for a phone",negative
"highly recommend, outstanding, for a watch",positive
"hardly waste of money, for a keyboard",negative
"terrible, stopped working, for a headphones",negative
"works flawlessly, hate, the store had it in stock, for a laptop",neutral
"@user123 said barely stopped working, really one star, for a laptop",negative
"really delighted, love, for a keyboard",positive
"@user123 said totally refund, for a backpack",negative
"absolutely terrible, broken, for a watch",negative
"love, awful, the store had it in stock, for a charger",neutral
"best purchase, never again, it launched last year, for a blender",neutral
"works flawlessly, for a blender",positive
"awful, for a watch",negative
"reliable, one star, the package arrived on tuesday, for a charger",neutral
"absolutely perfect, never incredibly five stars, for a blender",positive
"top quality, stopped working, the app connects over bluetooth, for a blender",neutral
"absolutely excellent, for a laptop",positive
"exceeded expectations, slow, the model number is xj-220, for a keyboard",neutral
"<b>fantastic, for a backpack</b> &amp; more",positive
"barely excellent, fantastic, for a keyboard",neutral
"barely reliable, amazing, for a headphones",positive
"absolutely top quality, for a phone!!! sooo goooood",positive
"@user123 said never totally cheap plastic, absolutely useless, for a charger",negative
"impressive, annoying, i bought this in march, for a headphones",neutral
"brilliant, cheap plastic, the model number is xj-220, for a watch",neutral
"check absolutely hate, for a headphones http://spam.link/683",negative
"amazing, regret buying, it uses usb-c, for a phone",neutral
"smooth, for a keyboard",positive
"works flawlessly, for a headphones",positive
"superb, never absolutely five stars, for a headphones",positive
"delighted, does not work, it launched last year, for a laptop",neutral
"never impressive, for a backpack",positive
"highly recommend, worst experience, the model number is xj-220, for a headphones",neutral
"smooth, for a backpack!!! sooo goooood",positive
"wonderful, the store had it in stock, for a phone",positive
"reliable, i bought this in march, for a backpack",positive
"@user123 said barely smooth, five stars, for a charger",positive
"@user123 said not disappointing, stopped working, for a watch",negative
"perfect, crashed, i bought this in march, for a blender",neutral
"check hardly highly recommend, for a charger http://spam.link/790",positive
"exceeded expectations, for a keyboard",positive
"delighted, fantastic, for a watch",positive
"not perfect, never really works flawlessly, for a backpack",positive
"waste of money, for a backpack",negative
"totally fantastic, impressive, for a laptop",positive
"wonderful, broken, the manual has 12 pages, for a blender",neutral
"@user123 said excellent, fantastic, for a backpack",positive
"really brilliant, for a blender",positive
"<b>outstanding, highly recommend, it uses usb-c, for a headphones</b> &amp; more",positive
"<b>slow, annoying, for a blender</b> &amp; more",negative
"hardly highly recommend, very great value, for a charger",positive
"fantastic, totally outstanding, the package arrived on tuesday, for a keyboard",positive
"really delighted, hardly absolutely best purchase, for a laptop",positive
"outstanding, cheap plastic, it uses usb-c, for a laptop",neutral
"check defective, for a headphones http://spam.link/712",negative
"delighted, worst experience, the package arrived on tuesday, for a phone",neutral
"five stars, for a watch",positive
"barely great value, for a keyboard",positive
"hate, for a laptop",neutral
"annoying, very slow, the manual has 12 pages, for a keyboard",negative
"disappointing, not crashed, for a watch",negative
"awful, it launched last year, for a laptop",negative
"awful, the box includes a cable, for a phone",negative
"@user123 said really annoying, for a headphones",negative
"@user123 said not totally hate, absolutely slow, for a keyboard",negative
"poor quality, never waste of money, for a laptop",negative
"check fantastic, slow, it uses usb-c, for a backpack http://spam.link/961",neutral
"incredibly delighted, incredibly outstanding, for a backpack",positive
"really poor quality, the model number is xj-220, for a blender",negative
"not refund, for a laptop",negative
"absolutely refund, for a keyboard",negative
"incredibly exceeded expectations, for a headphones",positive
"<b>never very exceeded expectations, perfect, for a laptop</b> &amp; more",positive
"very poor quality, for a phone!!! sooo goooood",negative
"<b>useless, the box includes a cable, for a charger</b> &amp; more",negative
"incredibly wonderful, for a phone",positive
"smooth, totally delighted, for a blender",positive
"delighted, disappointing, the store had it in stock, for a phone!!! sooo goooood",neutral
"not incredibly highly recommend, works flawlessly, for a laptop",positive
"top quality, disappointing, it weighs about 300 grams, for a watch",neutral
"smooth, it comes in two colors, for a headphones!!! sooo goooood",positive
"best purchase, refund, it comes in two colors, for a keyboard!!! sooo goooood",neutral
"not disappointing, useless, the store had it in stock, for a headphones",negative
"delighted, annoying, the app connects over bluetooth, for a keyboard",neutral
"totally awful, for a charger",negative
"very awful, it weighs about 300 grams, for a watch",negative
"@user123 said slow, for a keyboard",negative
"best purchase, disappointing, it comes in two colors, for a watch",neutral
"wonderful, one star, the box includes a cable, for a headphones",neutral
"wonderful, broken, the package arrived on tuesday, for a phone!!! sooo goooood",neutral
"@user123 said perfect, refund, it launched last year, for a laptop",neutral
"impressive, terrible, the model number is xj-220, for a blender",neutral
"smooth, useless, the company is based in ohio, for a watch",neutral
"not very highly recommend, not impressive, for a headphones!!! sooo goooood",positive
"best purchase, never top quality, for a charger",positive
"very cheap plastic, stopped working, it launched last year, for a charger",negative
"waste of money, hardly absolutely refund, the company is based in ohio, for a phone",negative
"@user123 said best purchase, cheap plastic, i bought this in march, for a watch",neutral
"totally poor quality, for a blender!!! sooo goooood",negative
"check never exceeded expectations, wonderful, for a watch http://spam.link/534",positive
"<b>works flawlessly, poor quality, the manual has 12 pages, for a keyboard</b> &amp; more",neutral
"@user123 said highly recommend, for a charger",positive
"five stars, refund, the box includes a cable, for a phone",neutral
"delighted, disappointing, the app connects over bluetooth, for a headphones",neutral
"regret buying, never again, it launched last year, for a charger",negative
"highly recommend, waste of money, i bought this in march, for a headphones!!! sooo goooood",neutral
"one star, totally stopped working, for a backpack",negative
"totally exceeded expectations, for a backpack",positive
"hardly best purchase, it uses usb-c, for a laptop",positive
"excellent, barely very great value, the box includes a cable, for a phone",positive
"@user123 said barely really useless, broken, i bought this in march, for a watch",negative
"great value, incredibly smooth, for a charger",positive
"<b>hardly brilliant, totally impressive, it weighs about 300 grams, for a backpack</b> &amp; more",positive
"never absolutely top quality, for a blender",positive
"amazing, reliable, for a phone",positive
"incredibly broken, crashed, for a phone",negative
"absolutely wonderful, it comes in two colors, for a watch!!! sooo goooood",positive
"not smooth, works flawlessly, for a headphones",positive
"@user123 said love, for a laptop",positive
"broken, very regret buying, it launched last year, for a phone",negative
"<b>stopped working, for a backpack</b> &amp; more",negative
"top quality, very fantastic, for a backpack",positive
"refund, really one star, for a backpack",negative
"never stopped working, for a phone",negative
"highly recommend, annoying, it launched last year, for a keyboard",neutral
"awful, terrible, for a watch",negative
"totally perfect, for a charger",positive
"hardly awful, waste of money, i bought this in march, for a laptop",negative
"impressive, incredibly outstanding, for a watch",positive
"not very outstanding, for a keyboard",positive
"awful, for a blender",negative
"check poor quality, not incredibly awful, for a keyboard http://spam.link/654",negative
"top quality, barely really exceeded expectations, for a blender",positive
"five stars, worst experience, the app connects over bluetooth, for a phone",neutral
"slow, worst experience, for a watch!!! sooo goooood",negative
"hardly totally great value, incredibly reliable, for a backpack",positive
"perfect, for a backpack",positive
"best purchase, for a laptop",positive
"@user123 said brilliant, refund, i bought this in march, for a watch",neutral
"best purchase, hate, the model number is xj-220, for a backpack",neutral
"works flawlessly, does not work, it uses usb-c, for a backpack",neutral
"barely regret buying, for a headphones!!! sooo goooood",negative
"never very delighted, not really impressive, for a headphones",positive
"annoying, for a watch",negative
"check not reliable, for a backpack http://spam.link/807",positive
"hardly wonderful, not five stars, for a keyboard",positive
"perfect, for a blender",positive
"absolutely useless, hardly totally crashed, it uses usb-c, for a keyboard",negative
"barely outstanding, for a backpack",positive
"not absolutely perfect, it uses usb-c, for a keyboard",positive
"hardly never again, very one star, for a charger",negative
"not highly recommend, for a phone",positive
"hate, really stopped working, for a keyboard",negative
"wonderful, hardly delighted, for a blender",positive
"delighted, for a laptop",positive
"incredibly never again, for a phone",negative
"@user123 said refund, hardly cheap plastic, for a watch",negative
"perfect, disappointing, the package arrived on tuesday, for a headphones",neutral
"best purchase, annoying, it uses usb-c, for a charger",neutral
"five stars, disappointing, the manual has 12 pages, for a backpack",neutral
"barely waste of money, for a blender",negative
"@user123 said not disappointing, for a phone",negative
"regret buying, for a laptop!!! sooo goooood",neutral
"works flawlessly, worst experience, it comes in two colors, for a headphones",neutral
"check cheap plastic, incredibly crashed, it comes in two colors, for a watch http://spam.link/590",negative
"really exceeded expectations, for a charger",positive
"never awful, it weighs about 300 grams, for a phone",negative
"@user123 said poor quality, regret buying, for a keyboard",negative
"slow, i bought this in march, for a watch",negative
"works flawlessly, for a backpack",positive
"@user123 said five stars, regret buying, the company is based in ohio, for a watch",neutral
"<b>not stopped working, for a blender</b> &amp; more",negative
"@user123 said crashed, awful, the store had it in stock, for a laptop",negative
"not incredibly disappointing, for a keyboard",negative
"check refund, for a watch http://spam.link/275",negative
"slow, cheap plastic, for a headphones",negative
"never excellent, i bought this in march, for a keyboard",positive
"barely five stars, not superb, for a headphones",positive
"never never again, for a watch",negative
"check absolutely top quality, very best purchase, for a blender http://spam.link/359",positive
"smooth, refund, the company is based in ohio, for a backpack",positive
"<b>hate, for a backpack</b> &amp; more",negative
"awful, incredibly stopped working, for a keyboard",negative
"best purchase, terrible, the package arrived on tuesday, for a blender",neutral
"<b>incredibly annoying, totally does not work, the company is based in ohio, for a charger</b> &amp; more",negative
"@user123 said annoying, absolutely regret buying, for a backpack",negative
"worst experience, barely worst experience, for a charger!!! sooo goooood",negative
"incredibly delighted, the package arrived on tuesday, for a blender",positive
"<b>slow, the manual has 12 pages, for a headphones</b> &amp; more",negative
"brilliant, delighted, for a watch",positive
"poor quality, never stopped working, for a headphones",negative
"reliable, very superb, for a watch",positive
"love, hate, it launched last year, for a charger",neutral
"check awful, for a charger http://spam.link/977",negative
"really exceeded expectations, barely superb, for a blender",positive
"waste of money, for a phone",negative
"barely useless, it weighs about 300 grams, for a phone",negative
"not cheap plastic, incredibly disappointing, for a laptop",negative
"very fantastic, the model number is xj-220, for a backpack",positive
"fantastic, incredibly works flawlessly, for a phone",positive
"useless, it uses usb-c, for a laptop",negative
"very perfect, for a backpack",positive
"outstanding, for a blender",positive
"reliable, hate, the package arrived on tuesday, for a charger",neutral
"awful, incredibly waste of money, the app connects over bluetooth, for a backpack",negative
"barely cheap plastic, cheap plastic, for a watch",negative
"<b>absolutely reliable, for a phone</b> &amp; more",positive
"check cheap plastic, for a headphones http://spam.link/131",negative
"does not work, poor quality, for a watch!!! sooo goooood",negative
"brilliant, annoying, the box includes a cable, for a keyboard!!! sooo goooood",neutral
"smooth, crashed, the box includes a cable, for a watch",neutral
"does not work, never awful, for a backpack",negative
"terrible, never again, the app connects over bluetooth, for a blender",negative
"check hardly does not work, crashed, the manual has 12 pages, for a blender http://spam.link/618",negative
"not smooth, smooth, for a watch",positive
"<b>excellent, hate, it uses usb-c, for a backpack</b> &amp; more",neutral
"awful, for a headphones",negative
"<b>highly recommend, annoying, it weighs about 300 grams, for a laptop</b> &amp; more",neutral
"love, one star, the package arrived on tuesday, for a headphones",neutral
"awful, the package arrived on tuesday, for a blender",negative
"incredibly terrible, the box includes a cable, for a phone!!! sooo goooood",negative
"not absolutely never again, for a backpack!!! sooo goooood",negative
"absolutely cheap plastic, for a phone!!! sooo goooood",negative
"awful, for a backpack",negative
"hardly exceeded expectations, not smooth, for a phone!!! sooo goooood",positive
"incredibly brilliant, for a headphones",positive
"love, for a phone!!! sooo goooood",positive
"@user123 said delighted, poor quality, the store had it in stock, for a watch",neutral
"check absolutely great value, for a laptop http://spam.link/426",neutral
"@user123 said works flawlessly, awful, it comes in two colors, for a backpack",neutral
"check defective, i bought this in march, for a keyboard http://spam.link/226",negative
"five stars, refund, it weighs about 300 grams, for a charger",neutral
"does not work, totally stopped working, for a headphones",negative
"great value, waste of money, it launched last year, for a watch",neutral
"amazing, it uses usb-c, for a keyboard",positive
"never delighted, not best purchase, the manual has 12 pages, for a watch",positive
"@user123 said not really brilliant, it weighs about 300 grams, for a laptop",positive
"barely absolutely useless, for a keyboard",negative
"check terrible, incredibly waste of money, for a headphones http://spam.link/761",negative
"delighted, delighted, for a blender",positive
"incredibly delighted, the manual has 12 pages, for a charger",positive
"very one star, for a headphones",negative
"excellent, refund, the box includes a cable, for a keyboard",neutral
"hardly smooth, incredibly wonderful, for a watch",positive
"check great value, amazing, for a headphones http://spam.link/790",positive
"hardly exceeded expectations, for a blender",positive
"fantastic, worst experience, the manual has 12 pages, for a keyboard",neutral
"<b>really stopped working, awful, for a charger</b> &amp; more",negative
"very regret buying, for a backpack",negative
"check superb, the manual has 12 pages, for a laptop http://spam.link/420",positive
"best purchase, for a blender!!! sooo goooood",positive
"refund, for a backpack",negative
"hardly totally exceeded expectations, for a backpack!!! sooo goooood",positive
"perfect, never again, the box includes a cable, for a watch",neutral
"best purchase, not five stars, the manual has 12 pages, for a blender",positive
"never love, fantastic, for a laptop!!! sooo goooood",positive
"delighted, for a headphones",positive
"great value, waste of money, it comes in two colors, for a charger",neutral
"great value, top quality, for a laptop",positive
"love, the app connects over bluetooth, for a charger",neutral
"not highly recommend, not superb, for a phone",positive
"incredibly great value, for a backpack",positive
"check never impressive, really brilliant, the box includes a cable, for a phone http://spam.link/814",positive
"<b>not works flawlessly, excellent, for a phone</b> &amp; more",positive
"annoying, for a watch",negative
"absolutely waste of money, barely incredibly does not work, for a watch",negative
"<b>never exceeded expectations, for a keyboard</b> &amp; more",positive
"great value, for a keyboard!!! sooo goooood",positive
"worst experience, barely hate, for a keyboard",negative
"<b>never does not work, totally regret buying, the store had it in stock, for a phone</b> &amp; more",negative
"totally brilliant, never outstanding, for a keyboard",positive
"poor quality, the company is based in ohio, for a laptop",negative
"works flawlessly, for a backpack",positive
"check smooth, for a watch http://spam.link/282",positive
"<b>great value, slow, the package arrived on tuesday, for a phone</b> &amp; more",positive
"perfect, useless, it uses usb-c, for a phone",neutral
"annoying, for a blender",negative
"excellent, waste of money, the app connects over bluetooth, for a laptop!!! sooo goooood",neutral
"check excellent, impressive, it launched last year, for a phone http://spam.link/259",positive
"not really excellent, works flawlessly, for a backpack",positive
"wonderful, refund, the package arrived on tuesday, for a headphones",neutral
"<b>hardly delighted, works flawlessly, the box includes a cable, for a keyboard</b> &amp; more",positive
"check perfect, annoying, the model number is xj-220, for a keyboard http://spam.link/128",neutral
"five stars, the package arrived on tuesday, for a keyboard",positive
"broken, disappointing, for a headphones",negative
"not totally useless, terrible, for a laptop",negative
"very broken, for a phone",negative
"never really poor quality, for a phone",negative
"fantastic, one star, the box includes a cable, for a charger",neutral
"does not work, regret buying, it uses usb-c, for a laptop!!! sooo goooood",negative
"check incredibly cheap plastic, never again, for a phone http://spam.link/705",negative
"absolutely stopped working, defective, for a phone",negative
"disappointing, for a charger!!! sooo goooood",negative
"totally worst experience, the app connects over bluetooth, for a laptop",negative
"wonderful, defective, the box includes a cable, for a blender!!! sooo goooood",neutral
"check impressive, crashed, it comes in two colors, for a keyboard http://spam.link/344",neutral
"one star, for a blender",negative
"broken, for a backpack",negative
"amazing, broken, the box includes a cable, for a keyboard",neutral
"five stars, never again, the store had it in stock, for a backpack!!! sooo goooood",neutral
"barely best purchase, hardly delighted, the box includes a cable, for a headphones",positive
"check barely refund, for a charger http://spam.link/209",negative
"annoying, for a keyboard",negative
"wonderful, stopped working, it comes in two colors, for a watch",neutral
"perfect, it uses usb-c, for a phone",positive
"top quality, refund, the app connects over bluetooth, for a phone",neutral
"barely amazing, for a watch",positive
"barely worst experience, hardly poor quality, i bought this in march, for a laptop",negative
"incredibly worst experience, not defective, the package arrived on tuesday, for a watch",negative
"broken, barely does not work, for a headphones",negative
"hate, the manual has 12 pages, for a laptop!!! sooo goooood",negative
"regret buying, never annoying, for a headphones",negative
"slow, does not work, for a backpack",negative
"barely cheap plastic, for a laptop",negative
"best purchase, for a charger",positive
"@user123 said five stars, poor quality, the model number is xj-220, for a charger",neutral
"incredibly refund, for a watch",negative
"<b>crashed, for a backpack</b> &amp; more",negative
"hardly refund, broken, for a keyboard",negative
"worst experience, for a watch",negative
"check worst experience, incredibly disappointing, for a laptop http://spam.link/791",negative
"best purchase, hate, the company is based in ohio, for a charger",neutral
"<b>fantastic, for a keyboard</b> &amp; more",positive
"not exceeded expectations, totally great value, for a laptop",positive
"@user123 said stopped working, the package arrived on tuesday, for a watch",negative
"check totally poor quality, totally refund, for a backpack http://spam.link/287",negative
"fantastic, for a phone",positive
"never slow, annoying, for a blender",negative
"absolutely never again, cheap plastic, for a charger",negative
"hardly reliable, great value, for a backpack",positive
"best purchase, defective, it weighs about 300 grams, for a charger",neutral
"slow, for a charger",negative
"incredibly brilliant, for a blender",positive
"smooth, regret buying, it weighs about 300 grams, for a backpack",neutral
"one star, not defective, for a laptop",negative
"excellent, amazing, for a watch",positive
"top quality, worst experience, the store had it in stock, for a phone!!! sooo goooood",neutral
"fantastic, hate, it uses usb-c, for a backpack",neutral
"absolutely impressive, for a keyboard",positive
"cheap plastic, absolutely stopped working, for a charger",negative
"check really impressive, for a watch http://spam.link/869",positive
"perfect, very superb, for a charger",positive
"totally amazing, wonderful, it comes in two colors, for a phone",positive
"barely smooth, incredibly impressive, for a backpack",positive
"hardly slow, poor quality, for a backpack",negative
"@user123 said amazing, one star, it launched last year, for a watch",neutral
"best purchase, fantastic, for a phone",positive
"really awful, for a headphones",negative
"really reliable, for a charger!!! sooo goooood",negative
"<b>excellent, terrible, the app connects over bluetooth, for a watch</b> &amp; more",neutral
"regret buying, hardly terrible, for a watch",negative
"best purchase, for a headphones",positive
"incredibly poor quality, for a phone",negative
"not really superb, not fantastic, for a keyboard",positive
"smooth, annoying, the store had it in stock, for a watch!!! sooo goooood",neutral
"@user123 said brilliant, refund, it weighs about 300 grams, for a backpack",neutral
"very smooth, it launched last year, for a laptop",positive
"check hate, slow, for a charger http://spam.link/735",negative
"superb, never again, the package arrived on tuesday, for a charger",neutral
"@user123 said excellent, exceeded expectations, for a keyboard",positive
"top quality, worst experience, i bought this in march, for a backpack",neutral
"not five stars, for a laptop",positive
"best purchase, one star, it launched last year, for a blender",neutral
"crashed, for a watch",negative
"slow, it launched last year, for a laptop",negative
"incredibly brilliant, for a phone",positive
"not delighted, barely wonderful, for a watch",positive
"excellent, poor quality, the app connects over bluetooth, for a backpack",neutral
"brilliant, cheap plastic, the store had it in stock, for a watch",neutral
"excellent, totally highly recommend, for a phone",positive
"works flawlessly, poor quality, the package arrived on tuesday, for a backpack",neutral
"check never slow, poor quality, for a keyboard http://spam.link/793",positive
"check cheap plastic, it comes in two colors, for a keyboard http://spam.link/850",negative
"never absolutely worst experience, barely hate, for a phone",negative
"impressive, cheap plastic, the company is based in ohio, for a laptop",neutral
"wonderful, broken, it launched last year, for a charger",neutral
"delighted, exceeded expectations, the manual has 12 pages, for a keyboard",positive
"totally smooth, incredibly perfect, for a blender",positive
"hardly totally never again, for a keyboard",negative
"awful, for a blender",positive
"works flawlessly, slow, the company is based in ohio, for a phone",neutral
"impressive, defective, the model number is xj-220, for a charger",neutral
"amazing, broken, the package arrived on tuesday, for a phone",neutral
"@user123 said never absolutely excellent, love, the box includes a cable, for a keyboard",positive
"incredibly highly recommend, for a laptop",positive
"not very waste of money, not cheap plastic, for a phone",negative
"really refund, for a charger",negative
"love, the app connects over bluetooth, for a charger",positive
"never really annoying, it weighs about 300 grams, for a backpack",negative
"works flawlessly, broken, it comes in two colors, for a charger",neutral
"check worst experience, for a backpack http://spam.link/901",negative
"reliable, for a phone",positive
"<b>very regret buying, never again, the model number is xj-220, for a phone</b> &amp; more",negative
"superb, for a keyboard",positive
"perfect, disappointing, the manual has 12 pages, for a charger",neutral
"delighted, hardly reliable, for a laptop",positive
"@user123 said very annoying, very waste of money, for a laptop",negative
"check absolutely wonderful, for a watch http://spam.link/129",neutral
"not regret buying, waste of money, the model number is xj-220, for a backpack",negative
"exceeded expectations, cheap plastic, it launched last year, for a phone",neutral
"@user123 said waste of money, barely regret buying, for a watch",negative
"never very never again, the app connects over bluetooth, for a keyboard",negative
"check broken, for a blender http://spam.link/202",negative
"@user123 said waste of money, never slow, for a watch",negative
"check amazing, for a phone http://spam.link/270",positive
"really delighted, totally works flawlessly, for a charger",positive
"@user123 said great value, for a headphones",positive
"works flawlessly, defective, the store had it in stock, for a phone",neutral
"<b>hardly very impressive, five stars, the company is based in ohio, for a keyboard</b> &amp; more",positive
"hardly really disappointing, for a watch",negative
"smooth, crashed, it uses usb-c, for a watch",neutral
"check not really refund, for a keyboard http://spam.link/218",neutral
"highly recommend, never top quality, for a blender",positive
"hardly brilliant, impressive, for a blender",positive
"@user123 said absolutely great value, for a keyboard",positive
"broken, for a backpack",negative
"hardly broken, annoying, for a keyboard",neutral
"check very five stars, for a charger http://spam.link/366",positive
"@user123 said smooth, the manual has 12 pages, for a laptop",positive
"check reliable, for a charger http://spam.link/864",positive
"@user123 said superb, disappointing, it weighs about 300 grams, for a blender",neutral
"hardly absolutely worst experience, for a headphones",negative
"highly recommend, broken, it comes in two colors, for a headphones",neutral
"check not absolutely five stars, barely amazing, i bought this in march, for a headphones http://spam.link/101",positive
"never again, for a backpack",neutral
"<b>never exceeded expectations, really excellent, for a watch</b> &amp; more",positive
"check defective, disappointing, it uses usb-c, for a laptop http://spam.link/524",negative
"really impressive, five stars, the app connects over bluetooth, for a watch",positive
"love, for a backpack",positive
"impressive, exceeded expectations, it comes in two colors, for a blender",positive
"check barely incredibly smooth, hardly best purchase, it comes in two colors, for a phone http://spam.link/538",positive
"brilliant, terrible, the company is based in ohio, for a backpack",neutral
"defective, for a headphones",negative
"totally fantastic, the model number is xj-220, for a blender",positive
"does not work, for a watch",negative
"very reliable, for a headphones",positive
"hardly absolutely slow, for a charger",negative
"check works flawlessly, waste of money, it launched last year, for a keyboard http://spam.link/825",neutral
"outstanding, regret buying, the manual has 12 pages, for a headphones",neutral
"<b>hardly outstanding, for a backpack</b> &amp; more",positive
"really stopped working, awful, for a watch",negative
"perfect, refund, it weighs about 300 grams, for a headphones!!! sooo goooood",neutral
"@user123 said really highly recommend, very five stars, for a laptop",positive
"check fantastic, it comes in two colors, for a blender http://spam.link/730",positive
"hate, it uses usb-c, for a blender",negative
"check not poor quality, totally awful, for a watch http://spam.link/241",negative
"very exceeded expectations, totally reliable, for a laptop",positive
"wonderful, awful, it uses usb-c, for a phone",neutral
"highly recommend, hate, it uses usb-c, for a watch",neutral
"totally defective, it launched last year, for a watch",negative
"absolutely defective, hardly one star, the app connects over bluetooth, for a laptop",negative
"reliable, it uses usb-c, for a phone",positive
"brilliant, terrible, the package arrived on tuesday, for a watch",neutral
"works flawlessly, awful, the company is based in ohio, for a headphones",neutral
"barely excellent, very works flawlessly, for a headphones!!! sooo goooood",positive
"check love, i bought this in march, for a blender http://spam.link/137",positive
"never totally brilliant, hardly impressive, for a keyboard",positive
"@user123 said disappointing, not slow, for a watch",negative
"<b>very perfect, for a keyboard</b> &amp; more",positive
"barely really crashed, it comes in two colors, for a headphones!!! sooo goooood",negative
"never very slow, for a keyboard",negative
"never perfect, excellent, it weighs about 300 grams, for a watch",positive
"one star, the app connects over bluetooth, for a watch",negative
"hardly impressive, for a headphones",positive
"barely slow, disappointing, for a charger",negative
"stopped working, not incredibly poor quality, for a phone",negative
"totally top quality, very highly recommend, the app connects over bluetooth, for a headphones",positive
"reliable, awful, it launched last year, for a phone!!! sooo goooood",negative
"@user123 said regret buying, for a charger",neutral
"check superb, defective, it weighs about 300 grams, for a headphones http://spam.link/556",neutral
"check absolutely waste of money, for a keyboard http://spam.link/337",negative
"broken, for a charger",negative
"@user123 said never poor quality, stopped working, the model number is xj-220, for a laptop",negative
"totally love, the company is based in ohio, for a laptop!!! sooo goooood",positive
"brilliant, disappointing, it launched last year, for a headphones",neutral
"barely really never again, for a headphones",negative
"best purchase, crashed, it uses usb-c, for a backpack",neutral
"regret buying, poor quality, for a laptop",negative
"fantastic, it weighs about 300 grams, for a headphones",positive
"@user123 said never worst experience, it uses usb-c, for a keyboard",negative
"barely reliable, for a watch",positive
"brilliant, for a watch",positive
"cheap plastic, very cheap plastic, the model number is xj-220, for a blender",negative
"awful, for a phone",negative
"incredibly fantastic, works flawlessly, for a blender",positive
"not smooth, for a blender",positive
"barely regret buying, for a watch",negative
"check fantastic, love, for a laptop http://spam.link/222",positive
"absolutely one star, poor quality, for a blender",negative
"never again, crashed, the package arrived on tuesday, for a phone",negative
"reliable, worst experience, the store had it in stock, for a charger",neutral
"one star, for a keyboard",negative
"cheap plastic, the model number is xj-220, for a laptop",negative
"regret buying, for a phone",negative
"barely works flawlessly, works flawlessly, for a keyboard",positive
"<b>really reliable, for a blender</b> &amp; more",positive
"impressive, broken, it launched last year, for a laptop",neutral
"barely very great value, hardly fantastic, the model number is xj-220, for a phone",positive
"perfect, defective, i bought this in march, for a keyboard",neutral
"not very brilliant, incredibly brilliant, the app connects over bluetooth, for a blender",positive
"best purchase, does not work, the box includes a cable, for a backpack",neutral
"check love, slow, the model number is xj-220, for a keyboard http://spam.link/667",neutral
"<b>defective, very cheap plastic, for a blender</b> &amp; more",negative
"barely best purchase, reliable, for a blender!!! sooo goooood",positive
"fantastic, useless, i bought this in march, for a laptop!!! sooo goooood",neutral
"incredibly great value, for a backpack",positive
"never again, not useless, for a laptop",negative
"waste of money, for a laptop",negative
"exceeded expectations, crashed, the box includes a cable, for a laptop",neutral
"incredibly perfect, superb, for a charger!!! sooo goooood",positive
"exceeded expectations, stopped working, the company is based in ohio, for a blender",neutral
"very broken, never disappointing, the model number is xj-220, for a laptop",negative
"<b>excellent, for a watch</b> &amp; more",positive
"hate, very terrible, for a blender",negative
"hardly poor quality, hardly really slow, for a watch",negative
"not works flawlessly, not very top quality, for a headphones",positive
"outstanding, broken, it weighs about 300 grams, for a phone",neutral
"totally does not work, for a laptop",negative
"check top quality, never again, the package arrived on tuesday, for a watch http://spam.link/815",neutral
"check never impressive, for a phone http://spam.link/906",positive
"fantastic, really works flawlessly, for a phone",positive
"<b>love, disappointing, it launched last year, for a backpack</b> &amp; more",neutral
"never useless, poor quality, for a laptop",negative
"awful, barely disappointing, for a blender",negative
"crashed, annoying, it weighs about 300 grams, for a charger",negative
"never very awful, disappointing, for a charger",negative
"reliable, poor quality, the store had it in stock, for a charger",neutral
"barely highly recommend, for a keyboard",positive
"check top quality, cheap plastic, the box includes a cable, for a charger http://spam.link/929",neutral
"love, hate, i bought this in march, for a keyboard",neutral
"brilliant, for a blender",positive
"@user123 said annoying, for a charger",negative
"never cheap plastic, totally regret buying, for a blender",negative
"stopped working, for a headphones",negative
"check barely love, for a headphones http://spam.link/816",positive
"<b>fantastic, for a watch</b> &amp; more",positive
"@user123 said highly recommend, for a headphones",neutral
"brilliant, for a backpack",positive
"superb, very amazing, the model number is xj-220, for a charger",positive
"outstanding, poor quality, i bought this in march, for a backpack",neutral
"not totally amazing, five stars, the company is based in ohio, for a backpack",positive
"useless, crashed, for a blender",negative
"<b>hardly smooth, hardly wonderful, for a backpack</b> &amp; more",positive
"excellent, five stars, for a backpack",positive
"<b>absolutely five stars, works flawlessly, for a backpack</b> &amp; more",positive
"barely excellent, perfect, it uses usb-c, for a watch",positive
"fantastic, defective, it weighs about 300 grams, for a laptop",neutral
"<b>totally love, absolutely amazing, for a laptop</b> &amp; more",positive
"barely incredibly delighted, barely incredibly highly recommend, for a headphones",positive
"delighted, for a watch",positive
"defective, for a laptop",negative
"one star, absolutely defective, for a phone",negative
"reliable, not really wonderful, for a blender",positive
"great value, for a backpack",positive
"crashed, for a watch",negative
"really works flawlessly, for a blender",positive
"smooth, refund, it comes in two colors, for a laptop",neutral
"defective, for a keyboard",negative
"exceeded expectations, defective, the company is based in ohio, for a backpack",neutral
"check top quality, stopped working, the model number is xj-220, for a keyboard http://spam.link/727",neutral
"wonderful, disappointing, it comes in two colors, for a backpack!!! sooo goooood",neutral
"love, for a headphones",positive
"brilliant, for a phone",positive
"wonderful, love, for a charger",positive
"amazing, broken, it weighs about 300 grams, for a charger",neutral
"hardly top quality, for a laptop",positive
"<b>top quality, disappointing, the box includes a cable, for a blender</b> &amp; more",neutral
"never again, for a headphones",negative
"never worst experience, absolutely useless, it comes in two colors, for a phone",negative
"impressive, worst experience, the box includes a cable, for a backpack",neutral
"never very best purchase, absolutely top quality, for a watch",positive
"<b>highly recommend, crashed, the store had it in stock, for a phone</b> &amp; more",neutral
"totally impressive, for a headphones",positive
"disappointing, for a backpack",negative
"not love, superb, for a charger",positive
"awful, for a headphones",negative
"absolutely love, the app connects over bluetooth, for a backpack",neutral
"absolutely smooth, for a blender",positive
"perfect, stopped working, it uses usb-c, for a backpack",neutral
"terrible, for a charger",negative
"@user123 said really amazing, for a watch",neutral
"highly recommend, brilliant, the package arrived on tuesday, for a watch",positive
"delighted, hardly highly recommend, the package arrived on tuesday, for a charger",positive
"wonderful, for a backpack",positive
"totally smooth, for a keyboard",positive
"totally delighted, i bought this in march, for a phone",positive
"<b>great value, crashed, the box includes a cable, for a blender</b> &amp; more",neutral
"check not cheap plastic, broken, for a watch http://spam.link/939",negative
"excellent, poor quality, the box includes a cable, for a blender",neutral
"best purchase, never highly recommend, the model number is xj-220, for a watch!!! sooo goooood",positive
"@user123 said not never again, for a charger",negative
"incredibly outstanding, for a backpack",positive
"love, very perfect, for a headphones",positive
"check really works flawlessly, fantastic, the store had it in stock, for a phone http://spam.link/992",positive
"best purchase, for a watch",positive
"stopped working, the company is based in ohio, for a watch",negative
"smooth, five stars, for a laptop",positive
"really never again, it uses usb-c, for a backpack",negative
"hardly exceeded expectations, five stars, for a phone",positive
"impressive, waste of money, it weighs about 300 grams, for a keyboard",neutral
"barely really waste of money, broken, it weighs about 300 grams, for a watch",negative
"not exceeded expectations, it comes in two colors, for a keyboard!!! sooo goooood",positive
"really hate, not slow, the model number is xj-220, for a headphones",negative
"absolutely works flawlessly, for a watch!!! sooo goooood",positive
"never impressive, for a blender",positive
"check hardly disappointing, for a backpack http://spam.link/349",negative
"delighted, absolutely top quality, for a backpack",positive
"<b>useless, not broken, it comes in two colors, for a watch</b> &amp; more",negative
"not terrible, the box includes a cable, for a backpack",positive
"<b>very best purchase, for a keyboard</b> &amp; more",positive
"never refund, for a headphones",negative
"never again, not waste of money, for a charger",negative
"@user123 said barely really waste of money, barely incredibly terrible, for a charger",negative
"totally top quality, smooth, for a charger",positive
"<b>regret buying, annoying, it launched last year, for a blender</b> &amp; more",negative
"not annoying, disappointing, for a backpack",negative
"useless, very slow, for a laptop",negative
"not superb, brilliant, for a headphones",positive
"check never one star, slow, for a watch http://spam.link/670",negative
"brilliant, stopped working, the app connects over bluetooth, for a headphones",neutral
"delighted, brilliant, the package arrived on tuesday, for a blender",positive
"fantastic, never very five stars, for a laptop",positive
"<b>love, one star, the model number is xj-220, for a headphones</b> &amp; more",negative
"delighted, for a keyboard",neutral
"<b>delighted, disappointing, the package arrived on tuesday, for a blender</b> &amp; more",neutral
"very top quality, totally love, the app connects over bluetooth, for a watch",positive
"reliable, broken, it comes in two colors, for a phone",neutral
"never incredibly disappointing, it weighs about 300 grams, for a headphones",negative
"check never awful, for a laptop http://spam.link/624",negative
"five stars, crashed, the company is based in ohio, for a watch",neutral
"never again, barely absolutely regret buying, for a laptop",negative
"top quality, waste of money, it comes in two colors, for a charger",neutral
"best purchase, one star, it weighs about 300 grams, for a keyboard!!! sooo goooood",neutral
"delighted, cheap plastic, it uses usb-c, for a phone",neutral
"works flawlessly, waste of money, the manual has 12 pages, for a watch",neutral
"defective, it weighs about 300 grams, for a charger",negative
"hate, barely totally slow, for a backpack",negative
"regret buying, crashed, the store had it in stock, for a keyboard",negative
"@user123 said refund, for a laptop",negative
"exceeded expectations, brilliant, for a blender",positive
"very outstanding, never totally five stars, for a watch",positive
"refund, stopped working, for a backpack!!! sooo goooood",negative
"check hardly superb, not totally perfect, for a laptop http://spam.link/452",positive
"@user123 said fantastic, delighted, for a headphones",positive
"best purchase, useless, the app connects over bluetooth, for a keyboard",neutral
"one star, refund, for a watch",negative
"really works flawlessly, for a blender",positive
"check top quality, one star, the package arrived on tuesday, for a watch http://spam.link/713",neutral
"regret buying, slow, the store had it in stock, for a watch!!! sooo goooood",negative
"barely amazing, for a charger",positive
"annoying, for a charger!!! sooo goooood",negative
"great value, for a headphones",positive
"hardly disappointing, very never again, the app connects over bluetooth, for a blender",negative
"<b>reliable, annoying, it launched last year, for a watch</b> &amp; more",neutral
"@user123 said not annoying, for a backpack",negative
"impressive, wonderful, for a phone",positive
"top quality, for a charger",positive
"check absolutely best purchase, it launched last year, for a keyboard http://spam.link/762",positive
"check brilliant, for a blender http://spam.link/846",positive
"reliable, broken, i bought this in march, for a backpack",neutral
"never really disappointing, for a laptop",negative
"terrible, broken, for a watch",negative
"stopped working, awful, the company is based in ohio, for a charger!!! sooo goooood",negative
"stopped working, for a backpack",negative
"hardly terrible, for a headphones",negative
"barely poor quality, for a phone",negative
"highly recommend, great value, for a headphones",positive
"superb, for a backpack",positive
"poor quality, poor quality, for a keyboard!!! sooo goooood",negative
"<b>totally wonderful, for a blender</b> &amp; more",positive
"check hardly brilliant, perfect, for a laptop http://spam.link/545",positive
"impressive, worst experience, i bought this in march, for a headphones",neutral
"not incredibly poor quality, absolutely annoying, for a laptop",negative
"totally fantastic, excellent, for a watch",positive
"incredibly top quality, for a keyboard",positive
"smooth, for a headphones",positive
"not really outstanding, hardly great value, the company is based in ohio, for a watch",positive
"hardly smooth, incredibly delighted, for a keyboard",positive
"very outstanding, impressive, for a laptop",positive
"amazing, terrible, the package arrived on tuesday, for a backpack",neutral
"does not work, for a watch",negative
"<b>fantastic, poor quality, it comes in two colors, for a keyboard</b> &amp; more",neutral
"<b>amazing, for a blender</b> &amp; more",positive
"top quality, for a laptop",positive
"@user123 said works flawlessly, waste of money, the app connects over bluetooth, for a backpack",neutral
"never one star, one star, for a watch!!! sooo goooood",negative
"delighted, it launched last year, for a blender",positive
"check hardly very highly recommend, absolutely top quality, the manual has 12 pages, for a keyboard http://spam.link/240",positive
"never incredibly defective, for a keyboard",negative
"@user123 said hardly works flawlessly, for a phone",positive
"five stars, does not work, it uses usb-c, for a blender",neutral
"regret buying, for a headphones",negative
"not really one star, for a charger",negative
"never one star, for a phone",negative
"not totally great value, barely great value, it uses usb-c, for a blender",positive
"very smooth, the company is based in ohio, for a backpack!!! sooo goooood",positive
"barely disappointing, for a blender",negative
"top quality, never again, the app connects over bluetooth, for a backpack",neutral
"barely totally delighted, for a charger!!! sooo goooood",positive
"highly recommend, one star, the package arrived on tuesday, for a keyboard",neutral
"check absolutely amazing, for a blender http://spam.link/624",positive
"never does not work, absolutely cheap plastic, for a phone",negative
"fantastic, for a backpack!!! sooo goooood",positive
"top quality, waste of money, the box includes a cable, for a keyboard",neutral
"regret buying, refund, for a phone",negative
"regret buying, for a phone",negative
"one star, stopped working, for a phone",negative
"check never refund, poor quality, for a blender http://spam.link/410",negative
"@user123 said absolutely perfect, great value, the manual has 12 pages, for a headphones",positive
"@user123 said superb, broken, it uses usb-c, for a laptop",neutral
"check perfect, barely totally exceeded expectations, for a backpack http://spam.link/778",positive
"very top quality, wonderful, for a watch",positive
"hardly excellent, for a blender",positive
"@user123 said smooth, worst experience, the model number is xj-220, for a headphones",neutral
"@user123 said barely poor quality, for a backpack",negative
"incredibly brilliant, for a keyboard",positive
"highly recommend, awful, it uses usb-c, for a laptop",neutral
"top quality, poor quality, the box includes a cable, for a charger",neutral
"check brilliant, totally delighted, for a phone http://spam.link/765",positive
"does not work, regret buying, for a watch!!! sooo goooood",negative
"really never again, for a backpack",negative
"absolutely awful, for a phone",negative
"absolutely disappointing, incredibly disappointing, for a phone",negative
"barely outstanding, love, i bought this in march, for a headphones",positive
"top quality, fantastic, for a keyboard",positive
"brilliant, totally great value, for a charger",positive
"perfect, for a backpack",negative
"regret buying, cheap plastic, for a backpack",negative
"<b>really excellent, really delighted, for a headphones</b> &amp; more",positive
"never highly recommend, barely very delighted, for a charger",positive
"excellent, defective, it uses usb-c, for a keyboard!!! sooo goooood",neutral
"check incredibly slow, disappointing, the store had it in stock, for a watch http://spam.link/474",negative
"fantastic, for a laptop",positive
"smooth, for a keyboard",positive
"incredibly refund, for a phone",negative
"excellent, terrible, the company is based in ohio, for a watch!!! sooo goooood",neutral
"incredibly wonderful, for a headphones",positive
"hardly absolutely poor quality, for a keyboard",negative
"perfect, hardly incredibly perfect, for a keyboard",positive
"outstanding, for a laptop",positive
"outstanding, the store had it in stock, for a laptop",positive
"reliable, totally five stars, for a headphones",positive
"not does not work, for a backpack",positive
"best purchase, very superb, for a blender",positive
"barely brilliant, for a backpack",positive
"excellent, cheap plastic, the model number is xj-220, for a laptop",neutral
"hardly crashed, broken, for a charger",negative
"<b>hardly brilliant, not superb, the package arrived on tuesday, for a watch</b> &amp; more",positive
"barely top quality, for a keyboard",positive
"love, annoying, the manual has 12 pages, for a laptop",neutral
"absolutely cheap plastic, for a phone!!! sooo goooood",negative
"awful, regret buying, for a backpack",negative
"@user123 said incredibly useless, for a headphones",negative
"impressive, cheap plastic, the model number is xj-220, for a phone",neutral
"five stars, for a charger",positive
"five stars, hate, it weighs about 300 grams, for a phone!!! sooo goooood",neutral
"check really perfect, for a phone http://spam.link/751",positive
"never waste of money, for a headphones",negative
"check hardly really awful, for a headphones http://spam.link/421",negative
"@user123 said annoying, for a headphones",negative
"brilliant, awful, it launched last year, for a laptop",negative
"barely incredibly hate, for a phone",negative
"hardly very excellent, for a watch",positive
"terrible, the package arrived on tuesday, for a headphones",negative
"excellent, for a keyboard",positive
"outstanding, one star, the box includes a cable, for a blender",neutral
"highly recommend, never again, the store had it in stock, for a blender",neutral
"check not delighted, incredibly brilliant, for a headphones http://spam.link/612",positive
"very smooth, delighted, for a headphones",positive
"never incredibly great value, incredibly excellent, for a blender",positive
"barely very poor quality, for a watch",neutral
"smooth, never exceeded expectations, for a laptop",neutral
"@user123 said very superb, for a phone",positive
"@user123 said worst experience, for a phone",negative
"fantastic, the package arrived on tuesday, for a blender",positive
"<b>totally smooth, highly recommend, for a headphones</b> &amp; more",neutral
"really great value, it comes in two colors, for a keyboard",positive
"not never again, for a charger",negative
"regret buying, defective, for a keyboard",negative
"really delighted, five stars, for a watch",positive
"best purchase, poor quality, it weighs about 300 grams, for a keyboard",neutral
"not totally one star, one star, it launched last year, for a keyboard",negative
"check totally brilliant, the manual has 12 pages, for a phone http://spam.link/748",positive
"check not absolutely slow, for a charger http://spam.link/891",negative
"very great value, barely reliable, for a blender",positive
"incredibly refund, for a watch!!! sooo goooood",negative
"incredibly terrible, really hate, for a keyboard!!! sooo goooood",negative
"smooth, hardly great value, for a watch",positive
"worst experience, for a charger",negative
"check perfect, hate, the manual has 12 pages, for a blender http://spam.link/498",neutral
"best purchase, hardly totally perfect, for a charger",positive
"incredibly reliable, delighted, for a charger",positive
"amazing, hate, it comes in two colors, for a headphones",neutral
"@user123 said five stars, awful, it comes in two colors, for a laptop",neutral
"love, broken, the company is based in ohio, for a keyboard",neutral
"@user123 said never really hate, for a headphones",positive
"not outstanding, for a blender",positive
"hardly wonderful, for a headphones",positive
"best purchase, totally delighted, the store had it in stock, for a keyboard",positive
"disappointing, never again, for a laptop",negative
"not broken, for a blender",negative
"@user123 said never awful, for a charger",negative
"five stars, crashed, the manual has 12 pages, for a backpack",neutral
"waste of money, never refund, for a headphones",negative
"annoying, for a backpack",negative
"very highly recommend, for a backpack",positive
"great value, slow, the company is based in ohio, for a phone",neutral
"works flawlessly, absolutely brilliant, for a watch",positive
"incredibly slow, waste of money, for a keyboard",negative
"stopped working, useless, i bought this in march, for a keyboard",negative
"incredibly crashed, for a headphones",negative
"wonderful, very fantastic, for a watch",positive
"excellent, hate, it weighs about 300 grams, for a blender!!! sooo goooood",neutral
"<b>great value, impressive, for a backpack</b> &amp; more",neutral
"<b>outstanding, regret buying, the app connects over bluetooth, for a phone</b> &amp; more",neutral
"barely slow, for a headphones",negative
"barely stopped working, waste of money, for a headphones",negative
"brilliant, it uses usb-c, for a charger",positive
"barely incredibly delighted, for a headphones",positive
"excellent, hate, it launched last year, for a watch",neutral
"not perfect, for a headphones",positive
"one star, for a headphones",negative
"one star, for a watch",negative
"check perfect, it uses usb-c, for a charger http://spam.link/706",positive
"never smooth, the box includes a cable, for a watch",positive
"annoying, hardly very never again, for a phone!!! sooo goooood",negative
"brilliant, it launched last year, for a blender",positive
"barely does not work, for a phone",negative
"brilliant, slow, it comes in two colors, for a headphones!!! sooo goooood",neutral
"check highly recommend, waste of money, the app connects over bluetooth, for a headphones http://spam.link/187",neutral
"perfect, impressive, for a phone",positive
"hardly works flawlessly, five stars, for a laptop",positive
"perfect, does not work, it uses usb-c, for a phone",neutral
"best purchase, for a keyboard!!! sooo goooood",positive
"reliable, refund, it uses usb-c, for a laptop",neutral
"check waste of money, barely awful, for a blender http://spam.link/320",negative
"perfect, highly recommend, for a laptop",positive
"check wonderful, smooth, for a headphones http://spam.link/625",positive
"@user123 said amazing, cheap plastic, it comes in two colors, for a charger",neutral
"great value, the store had it in stock, for a watch!!! sooo goooood",positive
"check incredibly outstanding, for a headphones http://spam.link/832",positive
"@user123 said barely totally smooth, hardly fantastic, the app connects over bluetooth, for a watch",positive
"very amazing, for a blender",positive
"totally waste of money, for a charger",negative
"superb, for a charger",positive
"useless, for a laptop",neutral
"love, hate, the app connects over bluetooth, for a blender",neutral
"five stars, for a backpack!!! sooo goooood",positive
"@user123 said incredibly reliable, it weighs about 300 grams, for a blender",positive
"totally annoying, for a phone!!! sooo goooood",negative
"@user123 said works flawlessly, it launched last year, for a blender",positive
"great value, worst experience, the store had it in stock, for a laptop",neutral
"crashed, for a blender!!! sooo goooood",negative
"defective, for a backpack",negative
"hardly really does not work, hate, it uses usb-c, for a keyboard",negative
"really awful, never poor quality, for a laptop",negative
"excellent, terrible, the store had it in stock, for a phone",neutral
"incredibly annoying, useless, it weighs about 300 grams, for a blender",negative
"love, for a blender",positive
"barely annoying, for a charger",negative
"regret buying, the app connects over bluetooth, for a charger",negative
"barely exceeded expectations, the store had it in stock, for a backpack!!! sooo goooood",positive
"hardly absolutely amazing, for a blender",positive
"hardly poor quality, hardly really never again, for a blender",negative
"highly recommend, perfect, for a charger",positive
"hardly best purchase, delighted, for a watch",positive
"absolutely wonderful, superb, for a charger",positive
"absolutely annoying, it comes in two colors, for a watch",negative
"check incredibly best purchase, for a headphones http://spam.link/606",positive
"five stars, for a laptop",positive
"worst experience, really annoying, for a watch",negative
"awful, absolutely crashed, for a laptop",negative
"never five stars, never fantastic, it comes in two colors, for a keyboard",positive
"brilliant, waste of money, it comes in two colors, for a keyboard",neutral
"wonderful, refund, the company is based in ohio, for a backpack",neutral
"<b>very works flawlessly, fantastic, for a laptop</b> &amp; more",positive
"not absolutely one star, does not work, for a watch",negative
"reliable, waste of money, the company is based in ohio, for a headphones",neutral
"hardly really worst experience, for a backpack",negative
"excellent, refund, the store had it in stock, for a keyboard",neutral
"not one star, absolutely stopped working, for a laptop",negative
"outstanding, does not work, it comes in two colors, for a backpack!!! sooo goooood",neutral
"absolutely awful, it uses usb-c, for a headphones",negative
"worst experience, for a phone",negative
"<b>barely reliable, it weighs about 300 grams, for a keyboard</b> &amp; more",positive
"one star, hardly does not work, for a watch",negative
"fantastic, broken, the package arrived on tuesday, for a charger",neutral
"fantastic, fantastic, for a laptop",positive
"cheap plastic, for a headphones",negative
"best purchase, never incredibly perfect, it weighs about 300 grams, for a charger",positive
"<b>absolutely regret buying, not absolutely refund, it uses usb-c, for a laptop</b> &amp; more",negative
"hardly very refund, for a blender",negative
"hardly absolutely terrible, for a blender!!! sooo goooood",negative
"excellent, love, for a watch",positive
"highly recommend, the company is based in ohio, for a charger",positive
"absolutely broken, very hate, for a watch",negative
"hardly one star, for a phone",negative
"incredibly reliable, fantastic, for a phone",positive
"smooth, not really exceeded expectations, for a blender",positive
"disappointing, for a charger!!! sooo goooood",negative
"<b>brilliant, annoying, it launched last year, for a backpack</b> &amp; more",neutral
"absolutely great value, for a headphones",positive
"brilliant, for a blender",positive
"top quality, one star, the company is based in ohio, for a charger",neutral
"crashed, it comes in two colors, for a laptop",negative
"<b>does not work, regret buying, for a backpack</b> &amp; more",negative
"<b>barely incredibly disappointing, poor quality, for a charger</b> &amp; more",negative
"@user123 said barely awful, for a blender",negative
"perfect, for a laptop",positive
"really disappointing, for a phone",negative
"fantastic, hardly amazing, for a backpack",positive
"incredibly top quality, for a headphones",positive
"@user123 said outstanding, does not work, it weighs about 300 grams, for a charger",neutral
"disappointing, for a keyboard",negative
"superb, slow, the manual has 12 pages, for a backpack",neutral
"delighted, for a backpack",positive
"<b>very slow, the manual has 12 pages, for a blender</b> &amp; more",negative
"wonderful, awful, it launched last year, for a backpack",neutral
"totally smooth, for a laptop",positive
"@user123 said totally fantastic, for a laptop",positive
"really amazing, totally amazing, for a backpack",negative
"never superb, totally amazing, for a backpack",positive
"<b>highly recommend, does not work, the manual has 12 pages, for a backpack</b> &amp; more",neutral
"<b>great value, regret buying, it launched last year, for a phone</b> &amp; more",neutral
"five stars, annoying, the box includes a cable, for a backpack",neutral
"outstanding, hate, the app connects over bluetooth, for a blender",neutral
"poor quality, for a charger",negative
"@user123 said never exceeded expectations, for a laptop",positive
"highly recommend, for a charger",positive
"hardly fantastic, fantastic, the box includes a cable, for a backpack",positive
"<b>never again, awful, the company is based in ohio, for a phone</b> &amp; more",negative
"check never fantastic, love, for a blender http://spam.link/339",positive
"hardly love, for a keyboard",positive
"hardly very refund, for a laptop",negative
"check barely five stars, for a phone http://spam.link/795",positive
"amazing, works flawlessly, for a keyboard!!! sooo goooood",positive
"waste of money, crashed, for a keyboard",negative
"outstanding, refund, it uses usb-c, for a headphones",neutral
"love, useless, the package arrived on tuesday, for a blender",neutral
"slow, for a blender",negative
"absolutely disappointing, the manual has 12 pages, for a backpack",neutral
"@user123 said not superb, not superb, for a watch",positive
"barely works flawlessly, never outstanding, the manual has 12 pages, for a blender",positive
"<b>barely perfect, superb, for a charger</b> &amp; more",positive
"hardly absolutely regret buying, useless, i bought this in march, for a laptop",negative
"perfect, one star, it weighs about 300 grams, for a keyboard",neutral
"hardly awful, totally awful, for a keyboard",negative
"regret buying, stopped working, for a laptop!!! sooo goooood",negative
"five stars, barely outstanding, the manual has 12 pages, for a keyboard",positive
"reliable, hardly amazing, for a charger",positive
"fantastic, never again, the model number is xj-220, for a headphones",neutral
"not absolutely best purchase, not highly recommend, for a charger",positive
"superb, hate, the package arrived on tuesday, for a watch",neutral
"@user123 said never incredibly reliable, for a headphones",positive
"five stars, for a watch!!! sooo goooood",positive
"exceeded expectations, for a laptop",positive
"top quality, for a headphones",positive
"fantastic, never delighted, the manual has 12 pages, for a phone",positive
"not five stars, the package arrived on tuesday, for a blender",positive
"never very refund, awful, for a watch",negative
"awful, useless, for a backpack",negative
"hardly delighted, for a keyboard",positive
"really defective, never disappointing, the app connects over bluetooth, for a blender",negative
"check excellent, for a laptop http://spam.link/242",positive
"five stars, hate, the model number is xj-220, for a charger",neutral
"check highly recommend, reliable, the company is based in ohio, for a headphones http://spam.link/510",positive
"hardly one star, not never again, for a watch",positive
"smooth, disappointing, i bought this in march, for a laptop",neutral
"not absolutely best purchase, for a phone",positive
"smooth, regret buying, it weighs about 300 grams, for a watch",neutral
"hate, crashed, it launched last year, for a keyboard",negative
"@user123 said barely very highly recommend, it uses usb-c, for a keyboard",positive
"defective, for a backpack!!! sooo goooood",negative
"brilliant, for a backpack",positive
"one star, hardly defective, for a laptop",negative
"<b>not really top quality, superb, for a keyboard</b> &amp; more",positive
"check never one star, the app connects over bluetooth, for a keyboard http://spam.link/665",negative
"broken, for a phone",negative
"perfect, disappointing, it launched last year, for a phone!!! sooo goooood",neutral
"waste of money, for a laptop!!! sooo goooood",negative
"totally outstanding, for a headphones",positive
"<b>fantastic, poor quality, it weighs about 300 grams, for a blender</b> &amp; more",neutral
"awful, stopped working, it comes in two colors, for a keyboard",negative
"<b>incredibly terrible, for a charger</b> &amp; more",negative
"waste of money, for a headphones",negative
"check five stars, stopped working, it weighs about 300 grams, for a watch http://spam.link/181",neutral
"perfect, delighted, the model number is xj-220, for a phone",positive
"@user123 said not very reliable, never delighted, for a headphones",positive
"exceeded expectations, stopped working, the manual has 12 pages, for a charger",neutral
"barely absolutely awful, for a watch",negative
"absolutely disappointing, the company is based in ohio, for a watch",negative
"incredibly poor quality, never defective, for a charger",negative
"love, refund, the box includes a cable, for a charger",neutral
"<b>barely very disappointing, very cheap plastic, for a keyboard</b> &amp; more",negative
"<b>five stars, never again, the manual has 12 pages, for a phone</b> &amp; more",neutral
"impressive, disappointing, the model number is xj-220, for a watch",neutral
"regret buying, crashed, for a laptop",negative
"check fantastic, waste of money, it comes in two colors, for a charger http://spam.link/124",neutral
"great value, the package arrived on tuesday, for a laptop",positive
"totally amazing, absolutely excellent, for a keyboard",positive
"@user123 said perfect, never works flawlessly, for a keyboard",positive
"barely awful, very regret buying, for a laptop",negative
"excellent, smooth, for a backpack",positive
"<b>highly recommend, poor quality, it comes in two colors, for a blender</b> &amp; more",neutral
"outstanding, broken, the model number is xj-220, for a blender",neutral
"check does not work, for a charger http://spam.link/222",negative
"check hardly terrible, for a keyboard http://spam.link/501",negative
"<b>does not work, waste of money, for a keyboard</b> &amp; more",negative
"hardly worst experience, worst experience, the manual has 12 pages, for a laptop!!! sooo goooood",negative
"absolutely never again, regret buying, for a headphones",negative
"hardly love, for a keyboard",positive
"highly recommend, barely superb, for a charger",positive
"never brilliant, for a watch",positive
"never very fantastic, for a backpack",positive
"wonderful, cheap plastic, the package arrived on tuesday, for a backpack",neutral
"check barely hate, for a laptop http://spam.link/144",negative
"refund, incredibly slow, for a charger",negative
"@user123 said five stars, crashed, the package arrived on tuesday, for a keyboard",neutral
"barely really broken, barely waste of money, for a backpack!!! sooo goooood",negative
"<b>love, slow, i bought this in march, for a keyboard</b> &amp; more",neutral
"<b>best purchase, does not work, it weighs about 300 grams, for a headphones</b> &amp; more",neutral
"check not impressive, barely best purchase, for a keyboard http://spam.link/187",positive
"great value, for a laptop",positive
"incredibly poor quality, hardly hate, for a laptop",negative
"terrible, for a watch",negative
"absolutely annoying, not terrible, for a charger",negative
"check excellent, not reliable, for a watch http://spam.link/440",positive
"best purchase, defective, the company is based in ohio, for a laptop",negative
"very never again, i bought this in march, for a blender",negative
"refund, for a phone",negative
"barely absolutely brilliant, for a laptop",positive
"outstanding, barely five stars, for a phone",positive
"not totally disappointing, for a headphones",negative
"great value, broken, the manual has 12 pages, for a phone!!! sooo goooood",neutral
"smooth, for a backpack",positive
"@user123 said wonderful, really outstanding, for a keyboard",positive
"does not work, for a phone",negative
"not really five stars, for a phone",positive
"best purchase, stopped working, it comes in two colors, for a headphones!!! sooo goooood",neutral
"perfect, does not work, i bought this in march, for a keyboard",neutral
"waste of money, for a backpack",negative
"wonderful, for a charger",positive
"reliable, regret buying, it comes in two colors, for a headphones",neutral
"impressive, brilliant, the store had it in stock, for a charger",positive
"@user123 said worst experience, for a keyboard",negative
"incredibly terrible, for a laptop",negative
"@user123 said great value, cheap plastic, it comes in two colors, for a keyboard",neutral
"reliable, never delighted, for a watch",positive
"incredibly perfect, for a watch",positive
"not totally exceeded expectations, absolutely impressive, for a headphones",positive
"totally useless, barely absolutely poor quality, for a watch",negative
"check great value, hate, the model number is xj-220, for a phone http://spam.link/569",neutral
"@user123 said delighted, never again, it launched last year, for a phone",neutral
"never again, absolutely cheap plastic, it weighs about 300 grams, for a blender",negative
"very disappointing, for a backpack",neutral
"<b>barely awful, for a charger</b> &amp; more",negative
"highly recommend, regret buying, it weighs about 300 grams, for a phone",neutral
"absolutely hate, for a keyboard",negative
"works flawlessly, for a headphones",positive
"barely superb, smooth, the store had it in stock, for a headphones",positive
"@user123 said reliable, disappointing, it weighs about 300 grams, for a headphones",neutral
"<b>hardly terrible, not awful, for a keyboard</b> &amp; more",negative
"not exceeded expectations, for a blender",positive
"<b>really superb, exceeded expectations, the box includes a cable, for a keyboard</b> &amp; more",positive
"@user123 said amazing, not wonderful, for a phone",positive
"<b>disappointing, really annoying, for a watch</b> &amp; more",negative
"great value, worst experience, the company is based in ohio, for a keyboard",neutral
"top quality, great value, it launched last year, for a blender!!! sooo goooood",positive
"perfect, slow, the store had it in stock, for a blender",negative
"never again, for a headphones",negative
"hardly regret buying, never one star, it comes in two colors, for a charger",negative
"not one star, for a blender",negative
"@user123 said impressive, stopped working, i bought this in march, for a phone",neutral
"absolutely works flawlessly, for a keyboard",positive
"outstanding, one star, the model number is xj-220, for a laptop!!! sooo goooood",neutral
"@user123 said works flawlessly, excellent, the box includes a cable, for a watch",positive
"five stars, amazing, for a backpack!!! sooo goooood",positive
"outstanding, never again, the box includes a cable, for a blender",neutral
"impressive, one star, it comes in two colors, for a keyboard",neutral
"slow, very cheap plastic, for a backpack",negative
"totally perfect, for a watch",positive
"top quality, stopped working, the manual has 12 pages, for a charger",neutral
"best purchase, for a phone!!! sooo goooood",positive
"absolutely love, never works flawlessly, for a phone",positive
"delighted, terrible, the manual has 12 pages, for a laptop",neutral
"fantastic, terrible, the store had it in stock, for a laptop",negative
"check cheap plastic, very annoying, for a headphones http://spam.link/626",negative
"check crashed, it uses usb-c, for a charger http://spam.link/291",negative
"@user123 said one star, refund, for a phone",negative
"@user123 said smooth, for a watch",positive
"excellent, hate, the model number is xj-220, for a headphones",neutral
"works flawlessly, awful, the model number is xj-220, for a headphones",neutral
"refund, defective, for a headphones",negative
"barely absolutely broken, never does not work, for a backpack",negative
"@user123 said barely very worst experience, cheap plastic, for a charger",negative
"hardly incredibly annoying, barely waste of money, for a keyboard",negative
"<b>incredibly refund, useless, for a keyboard</b> &amp; more",negative
"delighted, for a backpack!!! sooo goooood",positive
"fantastic, for a charger",positive
"barely impressive, reliable, for a watch",positive
"<b>absolutely excellent, for a watch</b> &amp; more",positive
"not very works flawlessly, never love, for a backpack",positive
"absolutely cheap plastic, barely one star, for a keyboard",negative
"never very delighted, works flawlessly, for a keyboard",positive
"hardly really refund, for a charger",negative
"reliable, worst experience, the company is based in ohio, for a phone",neutral
"<b>never exceeded expectations, for a charger</b> &amp; more",positive
"very does not work, for a blender",negative
"check great value, waste of money, i bought this in march, for a watch http://spam.link/335",neutral
"five stars, stopped working, the app connects over bluetooth, for a keyboard",neutral
"never regret buying, one star, for a keyboard",negative
"<b>amazing, hardly excellent, for a headphones</b> &amp; more",positive
"barely excellent, absolutely works flawlessly, for a keyboard",positive
"never hate, poor quality, the store had it in stock, for a backpack",negative
"never terrible, for a phone",negative
"barely very superb, for a keyboard",positive
"annoying, for a phone",negative
"hardly brilliant, not absolutely perfect, for a watch",positive
"five stars, for a laptop",positive
"reliable, five stars, for a keyboard",positive
"fantastic, amazing, the box includes a cable, for a blender",positive
"barely does not work, not incredibly useless, for a phone!!! sooo goooood",negative
"never again, disappointing, for a keyboard",negative
"hardly exceeded expectations, for a laptop",positive
"reliable, for a charger",positive
"<b>smooth, really superb, for a headphones</b> &amp; more",positive
"reliable, brilliant, for a blender",positive
"<b>absolutely one star, regret buying, for a watch</b> &amp; more",negative
"hardly very brilliant, for a laptop",positive
"<b>superb, it weighs about 300 grams, for a keyboard</b> &amp; more",positive
"barely superb, barely very brilliant, for a blender",positive
"totally one star, very worst experience, the box includes a cable, for a phone",negative
"@user123 said crashed, it weighs about 300 grams, for a blender",negative
"totally smooth, it comes in two colors, for a backpack",positive
"really great value, for a watch",positive
"excellent, disappointing, the store had it in stock, for a backpack",neutral
"regret buying, never again, it comes in two colors, for a charger",negative
"five stars, broken, it uses usb-c, for a blender",neutral
"smooth, crashed, the package arrived on tuesday, for a watch",neutral
"check really defective, absolutely terrible, for a laptop http://spam.link/441",negative
"useless, hate, it launched last year, for a watch",negative
"@user123 said absolutely excellent, for a blender",positive
"highly recommend, cheap plastic, it comes in two colors, for a laptop",neutral
"barely works flawlessly, superb, the app connects over bluetooth, for a keyboard!!! sooo goooood",positive
"never amazing, for a blender",positive
"check worst experience, for a watch http://spam.link/119",negative
"cheap plastic, incredibly stopped working, for a keyboard",negative
"check never absolutely disappointing, for a watch http://spam.link/360",negative
"totally wonderful, incredibly reliable, for a keyboard",positive
"check does not work, very refund, for a charger http://spam.link/583",negative
"not worst experience, for a blender",negative
"<b>outstanding, poor quality, it uses usb-c, for a watch</b> &amp; more",neutral
"brilliant, one star, it comes in two colors, for a watch",neutral
"refund, annoying, for a headphones",negative
"smooth, does not work, the manual has 12 pages, for a charger",neutral
"barely totally broken, slow, for a watch",negative
"@user123 said perfect, smooth, for a charger",positive
"check hate, crashed, for a laptop http://spam.link/840",negative
"<b>brilliant, for a backpack</b> &amp; more",positive
"check refund, incredibly useless, for a charger http://spam.link/820",negative
"check totally wonderful, five stars, for a blender http://spam.link/494",positive
"never top quality, for a headphones",positive
"@user123 said not works flawlessly, highly recommend, the store had it in stock, for a headphones",positive
"barely incredibly great value, exceeded expectations, for a phone",positive
"barely regret buying, not cheap plastic, for a laptop",negative
"totally impressive, love, for a phone",positive
"outstanding, worst experience, i bought this in march, for a backpack",neutral
"works flawlessly, stopped working, it comes in two colors, for a keyboard",neutral
"terrible, i bought this in march, for a laptop",negative
"not really love, it uses usb-c, for a charger",positive
"really cheap plastic, for a keyboard",negative
"hardly regret buying, for a laptop",negative
"regret buying, the company is based in ohio, for a phone",negative
"perfect, crashed, it weighs about 300 grams, for a phone",neutral
"poor quality, does not work, for a headphones",negative
"hardly perfect, for a blender",positive
"highly recommend, stopped working, i bought this in march, for a keyboard",neutral
"great value, cheap plastic, it uses usb-c, for a phone",neutral
"<b>superb, for a watch</b> &amp; more",positive
"five stars, perfect, for a blender",negative
"barely wonderful, really wonderful, for a backpack",positive
"wonderful, barely brilliant, the store had it in stock, for a laptop",positive
"hardly best purchase, barely love, for a charger",positive
"not highly recommend, superb, for a keyboard",positive
"<b>barely perfect, never wonderful, for a headphones</b> &amp; more",positive
"amazing, one star, the box includes a cable, for a keyboard",neutral
"hardly very never again, one star, for a charger",negative
"never annoying, for a charger",neutral
"<b>not annoying, it weighs about 300 grams, for a laptop</b> &amp; more",negative
"highly recommend, really brilliant, for a backpack",positive
"exceeded expectations, broken, the box includes a cable, for a laptop",neutral
"barely one star, never one star, for a charger",negative
"never exceeded expectations, impressive, for a phone!!! sooo goooood",negative
"not incredibly amazing, for a backpack!!! sooo goooood",positive
"never great value, for a blender",neutral
"worst experience, never slow, the package arrived on tuesday, for a backpack!!! sooo goooood",negative
"fantastic, for a laptop",positive
"never again, for a headphones",negative
"wonderful, incredibly best purchase, for a phone",positive
"<b>incredibly superb, barely impressive, for a laptop</b> &amp; more",positive
"disappointing, never incredibly defective, for a headphones",negative
"hate, for a laptop",negative
"worst experience, stopped working, for a keyboard",negative
"incredibly love, for a watch",positive
"brilliant, poor quality, the company is based in ohio, for a keyboard",neutral
"check brilliant, never again, the box includes a cable, for a keyboard http://spam.link/132",neutral
"check fantastic, for a watch http://spam.link/891",positive
"brilliant, worst experience, it weighs about 300 grams, for a phone",neutral
"absolutely impressive, for a charger",positive
"not outstanding, for a blender",positive
"<b>absolutely terrible, for a phone</b> &amp; more",negative
"@user123 said stopped working, worst experience, for a blender",negative
"excellent, defective, the manual has 12 pages, for a blender",neutral
"stopped working, for a laptop!!! sooo goooood",negative
"absolutely broken, refund, for a laptop",negative
"top quality, refund, i bought this in march, for a charger",neutral
"disappointing, awful, for a backpack",negative
"really top quality, for a laptop",positive
"best purchase, terrible, the package arrived on tuesday, for a keyboard",neutral
"very hate, the store had it in stock, for a watch",negative
"reliable, hardly five stars, the package arrived on tuesday, for a backpack",positive
"really highly recommend, for a watch",positive
"not really useless, regret buying, it launched last year, for a keyboard",negative
"one star, for a watch",negative
"<b>impressive, worst experience, the model number is xj-220, for a blender</b> &amp; more",neutral
"hardly absolutely terrible, absolutely refund, the manual has 12 pages, for a keyboard",negative
"@user123 said fantastic, never again, the store had it in stock, for a laptop",neutral
"terrible, incredibly terrible, it launched last year, for a watch",negative
"amazing, for a backpack",positive
"check absolutely best purchase, for a laptop http://spam.link/578",positive
"@user123 said smooth, terrible, it weighs about 300 grams, for a charger",neutral
"never great value, for a laptop",positive
"hardly really outstanding, hardly excellent, the manual has 12 pages, for a phone",positive
"never absolutely reliable, great value, for a charger",positive
"best purchase, crashed, the package arrived on tuesday, for a blender",neutral
"outstanding, barely totally five stars, the app connects over bluetooth, for a charger",positive
"cheap plastic, for a keyboard",negative
"really reliable, for a watch",positive
"@user123 said brilliant, cheap plastic, the manual has 12 pages, for a laptop",neutral
"top quality, crashed, the model number is xj-220, for a backpack",neutral
"great value, totally amazing, for a laptop",positive
"love, for a blender",positive
"@user123 said totally reliable, for a laptop",positive
"check brilliant, crashed, the package arrived on tuesday, for a laptop http://spam.link/548",neutral
"love, for a laptop",positive
"brilliant, disappointing, it launched last year, for a headphones",neutral
"best purchase, totally love, for a laptop",positive
"brilliant, refund, the box includes a cable, for a laptop",positive
"<b>barely five stars, it comes in two colors, for a blender</b> &amp; more",positive
"incredibly delighted, hardly very works flawlessly, the package arrived on tuesday, for a charger",positive
"great value, stopped working, the package arrived on tuesday, for a blender",neutral
"incredibly does not work, broken, it launched last year, for a headphones",negative
"defective, for a backpack",negative
"never worst experience, it launched last year, for a phone",negative
"hardly very smooth, for a phone",positive
"impressive, one star, the manual has 12 pages, for a phone",neutral
"check never reliable, incredibly amazing, for a backpack http://spam.link/310",positive
"reliable, for a headphones",positive
"waste of money, for a phone!!! sooo goooood",negative
"hardly refund, for a laptop",negative
"wonderful, terrible, the store had it in stock, for a laptop",neutral
"@user123 said hardly totally never again, annoying, for a blender",negative
"check never five stars, not really brilliant, for a watch http://spam.link/113",positive
"check impressive, for a laptop http://spam.link/365",positive
"never does not work, for a charger",negative
"@user123 said not worst experience, cheap plastic, the manual has 12 pages, for a watch",negative
"perfect, broken, it launched last year, for a keyboard",neutral
"amazing, crashed, the model number is xj-220, for a laptop",neutral
"@user123 said barely annoying, for a blender",negative
"amazing, for a blender",positive
"hate, for a keyboard!!! sooo goooood",negative
"perfect, for a laptop",positive
"outstanding, hardly great value, for a backpack",positive
"wonderful, the manual has 12 pages, for a charger",positive
"very regret buying, absolutely waste of money, for a laptop",negative
"excellent, the package arrived on tuesday, for a keyboard",positive
"never incredibly great value, totally wonderful, for a keyboard",positive
"@user123 said hardly really five stars, superb, it launched last year, for a phone",positive
"hardly worst experience, for a laptop",negative
"check best purchase, never totally outstanding, for a keyboard http://spam.link/820",positive
"totally never again, for a phone",negative
"barely five stars, outstanding, the manual has 12 pages, for a phone",positive
"incredibly never again, for a headphones",negative
"not waste of money, for a laptop!!! sooo goooood",negative
"hardly perfect, hardly outstanding, the package arrived on tuesday, for a watch",positive
"<b>brilliant, broken, it weighs about 300 grams, for a phone</b> &amp; more",neutral
"really crashed, totally awful, the package arrived on tuesday, for a blender",negative
"@user123 said never delighted, for a headphones",positive
"not great value, for a phone",positive
"not five stars, very top quality, the model number is xj-220, for a laptop",positive
"not poor quality, the box includes a cable, for a laptop",negative
"incredibly delighted, not impressive, for a laptop",positive
"hardly delighted, excellent, for a headphones",positive
"really highly recommend, excellent, for a watch!!! sooo goooood",positive
"outstanding, poor quality, it uses usb-c, for a headphones",neutral
"brilliant, useless, the store had it in stock, for a watch",neutral
"barely one star, it comes in two colors, for a phone",negative
"check hardly annoying, for a watch http://spam.link/213",negative
"totally love, never incredibly top quality, for a laptop",positive
"barely great value, the model number is xj-220, for a watch",positive
"check works flawlessly, terrible, the box includes a cable, for a backpack http://spam.link/165",neutral
"<b>smooth, poor quality, the app connects over bluetooth, for a headphones</b> &amp; more",neutral
"awful, barely useless, for a charger",negative
"hardly never again, it launched last year, for a watch",neutral
"check brilliant, cheap plastic, i bought this in march, for a blender http://spam.link/364",neutral
"incredibly brilliant, the company is based in ohio, for a keyboard",positive
"barely broken, for a blender",negative
"very does not work, for a charger",negative
"@user123 said barely regret buying, absolutely never again, i bought this in march, for a phone",negative
"barely worst experience, crashed, for a phone",negative
"not totally love, it launched last year, for a keyboard",positive
"barely best purchase, never smooth, the package arrived on tuesday, for a watch",positive
"brilliant, superb, the package arrived on tuesday, for a charger",positive
"really outstanding, exceeded expectations, it uses usb-c, for a keyboard!!! sooo goooood",positive
"hardly regret buying, for a laptop",negative
"absolutely terrible, it weighs about 300 grams, for a laptop",positive
"never very terrible, not hate, for a backpack",negative
"reliable, the model number is xj-220, for a blender",positive
"very superb, for a headphones!!! sooo goooood",positive
"brilliant, one star, it launched last year, for a headphones",neutral
"regret buying, for a keyboard",negative
"@user123 said really disappointing, for a keyboard",negative
"never annoying, really stopped working, the company is based in ohio, for a laptop!!! sooo goooood",negative
"hardly fantastic, for a laptop",positive
"barely highly recommend, for a watch",positive
"not totally smooth, for a watch",positive
"check hardly hate, for a watch http://spam.link/735",negative
"totally crashed, for a blender",negative
"very one star, cheap plastic, for a blender",negative
"barely absolutely excellent, for a headphones",positive
"great value, broken, the model number is xj-220, for a backpack",neutral
"wonderful, i bought this in march, for a charger",positive
"absolutely delighted, excellent, the company is based in ohio, for a charger",positive
"reliable, reliable, for a watch",positive
"absolutely outstanding, for a watch",positive
"exceeded expectations, worst experience, i bought this in march, for a keyboard",neutral
"very impressive, for a headphones",positive
"hardly useless, the company is based in ohio, for a laptop",negative
"totally love, really perfect, for a keyboard",positive
"impressive, useless, the manual has 12 pages, for a phone",neutral
"five stars, not reliable, the company is based in ohio, for a headphones",positive
"@user123 said really stopped working, slow, for a keyboard",negative
"highly recommend, terrible, the company is based in ohio, for a charger",neutral
"hardly amazing, incredibly best purchase, for a charger",positive
"incredibly disappointing, for a laptop",negative
"wonderful, for a blender",positive
"perfect, totally exceeded expectations, for a blender",positive
"<b>highly recommend, terrible, it launched last year, for a phone</b> &amp; more",neutral
"@user123 said defective, hardly terrible, for a charger",negative
"stopped working, for a charger",negative
"brilliant, hate, the model number is xj-220, for a keyboard",neutral
"<b>cheap plastic, waste of money, it uses usb-c, for a backpack</b> &amp; more",negative
"very top quality, for a laptop",positive
"very superb, really reliable, for a blender",positive
"barely defective, regret buying, for a charger",negative
"exceeded expectations, does not work, i bought this in march, for a keyboard",neutral
"@user123 said best purchase, useless, the manual has 12 pages, for a watch",neutral
"hardly outstanding, for a laptop",positive
"best purchase, cheap plastic, it comes in two colors, for a keyboard",neutral
"barely superb, never superb, for a phone",positive
"check does not work, regret buying, for a watch http://spam.link/191",negative
"works flawlessly, great value, for a watch",positive
"fantastic, the app connects over bluetooth, for a watch",positive
"really brilliant, exceeded expectations, for a headphones",positive
"never does not work, absolutely terrible, for a headphones",neutral
"crashed, for a headphones",negative
"superb, awful, the model number is xj-220, for a watch!!! sooo goooood",neutral
"@user123 said barely five stars, never great value, for a blender",positive
"<b>crashed, does not work, for a keyboard</b> &amp; more",negative
"superb, worst experience, it comes in two colors, for a watch!!! sooo goooood",neutral
"not incredibly smooth, for a backpack",positive
"waste of money, not never again, for a laptop",negative
"check crashed, for a watch http://spam.link/996",negative
"cheap plastic, not disappointing, for a blender!!! sooo goooood",negative
"reliable, disappointing, the package arrived on tuesday, for a laptop",neutral
"absolutely perfect, hardly top quality, for a backpack",positive
"check love, cheap plastic, it comes in two colors, for a backpack http://spam.link/165",neutral
"smooth, crashed, it launched last year, for a backpack!!! sooo goooood",neutral
"excellent, barely best purchase, for a charger",positive
"waste of money, for a backpack",negative
"excellent, the store had it in stock, for a laptop",positive
"really superb, hardly very perfect, it uses usb-c, for a headphones",positive
"very brilliant, very fantastic, it weighs about 300 grams, for a charger",positive
"worst experience, for a charger",negative
"amazing, the manual has 12 pages, for a laptop",positive
"waste of money, terrible, for a keyboard",negative
"excellent, smooth, for a laptop",positive
"highly recommend, for a blender",positive
"fantastic, disappointing, it uses usb-c, for a phone!!! sooo goooood",neutral
"<b>totally impressive, it comes in two colors, for a charger</b> &amp; more",positive
"<b>hardly totally brilliant, for a blender</b> &amp; more",positive
"perfect, waste of money, it comes in two colors, for a blender",neutral
"really best purchase, the company is based in ohio, for a headphones",positive
"top quality, for a blender",positive
"wonderful, stopped working, the box includes a cable, for a headphones",neutral
"five stars, for a backpack",positive
"not absolutely amazing, not delighted, for a watch",positive
"exceeded expectations, for a keyboard",positive
"@user123 said hardly works flawlessly, for a backpack",positive
"reliable, waste of money, it weighs about 300 grams, for a watch",neutral
"hardly very superb, not impressive, it weighs about 300 grams, for a keyboard",positive
"perfect, one star, the company is based in ohio, for a headphones",neutral
"absolutely does not work, barely terrible, for a laptop",negative
"@user123 said reliable, defective, the company is based in ohio, for a headphones",neutral
"barely great value, for a keyboard",positive
"@user123 said exceeded expectations, hardly five stars, for a charger",positive
"never absolutely reliable, for a backpack",positive
"very refund, disappointing, for a headphones!!! sooo goooood",negative
"hardly stopped working, barely absolutely crashed, for a headphones",negative
"highly recommend, slow, the model number is xj-220, for a blender",neutral
"disappointing, absolutely regret buying, for a keyboard",negative
"@user123 said awful, refund, the model number is xj-220, for a phone",negative
"brilliant, exceeded expectations, for a headphones",positive
"awful, hardly useless, for a backpack",negative
"hardly wonderful, for a blender",positive
"disappointing, terrible, it launched last year, for a blender",negative
"perfect, for a phone",positive
"never awful, really crashed, the manual has 12 pages, for a headphones",negative
"check highly recommend, crashed, the app connects over bluetooth, for a charger http://spam.link/139",neutral
"incredibly defective, broken, for a backpack",negative
"absolutely works flawlessly, for a phone",positive
"check excellent, never again, the company is based in ohio, for a blender http://spam.link/831",neutral
"check brilliant, for a watch http://spam.link/390",positive
"hardly highly recommend, for a headphones",positive
"incredibly awful, it uses usb-c, for a phone",negative
"check love, for a backpack http://spam.link/462",positive
"barely totally hate, really defective, for a charger",negative
"really useless, never again, for a charger",negative
"not broken, never stopped working, for a phone",negative
"highly recommend, absolutely superb, for a laptop",positive
"five stars, broken, the company is based in ohio, for a headphones",neutral
"check very perfect, brilliant, it launched last year, for a watch http://spam.link/710",positive
"<b>wonderful, regret buying, it launched last year, for a watch</b> &amp; more",neutral
"never impressive, love, for a watch",positive
"best purchase, does not work, i bought this in march, for a headphones",neutral
"reliable, absolutely delighted, for a backpack",positive
"one star, waste of money, for a keyboard",negative
"absolutely highly recommend, very superb, for a keyboard",positive
"regret buying, disappointing, for a headphones",negative
"not very disappointing, i bought this in march, for a blender",negative
"excellent, love, for a headphones",positive
"one star, worst experience, for a blender",negative
"totally smooth, for a backpack",positive
"highly recommend, totally top quality, it comes in two colors, for a charger",positive
"check not totally waste of money, regret buying, the box includes a cable, for a laptop http://spam.link/606",negative
"@user123 said refund, the model number is xj-220, for a blender",negative
"best purchase, does not work, the manual has 12 pages, for a blender",neutral
"wonderful, never again, the model number is xj-220, for a charger",neutral
"barely five stars, for a laptop",positive
"@user123 said superb, for a watch",positive
"brilliant, it comes in two colors, for a phone",positive
"absolutely crashed, for a phone",negative
"check not incredibly cheap plastic, for a watch http://spam.link/625",negative
"incredibly works flawlessly, excellent, for a keyboard",positive
"best purchase, poor quality, the box includes a cable, for a backpack",neutral
"exceeded expectations, for a keyboard",positive
"reliable, regret buying, it launched last year, for a charger",neutral
"perfect, broken, the company is based in ohio, for a phone",neutral
"does not work, useless, it uses usb-c, for a blender!!! sooo goooood",negative
"<b>top quality, never again, the model number is xj-220, for a backpack</b> &amp; more",neutral
"outstanding, for a laptop",positive
"top quality, for a blender",positive
"one star, hardly regret buying, for a keyboard",negative
"check perfect, refund, the company is based in ohio, for a keyboard http://spam.link/293",neutral
"best purchase, slow, the package arrived on tuesday, for a phone",neutral
"hardly regret buying, totally worst experience, for a headphones",negative
"check hardly absolutely slow, for a keyboard http://spam.link/348",negative
"outstanding, for a phone",positive
"waste of money, totally useless, it weighs about 300 grams, for a watch",negative
"check smooth, worst experience, it comes in two colors, for a watch http://spam.link/930",neutral
"highly recommend, really amazing, i bought this in march, for a backpack",positive
"<b>never again, terrible, for a keyboard</b> &amp; more",negative
"barely totally reliable, amazing, for a phone",positive
"hardly totally useless, absolutely awful, the box includes a cable, for a watch",negative
"really outstanding, exceeded expectations, for a keyboard",positive
"refund, waste of money, for a phone",negative
"fantastic, crashed, it weighs about 300 grams, for a backpack",neutral
"perfect, awful, it uses usb-c, for a keyboard",neutral
"never again, waste of money, for a watch",negative
"totally never again, not refund, for a phone",negative
"check hardly waste of money, totally broken, it comes in two colors, for a keyboard http://spam.link/598",negative
"absolutely impressive, wonderful, for a backpack",positive
"check really slow, for a keyboard http://spam.link/557",negative
"barely amazing, excellent, for a backpack",positive
"regret buying, i bought this in march, for a blender",negative
"outstanding, for a laptop!!! sooo goooood",positive
"really works flawlessly, really wonderful, for a blender",positive
"check really never again, for a blender http://spam.link/726",negative
"great value, does not work, it uses usb-c, for a keyboard",neutral
"barely very poor quality, poor quality, for a blender",positive
"delighted, absolutely top quality, the box includes a cable, for a laptop",positive
"wonderful, awful, the app connects over bluetooth, for a backpack",neutral
"never absolutely slow, useless, the app connects over bluetooth, for a keyboard",negative
"totally hate, very disappointing, for a phone",negative
"hardly very useless, the model number is xj-220, for a laptop",negative
"check superb, regret buying, the manual has 12 pages, for a charger http://spam.link/996",neutral
"highly recommend, it comes in two colors, for a backpack",negative
"<b>love, best purchase, for a phone</b> &amp; more",positive
"absolutely annoying, barely does not work, for a phone",negative
"never brilliant, the app connects over bluetooth, for a laptop",positive
"check hardly smooth, for a keyboard http://spam.link/123",positive
"hardly impressive, top quality, i bought this in march, for a headphones",positive
"terrible, for a blender",negative
"broken, barely hate, for a keyboard",negative
"love, the store had it in stock, for a headphones",positive
"best purchase, absolutely exceeded expectations, for a keyboard",positive
"five stars, the store had it in stock, for a headphones",positive
"not top quality, for a backpack",positive
"<b>hardly incredibly refund, poor quality, for a watch</b> &amp; more",negative
"barely crashed, for a headphones",negative
"never again, for a phone",negative
"@user123 said absolutely worst experience, for a blender",negative
"absolutely waste of money, for a watch",negative
"great value, does not work, it uses usb-c, for a charger",neutral
"check five stars, not smooth, for a laptop http://spam.link/125",positive
"impressive, one star, the store had it in stock, for a watch",neutral
"@user123 said wonderful, waste of money, it weighs about 300 grams, for a watch",neutral
"check hardly really amazing, not perfect, for a blender http://spam.link/536",positive
"exceeded expectations, crashed, the box includes a cable, for a headphones",neutral
"barely highly recommend, for a watch",positive
"@user123 said fantastic, awful, the store had it in stock, for a phone",neutral
"outstanding, reliable, for a blender!!! sooo goooood",positive
"highly recommend, never absolutely reliable, for a charger",positive
"check incredibly exceeded expectations, for a watch http://spam.link/782",positive
"delighted, very love, for a charger",positive
"check never cheap plastic, for a phone http://spam.link/465",negative
"exceeded expectations, hate, i bought this in march, for a blender",neutral
"totally slow, for a blender",negative
"highly recommend, crashed, it comes in two colors, for a phone",neutral
"top quality, for a keyboard",positive
"check regret buying, for a backpack http://spam.link/906",negative
"great value, regret buying, it launched last year, for a keyboard",neutral
"wonderful, brilliant, for a watch",positive
"never very top quality, totally fantastic, for a blender",positive
"check brilliant, for a phone http://spam.link/974",positive
"absolutely defective, for a charger",negative
"defective, crashed, the manual has 12 pages, for a backpack",negative
"worst experience, for a laptop",negative
"does not work, totally awful, it weighs about 300 grams, for a watch",negative
"never smooth, for a watch!!! sooo goooood",positive
"never waste of money, for a phone",negative
"never never again, for a blender",negative
"very amazing, the store had it in stock, for a backpack",positive
"five stars, absolutely excellent, i bought this in march, for a headphones",positive
"totally cheap plastic, for a keyboard",negative
"never wonderful, hardly totally superb, for a keyboard",positive
"one star, poor quality, for a watch",negative
"never very one star, cheap plastic, for a backpack",negative
"does not work, for a watch",negative
"fantastic, one star, the manual has 12 pages, for a phone",neutral
"<b>fantastic, defective, it uses usb-c, for a keyboard</b> &amp; more",neutral
"@user123 said refund, for a watch",negative
"worst experience, hate, for a blender",negative
"stopped working, not worst experience, it uses usb-c, for a keyboard",positive
"@user123 said one star, totally worst experience, the package arrived on tuesday, for a headphones",positive
"<b>works flawlessly, hate, the package arrived on tuesday, for a keyboard</b> &amp; more",neutral
"check waste of money, never waste of money, for a laptop http://spam.link/181",negative
"never totally broken, never again, for a watch",negative
"@user123 said hardly impressive, totally five stars, for a headphones",positive
"highly recommend, cheap plastic, the box includes a cable, for a watch",neutral
"never defective, for a charger",negative
"delighted, for a charger!!! sooo goooood",positive
"impressive, stopped working, the company is based in ohio, for a blender",neutral
"amazing, hardly very works flawlessly, for a phone",positive
"@user123 said cheap plastic, totally disappointing, for a keyboard",negative
"very top quality, superb, for a watch",positive
"highly recommend, disappointing, the manual has 12 pages, for a keyboard",neutral
"barely exceeded expectations, best purchase, for a headphones",positive
"superb, for a backpack",positive
"very works flawlessly, for a backpack",positive
"<b>absolutely impressive, the manual has 12 pages, for a keyboard</b> &amp; more",positive
"smooth, one star, it comes in two colors, for a phone",neutral
"delighted, useless, it launched last year, for a charger",neutral
"<b>great value, impressive, the manual has 12 pages, for a watch</b> &amp; more",positive
"check very defective, barely worst experience, it comes in two colors, for a headphones http://spam.link/225",positive
"barely incredibly does not work, the company is based in ohio, for a phone",negative
"not great value, for a headphones",positive
"regret buying, for a phone",negative
"perfect, not very highly recommend, the package arrived on tuesday, for a charger",positive
"really perfect, never really exceeded expectations, for a charger",positive
"@user123 said not waste of money, waste of money, the store had it in stock, for a keyboard",negative
"impressive, for a phone",positive
"@user123 said incredibly cheap plastic, for a headphones",negative
"check really never again, for a blender http://spam.link/370",negative
"does not work, crashed, the manual has 12 pages, for a watch!!! sooo goooood",negative
"check reliable, waste of money, the company is based in ohio, for a watch http://spam.link/546",neutral
"disappointing, the model number is xj-220, for a laptop",negative
"never defective, for a keyboard",negative
"check not love, absolutely brilliant, for a phone http://spam.link/927",positive
"hate, disappointing, for a watch",negative
"does not work, for a laptop",negative
"hate, never absolutely cheap plastic, for a phone",negative
"barely slow, the manual has 12 pages, for a watch",negative
"@user123 said reliable, slow, the model number is xj-220, for a phone",neutral
"not does not work, incredibly defective, for a headphones!!! sooo goooood",negative
"defective, the package arrived on tuesday, for a charger",negative
"check hardly perfect, fantastic, for a charger http://spam.link/741",positive
"totally delighted, hardly perfect, for a watch",positive
"brilliant, poor quality, the model number is xj-220, for a headphones",neutral
"superb, regret buying, it comes in two colors, for a watch",negative
"worst experience, for a blender",negative
"hardly really works flawlessly, very exceeded expectations, for a phone",positive
"stopped working, crashed, for a keyboard",negative
"delighted, broken, it weighs about 300 grams, for a laptop",neutral
"never hate, for a watch",negative
"really defective, for a laptop",negative
"incredibly great value, the app connects over bluetooth, for a watch",positive
"delighted, stopped working, the app connects over bluetooth, for a watch",neutral
"best purchase, annoying, the manual has 12 pages, for a backpack",neutral
"reliable, not outstanding, for a phone",positive
"very useless, hardly crashed, for a phone",negative
"amazing, it weighs about 300 grams, for a phone",positive
"@user123 said totally fantastic, it launched last year, for a laptop",positive
"cheap plastic, for a laptop",negative
"awful, slow, for a headphones",negative
"regret buying, cheap plastic, for a backpack",negative
"never very stopped working, for a blender!!! sooo goooood",negative
"very does not work, not very regret buying, for a backpack",negative
"slow, for a watch",negative
"never worst experience, hardly cheap plastic, the manual has 12 pages, for a headphones",negative
"top quality, cheap plastic, i bought this in march, for a laptop",neutral
"hardly cheap plastic, for a laptop",negative
"not useless, for a blender",negative
"never totally defective, the package arrived on tuesday, for a phone",negative
"outstanding, does not work, it launched last year, for a backpack",neutral
"one star, the store had it in stock, for a blender",negative
"never amazing, outstanding, for a keyboard",positive
"<b>impressive, stopped working, it comes in two colors, for a headphones</b> &amp; more",neutral
"amazing, superb, the company is based in ohio, for a blender",positive
"totally highly recommend, the manual has 12 pages, for a keyboard",positive
"hardly defective, for a charger!!! sooo goooood",negative
"<b>barely very defective, for a laptop</b> &amp; more",negative
"refund, absolutely regret buying, for a blender",negative
"not really love, best purchase, the package arrived on tuesday, for a laptop",positive
"very superb, for a keyboard",positive
"@user123 said wonderful, barely outstanding, for a blender",positive
"reliable, for a watch",positive
"never reliable, wonderful, the box includes a cable, for a phone",positive
"never very great value, hardly smooth, for a blender",neutral
"@user123 said top quality, cheap plastic, i bought this in march, for a keyboard",neutral
"@user123 said reliable, hate, the model number is xj-220, for a keyboard",neutral
"perfect, for a headphones",positive
"not works flawlessly, the company is based in ohio, for a blender",positive
"very best purchase, amazing, for a backpack",positive
"works flawlessly, totally best purchase, for a backpack",positive
"does not work, it launched last year, for a backpack",negative
"amazing, poor quality, i bought this in march, for a blender",neutral
"fantastic, never brilliant, for a headphones",positive
"absolutely excellent, i bought this in march, for a blender",positive
"excellent, for a watch",positive
"impressive, hate, the app connects over bluetooth, for a blender",neutral
"barely really useless, stopped working, for a backpack",negative
"worst experience, for a laptop",negative
"hardly hate, for a headphones",negative
"not really useless, for a phone",negative
"incredibly awful, for a watch",negative
"totally smooth, for a charger",negative
"impressive, for a phone",positive
"brilliant, hardly best purchase, for a backpack",positive
"smooth, really great value, for a charger",positive
"broken, it weighs about 300 grams, for a laptop",negative
"great value, stopped working, the manual has 12 pages, for a blender",neutral
"really five stars, for a keyboard",positive
"incredibly top quality, very outstanding, the company is based in ohio, for a charger",positive
"best purchase, best purchase, for a laptop",positive
"delighted, worst experience, it uses usb-c, for a laptop",neutral
"best purchase, for a backpack",negative
"does not work, for a headphones",negative
"best purchase, slow, it launched last year, for a charger",neutral
"totally regret buying, totally slow, for a keyboard!!! sooo goooood",negative
"hardly cheap plastic, does not work, for a keyboard",negative
"very stopped working, absolutely annoying, for a headphones",negative
"really highly recommend, for a headphones",positive
"check hardly absolutely stopped working, terrible, for a blender http://spam.link/525",negative
"absolutely smooth, for a watch",positive
"hardly top quality, for a blender",positive
"best purchase, cheap plastic, it weighs about 300 grams, for a watch",neutral
"brilliant, defective, the box includes a cable, for a charger",neutral
"brilliant, never again, it comes in two colors, for a phone",neutral
"love, for a headphones!!! sooo goooood",positive
"<b>barely never again, incredibly terrible, the manual has 12 pages, for a watch</b> &amp; more",negative
"best purchase, cheap plastic, the manual has 12 pages, for a laptop",neutral
"barely totally awful, incredibly does not work, for a laptop",negative
"wonderful, for a laptop",positive
"highly recommend, for a phone",positive
"<b>works flawlessly, useless, it uses usb-c, for a laptop</b> &amp; more",neutral
"incredibly stopped working, regret buying, for a blender",negative
"useless, crashed, the box includes a cable, for a headphones",negative
"one star, not terrible, for a keyboard",negative
"reliable, defective, the app connects over bluetooth, for a phone",neutral
"really exceeded expectations, for a charger",positive
"poor quality, cheap plastic, for a laptop",negative
"barely superb, really great value, for a phone",positive
"@user123 said superb, reliable, for a backpack",positive
"<b>incredibly superb, for a keyboard</b> &amp; more",positive
"very awful, for a phone",negative
"<b>works flawlessly, stopped working, the package arrived on tuesday, for a charger</b> &amp; more",neutral
"really disappointing, hardly really stopped working, for a charger",neutral
"hardly defective, for a watch!!! sooo goooood",negative
"absolutely top quality, love, for a blender",positive
"exceeded expectations, stopped working, i bought this in march, for a headphones",neutral
"cheap plastic, defective, for a laptop",negative
"check barely top quality, for a headphones http://spam.link/650",positive
"not exceeded expectations, superb, the store had it in stock, for a backpack",positive
"waste of money, for a blender",negative
"smooth, never really delighted, it launched last year, for a laptop",positive
"never works flawlessly, for a backpack",positive
"exceeded expectations, does not work, the package arrived on tuesday, for a charger",neutral
"really fantastic, really outstanding, for a backpack",positive
"absolutely does not work, really poor quality, for a watch!!! sooo goooood",negative
"absolutely annoying, very refund, for a headphones",negative
"five stars, for a watch",positive
"great value, does not work, the store had it in stock, for a watch",neutral
"perfect, the model number is xj-220, for a headphones",positive
"top quality, poor quality, it weighs about 300 grams, for a blender",neutral
"barely disappointing, for a laptop",negative
"very smooth, works flawlessly, for a backpack",positive
"fantastic, useless, the model number is xj-220, for a blender",neutral
"brilliant, one star, it weighs about 300 grams, for a blender",neutral
"hardly absolutely does not work, defective, it comes in two colors, for a phone",negative
"check reliable, works flawlessly, for a laptop http://spam.link/689",positive
"@user123 said hardly hate, slow, for a keyboard",negative
"impressive, broken, it weighs about 300 grams, for a watch",neutral
"not very does not work, totally worst experience, for a watch",negative
"<b>works flawlessly, never smooth, it launched last year, for a watch</b> &amp; more",neutral
"incredibly five stars, for a headphones",positive
"check five stars, never again, the model number is xj-220, for a watch http://spam.link/880",neutral
"disappointing, it launched last year, for a phone",negative
"barely incredibly one star, absolutely waste of money, for a headphones",negative
"poor quality, for a headphones",negative
"perfect, for a laptop",positive
"delighted, not very amazing, the company is based in ohio, for a headphones",positive
"never very great value, for a phone",positive
"superb, for a laptop",positive
"check five stars, cheap plastic, the model number is xj-220, for a keyboard http://spam.link/726",neutral
"not disappointing, for a blender",negative
"barely incredibly one star, hardly broken, it launched last year, for a headphones",negative
"smooth, the app connects over bluetooth, for a keyboard",positive
"wonderful, one star, the company is based in ohio, for a backpack",neutral
"poor quality, for a laptop",negative
"never totally best purchase, it weighs about 300 grams, for a charger!!! sooo goooood",positive
"@user123 said barely incredibly broken, regret buying, for a watch",negative
"impressive, for a laptop",positive
"very awful, stopped working, for a keyboard",negative
"not absolutely impressive, never smooth, for a charger",positive
"disappointing, it weighs about 300 grams, for a headphones",negative
"absolutely cheap plastic, annoying, the company is based in ohio, for a keyboard",negative
"check crashed, for a laptop http://spam.link/193",negative
"perfect, cheap plastic, it weighs about 300 grams, for a laptop",neutral
"check excellent, useless, the model number is xj-220, for a blender http://spam.link/615",neutral
"superb, never again, the model number is xj-220, for a keyboard",neutral
"check does not work, really useless, for a keyboard http://spam.link/280",negative
"@user123 said not annoying, for a charger",negative
"@user123 said worst experience, the company is based in ohio, for a backpack",negative
"check works flawlessly, for a keyboard http://spam.link/555",positive
"not broken, does not work, for a phone",negative
"never really never again, for a keyboard",negative
"check disappointing, for a watch http://spam.link/464",negative
"<b>absolutely crashed, for a laptop</b> &amp; more",negative
"hardly disappointing, for a laptop",negative
"hardly really highly recommend, for a backpack",positive
"defective, absolutely regret buying, it comes in two colors, for a backpack",negative
"superb, for a phone",positive
"stopped working, it weighs about 300 grams, for a watch",negative
"five stars, barely totally delighted, for a blender",positive
"never crashed, not incredibly cheap plastic, for a headphones",negative
"never wonderful, totally works flawlessly, for a charger",positive
"one star, never again, for a backpack",negative
"never again, really stopped working, for a phone",negative
"check never again, for a phone http://spam.link/368",negative
"poor quality, for a headphones",negative
"wonderful, perfect, for a phone",positive
"check terrible, for a backpack http://spam.link/594",negative
"absolutely works flawlessly, never delighted, the model number is xj-220, for a blender",positive
"barely really impressive, it weighs about 300 grams, for a laptop",positive
"top quality, for a laptop",positive
"hardly really disappointing, the package arrived on tuesday, for a headphones",negative
"smooth, absolutely delighted, for a charger",positive
"hardly absolutely five stars, incredibly delighted, it weighs about 300 grams, for a laptop",positive
"barely amazing, top quality, for a blender",positive
"reliable, not fantastic, for a watch",positive
"not excellent, delighted, for a headphones",positive
"refund, one star, for a charger",negative
"reliable, hardly great value, for a headphones",positive
"delighted, great value, i bought this in march, for a blender",positive
"wonderful, for a phone",positive
"<b>very crashed, waste of money, for a keyboard</b> &amp; more",negative
"broken, for a watch",negative
"barely worst experience, for a blender",negative
"check not outstanding, hardly very great value, for a headphones http://spam.link/651",positive
"top quality, defective, it launched last year, for a blender",neutral
"not totally reliable, the company is based in ohio, for a keyboard",positive
"@user123 said impressive, cheap plastic, the model number is xj-220, for a phone",neutral
"absolutely awful, it comes in two colors, for a backpack",negative
"defective, for a keyboard",negative
"totally regret buying, not terrible, for a phone",negative
"barely really brilliant, the app connects over bluetooth, for a backpack",positive
"best purchase, waste of money, the app connects over bluetooth, for a phone",neutral
"totally fantastic, for a watch",positive
"terrible, it weighs about 300 grams, for a blender",negative
"never very awful, one star, for a charger",negative
"never crashed, for a watch",negative
"really poor quality, totally refund, for a headphones",negative
"waste of money, cheap plastic, for a headphones",negative
"<b>works flawlessly, annoying, the manual has 12 pages, for a headphones</b> &amp; more",neutral
"worst experience, incredibly worst experience, for a watch",negative
"hardly poor quality, the store had it in stock, for a backpack",positive
"@user123 said never perfect, for a laptop",positive
"highly recommend, smooth, the package arrived on tuesday, for a phone!!! sooo goooood",positive
"totally refund, incredibly slow, for a headphones",negative
"barely outstanding, outstanding, for a phone",positive
"best purchase, outstanding, the company is based in ohio, for a phone",positive
"barely impressive, excellent, it comes in two colors, for a charger",positive
"<b>wonderful, does not work, the app connects over bluetooth, for a phone</b> &amp; more",neutral
"check absolutely superb, for a charger http://spam.link/612",positive
"really amazing, works flawlessly, for a charger",positive
"hate, for a watch",negative
"exceeded expectations, worst experience, the store had it in stock, for a phone!!! sooo goooood",neutral
"check fantastic, slow, i bought this in march, for a backpack http://spam.link/394",neutral
"delighted, not superb, the app connects over bluetooth, for a keyboard",positive
"<b>hardly totally superb, for a laptop</b> &amp; more",positive
"@user123 said hardly superb, highly recommend, the model number is xj-220, for a watch",positive
"brilliant, amazing, for a backpack",neutral
"waste of money, absolutely stopped working, i bought this in march, for a blender",negative
"really disappointing, hate, for a keyboard",negative
"not very perfect, for a blender",positive
"check disappointing, the company is based in ohio, for a phone http://spam.link/188",negative
"@user123 said slow, terrible, for a blender",negative
"top quality, for a backpack",positive
"five stars, terrible, the store had it in stock, for a laptop",neutral
"never really exceeded expectations, for a phone",positive
"really broken, totally regret buying, for a watch",negative
"love, worst experience, the app connects over bluetooth, for a keyboard",neutral
"<b>delighted, waste of money, it uses usb-c, for a phone</b> &amp; more",neutral
"brilliant, refund, the model number is xj-220, for a charger",neutral
"@user123 said amazing, wonderful, for a blender",positive
"top quality, for a keyboard",positive
"totally five stars, for a backpack",negative
"never highly recommend, it comes in two colors, for a headphones",positive
"brilliant, for a laptop!!! sooo goooood",positive
"@user123 said totally exceeded expectations, absolutely top quality, for a keyboard",negative
"never slow, barely annoying, for a phone",negative
"<b>great value, love, the box includes a cable, for a keyboard</b> &amp; more",positive
"barely incredibly terrible, totally poor quality, the manual has 12 pages, for a backpack",negative
"defective, for a phone",negative
"delighted, refund, it uses usb-c, for a watch",neutral
"works flawlessly, regret buying, it comes in two colors, for a charger",neutral
"smooth, one star, the app connects over bluetooth, for a laptop",neutral
"really wonderful, hardly love, for a charger!!! sooo goooood",positive
"really poor quality, it weighs about 300 grams, for a backpack",negative
"fantastic, broken, the manual has 12 pages, for a backpack",neutral
"excellent, hardly really brilliant, for a laptop!!! sooo goooood",positive
"totally slow, for a phone",negative
"refund, never refund, for a charger",positive
"five stars, hardly absolutely outstanding, for a laptop",positive
"terrible, barely useless, for a phone",negative
"works flawlessly, never again, it comes in two colors, for a laptop",neutral
"check incredibly top quality, love, for a watch http://spam.link/719",positive
"really outstanding, for a blender",positive
"@user123 said amazing, for a blender",positive
"highly recommend, for a watch",positive
"never really disappointing, for a watch",negative
"not totally slow, for a phone",negative
"cheap plastic, never regret buying, for a phone",negative
"never five stars, for a watch",positive
"hardly stopped working, really defective, for a charger",negative
"<b>worst experience, for a backpack</b> &amp; more",negative
"exceeded expectations, amazing, for a keyboard",positive
"totally great value, for a backpack",positive
"best purchase, the company is based in ohio, for a charger",positive
"@user123 said not very top quality, totally superb, for a backpack",positive
"excellent, hate, i bought this in march, for a phone",neutral
"check top quality, excellent, it weighs about 300 grams, for a headphones http://spam.link/614",positive
"great value, terrible, the manual has 12 pages, for a backpack",neutral
"check perfect, the package arrived on tuesday, for a charger http://spam.link/227",positive
"<b>works flawlessly, for a blender</b> &amp; more",positive
"perfect, wonderful, for a blender",positive
"fantastic, hate, the package arrived on tuesday, for a laptop",neutral
"excellent, for a phone",negative
"five stars, regret buying, the package arrived on tuesday, for a blender",neutral
"love, broken, the box includes a cable, for a blender",neutral
"absolutely fantastic, five stars, for a charger",positive
"check exceeded expectations, for a keyboard http://spam.link/387",positive
"top quality, for a charger",positive
"hardly poor quality, terrible, for a charger",negative
"fantastic, poor quality, the package arrived on tuesday, for a charger",neutral
"<b>superb, for a backpack</b> &amp; more",positive
"not waste of money, for a blender",negative
"not impressive, smooth, it weighs about 300 grams, for a headphones",positive
"@user123 said superb, stopped working, the company is based in ohio, for a blender",neutral
"check never defective, never again, the manual has 12 pages, for a backpack http://spam.link/175",negative
"amazing, for a laptop",positive
"totally impressive, for a charger",positive
"very defective, terrible, the model number is xj-220, for a charger!!! sooo goooood",negative
"useless, for a blender!!! sooo goooood",negative
"impressive, it weighs about 300 grams, for a headphones",negative
"really terrible, disappointing, for a backpack",negative
"absolutely wonderful, not absolutely great value, for a keyboard",positive
"@user123 said defective, the company is based in ohio, for a keyboard",negative
"hardly totally annoying, never again, for a blender",negative
"barely very disappointing, stopped working, for a blender",negative
"barely highly recommend, it uses usb-c, for a watch",positive
"@user123 said great value, for a headphones",positive
"@user123 said barely waste of money, not refund, for a charger",negative
"best purchase, poor quality, the app connects over bluetooth, for a watch!!! sooo goooood",neutral
"incredibly excellent, for a watch",negative
"reliable, poor quality, the manual has 12 pages, for a charger",neutral
"fantastic, slow, the manual has 12 pages, for a laptop",neutral
"highly recommend, waste of money, the manual has 12 pages, for a headphones",neutral
"<b>incredibly impressive, barely love, for a backpack</b> &amp; more",positive
"@user123 said amazing, awful, the store had it in stock, for a keyboard",neutral
"absolutely smooth, for a headphones",positive
"fantastic, slow, i bought this in march, for a backpack",positive
"annoying, the manual has 12 pages, for a headphones",negative
"really never again, never very disappointing, the manual has 12 pages, for a watch",negative
"barely totally amazing, for a keyboard",positive
"hardly totally excellent, the company is based in ohio, for a keyboard!!! sooo goooood",neutral
"best purchase, regret buying, the model number is xj-220, for a charger",neutral
"check not very smooth, excellent, it launched last year, for a blender http://spam.link/569",positive
"fantastic, cheap plastic, the store had it in stock, for a phone",neutral
"hardly refund, slow, for a keyboard",negative
"smooth, worst experience, it comes in two colors, for a blender",neutral
"barely absolutely wonderful, for a laptop",positive
"regret buying, refund, for a charger",negative
"highly recommend, terrible, the model number is xj-220, for a watch",neutral
"@user123 said not useless, absolutely broken, for a phone",negative
"outstanding, refund, the package arrived on tuesday, for a charger",neutral
"delighted, absolutely fantastic, the package arrived on tuesday, for a phone",positive
"hate, it weighs about 300 grams, for a phone",negative
"hardly poor quality, for a laptop",negative
"never very exceeded expectations, for a backpack!!! sooo goooood",negative
"delighted, annoying, the model number is xj-220, for a watch",neutral
"reliable, annoying, i bought this in march, for a backpack",negative
"works flawlessly, terrible, the box includes a cable, for a keyboard",neutral
"top quality, the company is based in ohio, for a phone",positive
"works flawlessly, refund, it comes in two colors, for a backpack",neutral
"top quality, does not work, it comes in two colors, for a blender",neutral
"hardly very broken, for a blender",negative
"fantastic, awful, the manual has 12 pages, for a keyboard",neutral
"best purchase, the model number is xj-220, for a headphones",positive
"incredibly excellent, for a phone",positive
"not worst experience, for a watch",negative
"<b>useless, for a laptop</b> &amp; more",negative
"never incredibly great value, barely outstanding, the app connects over bluetooth, for a headphones",positive
"barely amazing, top quality, for a laptop",positive
"<b>hardly poor quality, never annoying, for a backpack</b> &amp; more",negative
"totally outstanding, hardly delighted, it launched last year, for a charger",positive
"love, the store had it in stock, for a keyboard",positive
"really hate, one star, the store had it in stock, for a laptop",negative
"barely love, for a phone",positive
"@user123 said hardly totally defective, for a backpack",negative
"check barely works flawlessly, wonderful, for a phone http://spam.link/403",positive
"broken, totally defective, for a backpack!!! sooo goooood",negative
"totally reliable, top quality, for a laptop",positive
"useless, for a charger!!! sooo goooood",negative
"@user123 said amazing, not reliable, for a watch",positive
"@user123 said fantastic, hate, the box includes a cable, for a headphones",neutral
"not annoying, i bought this in march, for a charger",negative
"barely absolutely excellent, never exceeded expectations, the box includes a cable, for a backpack",positive
"never hate, the company is based in ohio, for a phone",negative
"<b>works flawlessly, poor quality, it weighs about 300 grams, for a backpack</b> &amp; more",neutral
"@user123 said superb, for a headphones",positive
"hardly reliable, outstanding, for a charger",positive
"@user123 said never excellent, for a headphones",positive
"never again, it comes in two colors, for a backpack",positive
"@user123 said cheap plastic, for a blender",negative
"@user123 said great value, for a blender",positive
"absolutely awful, for a headphones",negative
"<b>not brilliant, for a watch</b> &amp; more",positive
"excellent, broken, the model number is xj-220, for a laptop",neutral
"incredibly excellent, reliable, for a watch",positive
"incredibly works flawlessly, perfect, for a charger",positive
"not cheap plastic, for a charger",negative
"poor quality, for a headphones!!! sooo goooood",negative
"<b>stopped working, incredibly cheap plastic, the manual has 12 pages, for a blender</b> &amp; more",negative
"barely perfect, superb, the package arrived on tuesday, for a blender",positive
"really impressive, incredibly fantastic, the model number is xj-220, for a headphones",positive
"hardly delighted, barely really wonderful, for a blender",positive
"@user123 said amazing, for a headphones",positive
"reliable, crashed, the box includes a cable, for a phone",neutral
"totally one star, not hate, for a phone",negative
"barely incredibly excellent, barely wonderful, for a phone",positive
"does not work, cheap plastic, for a laptop",negative
"check smooth, slow, the app connects over bluetooth, for a charger http://spam.link/283",neutral
"great value, wonderful, for a phone",positive
"amazing, the store had it in stock, for a charger",positive
"impressive, reliable, for a headphones!!! sooo goooood",positive
"top quality, awful, it uses usb-c, for a charger",neutral
"five stars, cheap plastic, it weighs about 300 grams, for a charger",neutral
"incredibly highly recommend, for a phone",positive
"@user123 said exceeded expectations, not totally excellent, for a watch",positive
"works flawlessly, crashed, the manual has 12 pages, for a watch",neutral
"really waste of money, absolutely defective, for a backpack",negative
"superb, for a laptop",positive
"exceeded expectations, the package arrived on tuesday, for a blender",positive
"five stars, i bought this in march, for a watch",positive
"stopped working, awful, it uses usb-c, for a blender",negative
"<b>crashed, useless, for a keyboard</b> &amp; more",negative
"@user123 said very terrible, for a phone",negative
"@user123 said never totally smooth, hardly five stars, for a charger",positive
"terrible, for a phone",negative
"superb, not very highly recommend, for a blender",positive
"absolutely broken, for a watch!!! sooo goooood",negative
"barely brilliant, for a keyboard",positive
"very works flawlessly, for a keyboard!!! sooo goooood",positive
"incredibly amazing, for a backpack",neutral
"perfect, never outstanding, for a watch!!! sooo goooood",positive
"fantastic, for a charger",positive
"love, annoying, the manual has 12 pages, for a phone",neutral
"absolutely cheap plastic, for a backpack",negative
"not really never again, the store had it in stock, for a laptop",negative
"@user123 said impressive, the manual has 12 pages, for a laptop",positive
"absolutely outstanding, not totally best purchase, for a headphones",positive
"love, for a headphones",positive
"fantastic, not very wonderful, for a phone",positive
"outstanding, poor quality, it comes in two colors, for a charger!!! sooo goooood",neutral
"hate, for a backpack",negative
"totally works flawlessly, for a watch",positive
"slow, very one star, for a keyboard",negative
"incredibly poor quality, the box includes a cable, for a phone",negative
"hardly disappointing, crashed, for a backpack",negative
"reliable, one star, the package arrived on tuesday, for a blender",neutral
"love, worst experience, the package arrived on tuesday, for a backpack",neutral
"very excellent, barely works flawlessly, for a charger!!! sooo goooood",positive
"@user123 said never awful, for a phone",negative
"great value, absolutely superb, for a laptop",positive
"refund, for a keyboard",negative
"incredibly outstanding, excellent, i bought this in march, for a charger",positive
"not absolutely impressive, outstanding, the package arrived on tuesday, for a laptop!!! sooo goooood",positive
"totally amazing, for a keyboard",positive
"@user123 said reliable, useless, it launched last year, for a charger",neutral
"never broken, the manual has 12 pages, for a laptop",negative
"stopped working, for a keyboard",negative
"hardly broken, for a headphones",negative
"stopped working, for a backpack",negative
"works flawlessly, incredibly love, for a blender",positive
"<b>delighted, stopped working, the store had it in stock, for a charger</b> &amp; more",neutral
"not amazing, best purchase, for a headphones",negative
"incredibly hate, absolutely waste of money, for a backpack",negative
"regret buying, poor quality, for a charger",negative
"<b>works flawlessly, cheap plastic, the package arrived on tuesday, for a laptop</b> &amp; more",neutral
"barely broken, for a phone",negative
"works flawlessly, does not work, the manual has 12 pages, for a phone",negative
"really never again, refund, for a watch",negative
"really awful, for a charger",negative
"very reliable, for a blender",positive
"wonderful, regret buying, the company is based in ohio, for a headphones",neutral
"disappointing, it uses usb-c, for a watch!!! sooo goooood",negative
"delighted, incredibly five stars, for a blender",positive
"check incredibly five stars, hardly absolutely delighted, for a charger http://spam.link/573",positive
"not great value, great value, for a blender",positive
"very great value, the package arrived on tuesday, for a blender",positive
"five stars, barely works flawlessly, for a phone",positive
"<b>wonderful, hardly really brilliant, for a blender</b> &amp; more",positive
"brilliant, for a phone",positive
"not really waste of money, not never again, for a blender",negative
"totally highly recommend, never amazing, for a phone",positive
"check hardly works flawlessly, barely very five stars, for a laptop http://spam.link/697",positive
"never great value, works flawlessly, the company is based in ohio, for a watch",positive
"<b>hardly totally delighted, never fantastic, for a blender</b> &amp; more",positive
"@user123 said highly recommend, for a charger",positive
"check awful, for a keyboard http://spam.link/514",negative
"amazing, for a watch",positive
"never fantastic, for a keyboard",positive
"<b>superb, for a keyboard</b> &amp; more",positive
"@user123 said worst experience, for a laptop",neutral
"never regret buying, for a blender",negative
"wonderful, regret buying, the app connects over bluetooth, for a keyboard",neutral
"incredibly broken, for a laptop",negative
"awful, slow, for a backpack",negative
"annoying, for a laptop",negative
"best purchase, broken, the box includes a cable, for a phone",neutral
"terrible, the store had it in stock, for a charger",negative
"highly recommend, the company is based in ohio, for a watch",positive
"really useless, very poor quality, the package arrived on tuesday, for a watch!!! sooo goooood",negative
"highly recommend, for a backpack",positive
"check brilliant, one star, the model number is xj-220, for a keyboard http://spam.link/478",neutral
"incredibly exceeded expectations, the store had it in stock, for a watch",positive
"barely totally crashed, hardly poor quality, for a phone",negative
"absolutely reliable, for a backpack",positive
"@user123 said superb, crashed, the box includes a cable, for a watch",neutral
"works flawlessly, cheap plastic, the store had it in stock, for a keyboard",neutral
"great value, for a phone",positive
"top quality, awful, the store had it in stock, for a headphones",neutral
"wonderful, slow, it comes in two colors, for a charger",neutral
"incredibly useless, for a blender",negative
"five stars, regret buying, it launched last year, for a charger",neutral
"fantastic, broken, the app connects over bluetooth, for a headphones",neutral
"incredibly one star, slow, the box includes a cable, for a backpack",negative
"exceeded expectations, for a laptop!!! sooo goooood",positive
"refund, for a keyboard",negative
"hardly absolutely five stars, for a backpack",positive
"outstanding, for a headphones",positive
"really annoying, the store had it in stock, for a phone!!! sooo goooood",negative
"outstanding, crashed, it uses usb-c, for a blender",positive
"reliable, does not work, it comes in two colors, for a watch",neutral
"@user123 said barely one star, for a watch",negative
"reliable, five stars, for a phone",positive
"not highly recommend, for a backpack",positive
"hardly very top quality, reliable, the model number is xj-220, for a blender",positive
"highly recommend, for a laptop",positive
"brilliant, terrible, it launched last year, for a laptop",neutral
"stopped working, absolutely terrible, it comes in two colors, for a backpack",neutral
"really five stars, for a watch!!! sooo goooood",positive
"fantastic, highly recommend, the model number is xj-220, for a phone",positive
"excellent, superb, the model number is xj-220, for a blender",positive
"does not work, totally cheap plastic, for a laptop",negative
"never five stars, excellent, for a watch",positive
"fantastic, for a blender",positive
"@user123 said very one star, hardly broken, for a laptop",negative
"not incredibly impressive, for a laptop",negative
"broken, the package arrived on tuesday, for a keyboard",negative
"great value, awful, i bought this in march, for a laptop",neutral
"not one star, for a blender",negative
"five stars, regret buying, the model number is xj-220, for a watch",neutral
"not delighted, incredibly outstanding, for a keyboard",positive
"disappointing, regret buying, the box includes a cable, for a headphones",negative
"barely reliable, for a phone",positive
"<b>hardly excellent, for a keyboard</b> &amp; more",positive
"superb, for a blender",positive
"impressive, hate, it launched last year, for a watch",neutral
"best purchase, barely totally works flawlessly, for a charger",positive
"check superb, awful, it uses usb-c, for a blender http://spam.link/259",neutral
"hate, for a keyboard!!! sooo goooood",negative
"defective, for a laptop",negative
"really excellent, best purchase, for a laptop!!! sooo goooood",positive
"@user123 said highly recommend, hate, it launched last year, for a charger",neutral
"brilliant, great value, it weighs about 300 grams, for a headphones",positive
"perfect, one star, it uses usb-c, for a watch",neutral
"not fantastic, the app connects over bluetooth, for a phone",positive
"never terrible, for a headphones",negative
"@user123 said terrible, for a keyboard",negative
"really refund, barely very regret buying, it comes in two colors, for a phone",negative
"one star, for a blender",negative
"check delighted, waste of money, it launched last year, for a watch http://spam.link/319",neutral
"check wonderful, hate, the manual has 12 pages, for a phone http://spam.link/212",neutral
"outstanding, defective, the store had it in stock, for a backpack!!! sooo goooood",neutral
"<b>exceeded expectations, slow, the store had it in stock, for a headphones</b> &amp; more",neutral
"awful, incredibly worst experience, for a blender",negative
"one star, for a watch",positive
"wonderful, disappointing, it launched last year, for a backpack",neutral
"five stars, hardly fantastic, for a keyboard",positive
"one star, cheap plastic, for a watch",negative
"delighted, cheap plastic, it weighs about 300 grams, for a keyboard",neutral
"@user123 said totally never again, worst experience, for a phone",negative
"hate, barely incredibly broken, for a watch!!! sooo goooood",negative
"not smooth, for a laptop",positive
"totally outstanding, for a phone",positive
"@user123 said works flawlessly, disappointing, the company is based in ohio, for a charger",neutral
"<b>slow, for a blender</b> &amp; more",negative
"totally awful, it weighs about 300 grams, for a phone",negative
"impressive, awful, it launched last year, for a charger",neutral
"<b>totally five stars, hardly top quality, for a laptop</b> &amp; more",positive
"check wonderful, the manual has 12 pages, for a backpack http://spam.link/689",positive
"outstanding, does not work, it weighs about 300 grams, for a keyboard",neutral
"brilliant, poor quality, the company is based in ohio, for a backpack",neutral
"impressive, best purchase, the app connects over bluetooth, for a laptop",positive
"@user123 said really smooth, for a blender",positive
"incredibly excellent, very love, for a headphones",positive
"<b>highly recommend, disappointing, i bought this in march, for a laptop</b> &amp; more",neutral
"check love, great value, for a phone http://spam.link/337",positive
"@user123 said brilliant, never highly recommend, for a backpack",positive
"check barely annoying, for a headphones http://spam.link/192",negative
"outstanding, the box includes a cable, for a laptop",positive
"smooth, barely works flawlessly, for a watch",positive
"delighted, refund, it weighs about 300 grams, for a phone",neutral
"top quality, broken, the store had it in stock, for a keyboard",neutral
"brilliant, for a phone",positive
"never again, it uses usb-c, for a watch",negative
"great value, never again, i bought this in march, for a phone",neutral
"slow, for a backpack!!! sooo goooood",negative
"<b>incredibly wonderful, barely incredibly perfect, the model number is xj-220, for a laptop</b> &amp; more",positive
"disappointing, stopped working, for a blender!!! sooo goooood",negative
"@user123 said never really wonderful, for a blender",positive
"brilliant, it uses usb-c, for a watch",positive
"not absolutely top quality, smooth, for a backpack!!! sooo goooood",positive
"<b>never poor quality, annoying, for a backpack</b> &amp; more",neutral
"defective, for a phone",negative
"fantastic, works flawlessly, for a watch",positive
"hardly terrible, the manual has 12 pages, for a backpack",negative
"check absolutely slow, terrible, for a backpack http://spam.link/591",negative
"amazing, for a blender",positive
"not very brilliant, smooth, for a charger",positive
"@user123 said five stars, hate, the store had it in stock, for a laptop",neutral
"love, exceeded expectations, for a phone",neutral
"check excellent, poor quality, the manual has 12 pages, for a watch http://spam.link/920",neutral
"does not work, totally stopped working, the package arrived on tuesday, for a watch",negative
"incredibly excellent, not absolutely best purchase, the box includes a cable, for a headphones",positive
"refund, barely totally poor quality, for a phone!!! sooo goooood",negative
"absolutely superb, very outstanding, the model number is xj-220, for a watch",positive
"absolutely defective, useless, for a keyboard",negative
"worst experience, for a keyboard",negative
"not really one star, for a laptop",negative
"barely crashed, for a headphones",negative
"not waste of money, for a backpack",negative
"never totally perfect, for a watch",positive
"fantastic, waste of money, it weighs about 300 grams, for a phone",neutral
"check hardly totally cheap plastic, worst experience, it comes in two colors, for a keyboard http://spam.link/530",negative
"not superb, love, for a headphones",positive
"top quality, worst experience, the manual has 12 pages, for a blender",neutral
"hardly absolutely awful, the company is based in ohio, for a phone",negative
"@user123 said barely never again, very disappointing, the model number is xj-220, for a watch",negative
"@user123 said poor quality, it uses usb-c, for a charger",negative
"not cheap plastic, hate, for a charger",negative
"hate, for a watch",negative
"<b>reliable, awful, the box includes a cable, for a blender</b> &amp; more",neutral
"not totally highly recommend, for a headphones!!! sooo goooood",positive
"cheap plastic, one star, for a watch",negative
"very one star, for a keyboard",negative
"totally love, i bought this in march, for a phone",positive
"absolutely does not work, for a headphones",negative
"perfect, hate, i bought this in march, for a headphones",neutral
"barely superb, for a blender",positive
"check works flawlessly, terrible, the box includes a cable, for a charger http://spam.link/236",neutral
"check absolutely delighted, impressive, for a backpack http://spam.link/204",positive
"cheap plastic, for a watch",negative
"@user123 said absolutely great value, barely highly recommend, for a keyboard",positive
"totally regret buying, very stopped working, the store had it in stock, for a headphones",negative
"best purchase, delighted, i bought this in march, for a blender",positive
"hate, for a headphones",negative
"outstanding, one star, the package arrived on tuesday, for a headphones",neutral
"smooth, useless, the package arrived on tuesday, for a laptop",neutral
"barely delighted, for a watch",positive
"@user123 said not useless, for a laptop",negative
"worst experience, barely awful, for a charger",negative
"delighted, hardly really smooth, for a phone",positive
"never slow, slow, for a keyboard",negative
"reliable, broken, the box includes a cable, for a watch",neutral
"broken, for a watch",negative
"not absolutely outstanding, delighted, for a blender",positive
"refund, worst experience, for a watch",negative
"never wonderful, absolutely highly recommend, for a laptop",positive
"incredibly works flawlessly, never absolutely great value, for a headphones",positive
"barely really hate, for a blender",negative
"<b>never hate, the package arrived on tuesday, for a keyboard</b> &amp; more",negative
"absolutely best purchase, for a watch",positive
"very wonderful, absolutely exceeded expectations, for a backpack",positive
"love, defective, the store had it in stock, for a phone",neutral
"best purchase, for a headphones",positive
"barely works flawlessly, for a laptop",positive
"very defective, it comes in two colors, for a keyboard",negative
"excellent, one star, the company is based in ohio, for a headphones",neutral
"<b>worst experience, the package arrived on tuesday, for a phone</b> &amp; more",negative
"hardly highly recommend, for a headphones",positive
"wonderful, incredibly best purchase, the manual has 12 pages, for a laptop",positive
"totally superb, the box includes a cable, for a keyboard!!! sooo goooood",positive
"incredibly slow, it uses usb-c, for a keyboard",negative
"very fantastic, for a charger",positive
"absolutely brilliant, not reliable, for a watch",positive
"@user123 said really brilliant, for a blender",positive
"incredibly does not work, for a charger",negative
"fantastic, crashed, it comes in two colors, for a backpack",neutral
"check never poor quality, refund, the model number is xj-220, for a headphones http://spam.link/826",negative
"@user123 said superb, defective, the store had it in stock, for a keyboard",neutral
"@user123 said totally outstanding, amazing, the company is based in ohio, for a headphones",positive
"not really annoying, cheap plastic, for a blender",negative
"reliable, never again, it comes in two colors, for a laptop!!! sooo goooood",neutral
"worst experience, for a keyboard",negative
"<b>never hate, never poor quality, for a laptop</b> &amp; more",negative
"<b>does not work, waste of money, for a laptop</b> &amp; more",negative
"not terrible, for a headphones",negative
"very defective, regret buying, for a blender!!! sooo goooood",negative
"absolutely worst experience, totally one star, for a phone!!! sooo goooood",negative
"very wonderful, fantastic, for a phone",positive
"excellent, never again, the store had it in stock, for a keyboard!!! sooo goooood",neutral
"smooth, hate, the app connects over bluetooth, for a watch!!! sooo goooood",neutral
"wonderful, top quality, the app connects over bluetooth, for a phone",positive
"excellent, for a phone",positive
"incredibly impressive, not delighted, for a watch",positive
"hardly totally never again, hate, the model number is xj-220, for a blender",negative
"hardly worst experience, for a keyboard",negative
"barely never again, absolutely crashed, the manual has 12 pages, for a charger",negative
"brilliant, hardly wonderful, for a watch",negative
"wonderful, disappointing, i bought this in march, for a phone",neutral
"waste of money, one star, for a watch",negative
"best purchase, for a backpack!!! sooo goooood",positive
"incredibly one star, for a keyboard",negative
"hardly does not work, the box includes a cable, for a headphones",negative
"barely waste of money, for a headphones",negative
"totally one star, annoying, for a laptop",negative
"not absolutely wonderful, for a phone",positive
"fantastic, very impressive, for a watch!!! sooo goooood",positive
"fantastic, the store had it in stock, for a watch",positive
"very superb, smooth, for a backpack",positive
"never again, hate, for a phone",negative
"check worst experience, hate, for a charger http://spam.link/328",negative
"useless, i bought this in march, for a keyboard!!! sooo goooood",negative
"@user123 said cheap plastic, does not work, for a laptop",negative
"useless, totally hate, for a keyboard",negative
"check exceeded expectations, broken, the manual has 12 pages, for a phone http://spam.link/835",neutral
"best purchase, excellent, for a keyboard",positive
"barely totally perfect, for a keyboard",positive
"totally useless, barely slow, for a keyboard!!! sooo goooood",negative
"brilliant, refund, the company is based in ohio, for a phone",neutral
"never very one star, absolutely disappointing, for a laptop!!! sooo goooood",negative
"@user123 said amazing, awful, the manual has 12 pages, for a charger",neutral
"<b>barely perfect, for a blender</b> &amp; more",positive
"waste of money, incredibly worst experience, for a keyboard",negative
"highly recommend, for a keyboard",positive
"absolutely highly recommend, perfect, for a blender",positive
"@user123 said superb, for a backpack",positive
"amazing, really outstanding, for a laptop",positive
"waste of money, for a laptop",negative
"reliable, hardly incredibly delighted, for a keyboard",positive
"five stars, one star, the package arrived on tuesday, for a headphones",neutral
"never again, it weighs about 300 grams, for a phone",negative
"works flawlessly, not highly recommend, for a phone",positive
"terrible, for a phone",negative
"<b>not five stars, barely totally fantastic, for a phone</b> &amp; more",positive
"impressive, never again, it launched last year, for a laptop",neutral
"@user123 said totally love, impressive, for a headphones",positive
"check exceeded expectations, absolutely outstanding, for a watch http://spam.link/868",positive
"check really does not work, for a phone http://spam.link/625",negative
"perfect, waste of money, the package arrived on tuesday, for a watch",neutral
"absolutely terrible, worst experience, for a headphones",negative
"barely smooth, for a watch",positive
"waste of money, regret buying, for a blender",negative
"fantastic, does not work, it comes in two colors, for a laptop!!! sooo goooood",neutral
"never exceeded expectations, top quality, for a backpack",positive
"never excellent, great value, for a headphones",positive
"check totally five stars, impressive, the model number is xj-220, for a watch http://spam.link/156",positive
"barely stopped working, for a laptop",negative
"very fantastic, for a headphones!!! sooo goooood",positive
"never totally best purchase, absolutely perfect, for a blender",positive
"never totally outstanding, perfect, for a laptop",positive
"exceeded expectations, it launched last year, for a charger",positive
"<b>exceeded expectations, great value, for a charger</b> &amp; more",positive
"incredibly cheap plastic, it uses usb-c, for a laptop",negative
"broken, never refund, for a blender",negative
"outstanding, poor quality, the model number is xj-220, for a charger",neutral
"disappointing, for a backpack",negative
"works flawlessly, one star, the app connects over bluetooth, for a headphones",neutral
"very great value, for a laptop",positive
"@user123 said absolutely brilliant, excellent, for a phone",positive
"totally superb, never incredibly wonderful, for a watch",positive
"very slow, i bought this in march, for a watch",negative
"stopped working, incredibly poor quality, the app connects over bluetooth, for a laptop",negative
"five stars, refund, the app connects over bluetooth, for a backpack",neutral
"check highly recommend, defective, the package arrived on tuesday, for a laptop http://spam.link/849",neutral
"regret buying, hardly annoying, for a backpack",negative
"absolutely amazing, really top quality, for a charger",positive
"broken, really poor quality, for a headphones",negative
"works flawlessly, reliable, it launched last year, for a headphones",positive
"works flawlessly, cheap plastic, the company is based in ohio, for a blender",neutral
"barely absolutely useless, for a charger",negative
"incredibly slow, waste of money, the package arrived on tuesday, for a phone",negative
"really does not work, disappointing, the company is based in ohio, for a watch",negative
"<b>really amazing, the model number is xj-220, for a blender</b> &amp; more",positive
"outstanding, incredibly impressive, for a backpack",positive
"very reliable, for a keyboard",positive
"delighted, one star, the company is based in ohio, for a phone",neutral
"highly recommend, hardly absolutely perfect, for a blender",positive
"<b>hardly outstanding, exceeded expectations, for a headphones</b> &amp; more",positive
"check never very never again, defective, for a laptop http://spam.link/257",negative
"hardly really delighted, for a phone",positive
"check never absolutely top quality, five stars, for a keyboard http://spam.link/152",positive
"not great value, never excellent, for a laptop",positive
"check amazing, for a phone http://spam.link/823",positive
"excellent, regret buying, it comes in two colors, for a backpack",neutral
"excellent, terrible, the store had it in stock, for a backpack",neutral
"not very useless, poor quality, for a watch",negative
"@user123 said does not work, never awful, i bought this in march, for a phone",negative
"exceeded expectations, incredibly reliable, for a charger",positive
"check really delighted, very fantastic, for a headphones http://spam.link/466",positive
"barely really exceeded expectations, for a headphones",positive
"never really five stars, top quality, for a watch",positive
"very one star, regret buying, for a keyboard",negative
"exceeded expectations, for a watch",positive
"check wonderful, refund, it launched last year, for a headphones http://spam.link/621",neutral
"five stars, one star, the box includes a cable, for a laptop",neutral
"really great value, not best purchase, for a charger",positive
"@user123 said excellent, broken, the model number is xj-220, for a headphones",neutral
"@user123 said highly recommend, defective, it launched last year, for a charger",neutral
"@user123 said great value, the company is based in ohio, for a charger",positive
"fantastic, totally exceeded expectations, the model number is xj-220, for a watch",positive
"never totally worst experience, for a charger",negative
"defective, not disappointing, for a phone!!! sooo goooood",negative
"barely cheap plastic, really refund, for a keyboard",negative
"awful, for a watch",negative
"smooth, barely reliable, it weighs about 300 grams, for a headphones",positive
"check perfect, does not work, it weighs about 300 grams, for a phone http://spam.link/577",neutral
"amazing, for a headphones",positive
"hardly works flawlessly, for a watch!!! sooo goooood",positive
"check great value, exceeded expectations, for a blender http://spam.link/593",positive
"@user123 said slow, poor quality, for a phone",positive
"hardly terrible, never incredibly refund, for a laptop",negative
"check worst experience, totally never again, for a phone http://spam.link/841",negative
"check barely slow, it comes in two colors, for a watch http://spam.link/116",negative
"not impressive, excellent, for a watch",positive
"check highly recommend, one star, it comes in two colors, for a headphones http://spam.link/634",neutral
"impressive, the company is based in ohio, for a laptop",positive
"excellent, useless, it launched last year, for a phone",neutral
"never crashed, barely really crashed, for a blender",negative
"excellent, useless, the model number is xj-220, for a laptop",neutral
"@user123 said terrible, never worst experience, for a phone",negative
"incredibly broken, the box includes a cable, for a laptop",negative
"<b>brilliant, not delighted, for a laptop</b> &amp; more",positive
"really never again, never terrible, for a phone",negative
"wonderful, does not work, the box includes a cable, for a backpack",neutral
"works flawlessly, for a watch",positive
"brilliant, disappointing, the manual has 12 pages, for a keyboard!!! sooo goooood",neutral
"never totally disappointing, barely never again, for a charger",negative
"check outstanding, for a keyboard http://spam.link/344",positive
"brilliant, totally exceeded expectations, i bought this in march, for a keyboard!!! sooo goooood",positive
"never really terrible, incredibly disappointing, for a watch",negative
"hardly very never again, for a phone",negative
"check not does not work, really worst experience, for a charger http://spam.link/128",negative
"absolutely stopped working, absolutely one star, for a keyboard",negative
"check awful, barely totally refund, for a backpack http://spam.link/824",negative
"wonderful, for a charger",positive
"stopped working, the company is based in ohio, for a blender",negative
"<b>fantastic, does not work, the manual has 12 pages, for a headphones</b> &amp; more",neutral
"@user123 said perfect, hate, it uses usb-c, for a phone",neutral
"never one star, for a phone",negative
"barely impressive, for a charger",positive
"totally perfect, works flawlessly, it uses usb-c, for a keyboard",positive
"stopped working, for a blender",negative
"amazing, refund, the store had it in stock, for a laptop",neutral
"top quality, poor quality, it launched last year, for a keyboard",negative
"<b>wonderful, not impressive, for a laptop</b> &amp; more",positive
"check highly recommend, never again, the company is based in ohio, for a headphones http://spam.link/845",neutral
"incredibly slow, for a phone",negative
"five stars, for a laptop",positive
"five stars, does not work, the store had it in stock, for a watch",neutral
"hardly incredibly cheap plastic, for a keyboard",negative
"@user123 said superb, waste of money, the model number is xj-220, for a blender",neutral
"check awful, does not work, for a headphones http://spam.link/524",negative
"really regret buying, for a watch",negative
"exceeded expectations, totally wonderful, for a laptop",positive
"absolutely refund, for a laptop",negative
"best purchase, for a laptop!!! sooo goooood",positive
"not terrible, the manual has 12 pages, for a keyboard",negative
"<b>hardly superb, hardly impressive, for a keyboard</b> &amp; more",positive
"poor quality, really hate, for a headphones",negative
"not totally disappointing, for a headphones",negative
"not best purchase, incredibly love, for a watch",positive
"poor quality, never absolutely one star, for a headphones!!! sooo goooood",negative
"<b>not delighted, the company is based in ohio, for a backpack</b> &amp; more",positive
"really waste of money, absolutely disappointing, it uses usb-c, for a charger",negative
"best purchase, very works flawlessly, for a charger",positive
"incredibly top quality, not top quality, for a phone",positive
"very excellent, five stars, the store had it in stock, for a watch",positive
"incredibly impressive, for a watch",positive
"very top quality, highly recommend, for a blender",positive
"never regret buying, barely slow, for a charger",negative
"annoying, it launched last year, for a charger",negative
"works flawlessly, hardly very highly recommend, for a phone",positive
"not worst experience, for a blender",negative
"works flawlessly, for a headphones",positive
"works flawlessly, stopped working, the manual has 12 pages, for a charger",neutral
"very excellent, never amazing, it comes in two colors, for a headphones",positive
"hate, hardly stopped working, for a charger",negative
"hardly refund, never one star, for a watch",negative
"terrible, waste of money, for a charger",negative
"really delighted, never highly recommend, for a keyboard",positive
"exceeded expectations, slow, the model number is xj-220, for a laptop",neutral
"great value, waste of money, the manual has 12 pages, for a keyboard",neutral
"great value, not incredibly impressive, for a blender",positive
"absolutely great value, hardly superb, the package arrived on tuesday, for a watch",positive
"poor quality, for a headphones",negative
"brilliant, for a watch",positive
"five stars, incredibly superb, for a keyboard",positive
"very waste of money, poor quality, for a headphones",negative
"@user123 said very terrible, for a charger",negative
"superb, love, for a backpack",positive
"not absolutely outstanding, for a laptop",positive
"love, one star, the package arrived on tuesday, for a keyboard!!! sooo goooood",neutral
"check very outstanding, for a charger http://spam.link/423",positive
"great value, terrible, it comes in two colors, for a backpack",neutral
"really stopped working, barely disappointing, for a charger",negative
"<b>never again, for a phone</b> &amp; more",negative
"hardly crashed, for a blender",negative
"top quality, stopped working, the company is based in ohio, for a backpack",neutral
"absolutely slow, for a phone",negative
"very poor quality, the store had it in stock, for a watch",negative
"defective, absolutely worst experience, for a charger",negative
"waste of money, crashed, for a laptop",negative
"highly recommend, outstanding, the manual has 12 pages, for a keyboard",positive
"@user123 said poor quality, useless, for a phone",negative
"check exceeded expectations, cheap plastic, the manual has 12 pages, for a headphones http://spam.link/865",neutral
"brilliant, hate, the model number is xj-220, for a charger",neutral
"works flawlessly, useless, it uses usb-c, for a backpack",neutral
"check absolutely reliable, exceeded expectations, for a backpack http://spam.link/929",positive
"absolutely five stars, for a keyboard",positive
"cheap plastic, really does not work, the company is based in ohio, for a watch",negative
"highly recommend, it comes in two colors, for a laptop",positive
"check very regret buying, barely slow, for a keyboard http://spam.link/823",negative
"hardly impressive, for a phone",positive
"delighted, defective, the model number is xj-220, for a laptop",neutral
"check really love, never reliable, for a watch http://spam.link/718",positive
"@user123 said never really regret buying, for a keyboard",negative
"disappointing, not waste of money, for a blender",negative
"refund, regret buying, for a blender",negative
"check not totally awful, for a headphones http://spam.link/626",negative
"love, waste of money, i bought this in march, for a headphones",neutral
"<b>best purchase, the model number is xj-220, for a laptop</b> &amp; more",positive
"really refund, it comes in two colors, for a headphones",negative
"not really works flawlessly, the model number is xj-220, for a backpack",positive
"totally slow, for a keyboard",negative
"<b>totally annoying, defective, for a headphones</b> &amp; more",negative
"totally great value, barely five stars, for a watch",positive
"five stars, it uses usb-c, for a keyboard",positive
"incredibly cheap plastic, cheap plastic, for a charger",negative
"really crashed, for a backpack",negative
"@user123 said awful, slow, for a watch",negative
"hardly annoying, for a backpack",negative
"wonderful, poor quality, it weighs about 300 grams, for a backpack",neutral
"one star, does not work, for a keyboard",negative
"@user123 said totally poor quality, for a headphones",negative
"<b>never absolutely hate, barely totally refund, for a charger</b> &amp; more",negative
"hardly waste of money, for a keyboard!!! sooo goooood",negative
"delighted, for a blender",positive
"outstanding, absolutely delighted, for a blender",positive
"not totally five stars, the package arrived on tuesday, for a laptop",positive
"absolutely outstanding, for a headphones",positive
"hardly five stars, for a blender",positive
"stopped working, for a watch",negative
"perfect, defective, the box includes a cable, for a charger",neutral
"incredibly terrible, really cheap plastic, for a blender",negative
"great value, works flawlessly, for a backpack",positive
"hardly delighted, the package arrived on tuesday, for a headphones",positive
"not slow, for a watch",negative
"<b>refund, one star, for a keyboard</b> &amp; more",negative
"defective, never absolutely one star, the box includes a cable, for a phone",negative
"<b>best purchase, useless, the app connects over bluetooth, for a backpack</b> &amp; more",neutral
"not outstanding, for a phone",positive
"superb, does not work, the box includes a cable, for a watch",neutral
"@user123 said smooth, terrible, the package arrived on tuesday, for a blender",neutral
"check barely refund, for a charger http://spam.link/833",negative
"impressive, cheap plastic, the model number is xj-220, for a watch",neutral
"crashed, barely never again, for a laptop!!! sooo goooood",negative
"five stars, crashed, it weighs about 300 grams, for a keyboard",neutral
"check never again, hardly annoying, for a keyboard http://spam.link/325",negative
"delighted, regret buying, the package arrived on tuesday, for a charger",neutral
"brilliant, defective, the package arrived on tuesday, for a laptop",neutral
"impressive, crashed, the manual has 12 pages, for a blender",neutral
"never hate, useless, the model number is xj-220, for a keyboard",negative
"barely absolutely broken, never hate, for a charger",negative
"exceeded expectations, for a keyboard",positive
"crashed, never terrible, it uses usb-c, for a backpack",negative
"never brilliant, the package arrived on tuesday, for a charger",positive
"really love, it uses usb-c, for a headphones",positive
"works flawlessly, awful, the package arrived on tuesday, for a blender",neutral
"brilliant, barely really perfect, for a watch",positive
"impressive, cheap plastic, the box includes a cable, for a backpack",positive
"excellent, slow, the box includes a cable, for a laptop",neutral
"wonderful, crashed, the box includes a cable, for a laptop",neutral
"not broken, hate, the app connects over bluetooth, for a laptop",negative
"check one star, the company is based in ohio, for a backpack http://spam.link/350",negative
"great value, annoying, the box includes a cable, for a blender",neutral
"check totally impressive, for a laptop http://spam.link/989",positive
"great value, for a watch",positive
"smooth, it launched last year, for a headphones",positive
"check hardly useless, annoying, for a phone http://spam.link/349",negative
"love, one star, the company is based in ohio, for a charger!!! sooo goooood",neutral
"@user123 said worst experience, totally cheap plastic, for a watch",negative
"really useless, never crashed, for a backpack!!! sooo goooood",negative
"works flawlessly, waste of money, the app connects over bluetooth, for a laptop",neutral
"never works flawlessly, very highly recommend, for a keyboard",positive
"refund, totally worst experience, for a keyboard",negative
"reliable, for a backpack",positive
"broken, it launched last year, for a watch",negative
"@user123 said not very worst experience, for a headphones",negative
"poor quality, never again, the box includes a cable, for a phone!!! sooo goooood",negative
"absolutely does not work, it launched last year, for a charger!!! sooo goooood",negative
"perfect, i bought this in march, for a keyboard",positive
"incredibly five stars, for a blender",positive
"not totally crashed, for a laptop",negative
"very stopped working, crashed, for a headphones",negative
"wonderful, waste of money, it weighs about 300 grams, for a watch",neutral
"best purchase, highly recommend, for a headphones",positive
"outstanding, top quality, the app connects over bluetooth, for a blender",positive
"barely awful, terrible, for a blender",negative
"hardly superb, fantastic, it comes in two colors, for a watch",positive
"<b>perfect, absolutely top quality, for a watch</b> &amp; more",positive
"delighted, worst experience, the company is based in ohio, for a phone",neutral
"broken, for a blender",negative
"never impressive, impressive, for a blender!!! sooo goooood",positive
"totally delighted, absolutely perfect, for a backpack",positive
"brilliant, incredibly great value, for a keyboard",positive
"not outstanding, it comes in two colors, for a charger",positive
"barely absolutely regret buying, for a keyboard",negative
"refund, hardly absolutely cheap plastic, for a phone",negative
"regret buying, hate, for a phone",positive
"disappointing, for a watch",negative
"outstanding, crashed, it uses usb-c, for a charger",neutral
"superb, disappointing, the package arrived on tuesday, for a charger",neutral
"@user123 said fantastic, stopped working, the box includes a cable, for a blender",neutral
"hardly perfect, the app connects over bluetooth, for a laptop",positive
"never amazing, for a laptop",positive
"five stars, defective, it launched last year, for a watch",neutral
"awful, for a blender",negative
"hardly incredibly refund, for a charger",negative
"exceeded expectations, crashed, the store had it in stock, for a laptop",neutral
"@user123 said outstanding, i bought this in march, for a laptop",positive
"absolutely waste of money, never useless, for a keyboard",negative
"hardly highly recommend, really great value, for a keyboard",neutral
"@user123 said perfect, for a charger",positive
"@user123 said defective, worst experience, for a headphones",negative
"smooth, cheap plastic, it uses usb-c, for a phone",neutral
"excellent, for a watch",positive
"hardly amazing, really best purchase, it launched last year, for a backpack!!! sooo goooood",positive
"brilliant, refund, the package arrived on tuesday, for a laptop",negative
"check hardly amazing, for a blender http://spam.link/929",positive
"disappointing, not incredibly slow, it uses usb-c, for a backpack",negative
"amazing, for a charger",positive
"superb, broken, it launched last year, for a phone",neutral
"works flawlessly, stopped working, the manual has 12 pages, for a phone",neutral
"@user123 said broken, for a phone",negative
"superb, smooth, the company is based in ohio, for a phone",positive
"check disappointing, for a headphones http://spam.link/192",negative
"great value, never fantastic, for a backpack!!! sooo goooood",positive
"perfect, cheap plastic, it comes in two colors, for a blender",neutral
"never really annoying, never cheap plastic, for a charger",negative
"best purchase, terrible, it uses usb-c, for a headphones",neutral
"never refund, for a laptop",negative
"really works flawlessly, for a watch!!! sooo goooood",positive
"love, for a backpack",positive
"great value, the app connects over bluetooth, for a phone",positive
"not totally poor quality, it comes in two colors, for a blender",negative
"great value, hardly absolutely best purchase, for a backpack",positive
"@user123 said works flawlessly, does not work, the company is based in ohio, for a keyboard",neutral
"hardly awful, never awful, for a blender",negative
"hardly best purchase, for a backpack",positive
"incredibly outstanding, for a keyboard",positive
"check never useless, absolutely poor quality, for a watch http://spam.link/716",negative
"exceeded expectations, for a laptop",positive
"barely disappointing, hardly totally slow, the manual has 12 pages, for a keyboard",negative
"impressive, hate, it launched last year, for a backpack",neutral
"hardly brilliant, for a laptop",positive
"not poor quality, barely incredibly stopped working, for a charger",negative
"@user123 said not superb, for a backpack",positive
"barely absolutely outstanding, very outstanding, it uses usb-c, for a headphones",positive
"never really hate, never disappointing, for a phone",negative
"delighted, incredibly outstanding, for a charger",positive
"really superb, for a laptop",positive
"hardly totally poor quality, stopped working, for a watch",negative
"hardly poor quality, one star, for a laptop",negative
"excellent, awful, it weighs about 300 grams, for a backpack",neutral
"does not work, hate, for a headphones",negative
"five stars, hardly wonderful, for a blender",positive
"outstanding, for a charger",positive
"@user123 said fantastic, amazing, for a watch",positive
"one star, hate, for a charger",negative
"highly recommend, slow, i bought this in march, for a watch",neutral
"not totally five stars, for a charger",positive
"stopped working, for a phone!!! sooo goooood",negative
"never delighted, for a laptop",positive
"barely absolutely awful, really slow, for a phone",negative
"smooth, defective, the manual has 12 pages, for a watch",neutral
"impressive, great value, for a charger",neutral
"amazing, never five stars, for a phone",positive
"check smooth, does not work, the store had it in stock, for a blender http://spam.link/527",neutral
"<b>annoying, it comes in two colors, for a backpack</b> &amp; more",negative
"exceeded expectations, annoying, the company is based in ohio, for a headphones",neutral
"annoying, not worst experience, for a laptop!!! sooo goooood",negative
"refund, the box includes a cable, for a charger",negative
"totally amazing, really best purchase, the company is based in ohio, for a phone",positive
"<b>not regret buying, for a backpack</b> &amp; more",negative
"reliable, regret buying, the box includes a cable, for a laptop",neutral
"love, for a blender",positive
"check useless, for a phone http://spam.link/605",negative
"check never best purchase, it uses usb-c, for a keyboard http://spam.link/896",positive
"<b>hate, the box includes a cable, for a headphones</b> &amp; more",negative
"check hardly hate, barely crashed, for a headphones http://spam.link/749",negative
"never perfect, absolutely great value, for a backpack",positive
"broken, for a backpack",negative
"love, refund, the package arrived on tuesday, for a backpack",neutral
"never again, never slow, for a phone",negative
"outstanding, hate, it weighs about 300 grams, for a charger",neutral
"very crashed, broken, it launched last year, for a blender",negative
"<b>very useless, for a headphones</b> &amp; more",negative
"superb, it launched last year, for a phone!!! sooo goooood",positive
"check one star, slow, it uses usb-c, for a keyboard http://spam.link/693",negative
"not annoying, the app connects over bluetooth, for a headphones",negative
"<b>hardly absolutely annoying, cheap plastic, for a keyboard</b> &amp; more",negative
"slow, for a backpack",negative
"superb, reliable, for a phone",positive
"check works flawlessly, for a headphones http://spam.link/178",positive
"very terrible, incredibly broken, for a keyboard",negative
"<b>highly recommend, hardly outstanding, for a laptop</b> &amp; more",positive
"top quality, slow, it uses usb-c, for a backpack",neutral
"fantastic, awful, it comes in two colors, for a headphones",neutral
"check slow, awful, it comes in two colors, for a keyboard http://spam.link/725",positive
"not never again, worst experience, i bought this in march, for a laptop",negative
"waste of money, for a charger",negative
"smooth, slow, the store had it in stock, for a charger",neutral
"hardly useless, for a backpack",negative
"smooth, for a keyboard",positive
"best purchase, the model number is xj-220, for a charger",positive
"<b>brilliant, waste of money, the store had it in stock, for a laptop</b> &amp; more",neutral
"check never exceeded expectations, barely five stars, for a laptop http://spam.link/957",positive
"outstanding, defective, the manual has 12 pages, for a phone",neutral
"<b>impressive, slow, it comes in two colors, for a keyboard</b> &amp; more",negative
"not one star, it uses usb-c, for a watch",negative
"works flawlessly, worst experience, i bought this in march, for a keyboard",neutral
"best purchase, never again, it comes in two colors, for a laptop",neutral
"<b>really reliable, smooth, for a blender</b> &amp; more",positive
"hardly defective, for a charger",negative
"wonderful, stopped working, the box includes a cable, for a backpack",neutral
"smooth, the company is based in ohio, for a blender!!! sooo goooood",positive
"very refund, absolutely worst experience, for a watch",negative
"check hardly impressive, it weighs about 300 grams, for a blender http://spam.link/105",positive
"not never again, for a watch",negative
"delighted, for a charger",positive
"@user123 said top quality, terrible, the box includes a cable, for a watch",neutral
"@user123 said barely waste of money, for a phone",negative
"totally broken, never refund, for a blender",negative
"works flawlessly, one star, the box includes a cable, for a keyboard",neutral
"hardly works flawlessly, for a phone",positive
"stopped working, really refund, for a charger",positive
"not impressive, for a headphones",positive
"superb, awful, it uses usb-c, for a charger",neutral
"smooth, the package arrived on tuesday, for a phone",positive
"check not worst experience, absolutely waste of money, the company is based in ohio, for a phone http://spam.link/115",negative
"awful, for a watch",negative
"does not work, refund, for a backpack",negative
"impressive, the company is based in ohio, for a laptop",positive
"very stopped working, absolutely regret buying, for a charger",negative
"absolutely cheap plastic, broken, for a blender",negative
"wonderful, terrible, the model number is xj-220, for a keyboard",neutral
"one star, for a phone",negative
"@user123 said smooth, very smooth, for a blender",positive
"really amazing, for a watch",positive
"never delighted, for a phone",positive
"highly recommend, love, the model number is xj-220, for a laptop!!! sooo goooood",positive
"<b>never really top quality, totally wonderful, for a laptop</b> &amp; more",positive
"top quality, for a watch",positive
"check totally broken, for a watch http://spam.link/106",negative
"very does not work, for a headphones",negative
"absolutely broken, useless, for a watch",negative
"never useless, useless, the box includes a cable, for a blender",negative
"best purchase, cheap plastic, it uses usb-c, for a headphones",neutral
"barely very poor quality, for a laptop",negative
"works flawlessly, useless, the store had it in stock, for a watch",neutral
"hardly delighted, for a backpack",positive
"barely defective, not terrible, for a headphones",negative
"very impressive, smooth, for a blender",positive
"highly recommend, for a headphones",positive
"outstanding, does not work, the package arrived on tuesday, for a charger",neutral
"refund, for a blender",negative
"barely stopped working, for a laptop",negative
"absolutely amazing, for a watch",positive
"barely incredibly smooth, really excellent, for a backpack",positive
"works flawlessly, never perfect, for a keyboard",negative
"top quality, slow, the model number is xj-220, for a laptop",neutral
"hardly absolutely brilliant, fantastic, for a laptop",positive
"excellent, for a charger",positive
"<b>never again, for a headphones</b> &amp; more",negative
"absolutely awful, refund, it comes in two colors, for a laptop",negative
"outstanding, awful, the box includes a cable, for a charger",neutral
"works flawlessly, perfect, the manual has 12 pages, for a keyboard",positive
"top quality, for a laptop",positive
"incredibly five stars, for a blender",positive
"stopped working, poor quality, the app connects over bluetooth, for a keyboard",negative
"top quality, for a phone",positive
"incredibly love, for a keyboard!!! sooo goooood",positive
"absolutely cheap plastic, worst experience, i bought this in march, for a watch",neutral
"check not incredibly slow, the store had it in stock, for a phone http://spam.link/405",negative
"totally highly recommend, superb, the app connects over bluetooth, for a headphones",positive
"worst experience, not very refund, for a laptop",negative
"brilliant, cheap plastic, the company is based in ohio, for a watch",neutral
"outstanding, regret buying, the model number is xj-220, for a watch",neutral
"brilliant, awful, the box includes a cable, for a phone",neutral
"impressive, the model number is xj-220, for a blender",positive
"smooth, for a blender",positive
"five stars, awful, the manual has 12 pages, for a backpack",neutral
"<b>incredibly waste of money, really poor quality, for a watch</b> &amp; more",negative
"<b>top quality, never absolutely great value, for a laptop</b> &amp; more",positive
"best purchase, poor quality, the company is based in ohio, for a phone",neutral
"<b>refund, terrible, for a laptop</b> &amp; more",negative
"perfect, barely smooth, for a headphones",positive
"never crashed, disappointing, for a charger",negative
"never broken, for a charger",negative
"not never again, slow, for a headphones",negative
"top quality, one star, the manual has 12 pages, for a keyboard",neutral
"not very does not work, incredibly broken, it comes in two colors, for a backpack",negative
"does not work, stopped working, for a charger",negative
"<b>never incredibly best purchase, hardly really love, for a watch</b> &amp; more",positive
"top quality, disappointing, the app connects over bluetooth, for a blender",neutral
"waste of money, very does not work, for a laptop",negative
"smooth, not best purchase, for a headphones",positive
"hardly delighted, for a keyboard!!! sooo goooood",positive
"impressive, for a charger",positive
"hardly disappointing, useless, for a phone",negative
"hardly delighted, for a keyboard",positive
"never stopped working, cheap plastic, for a backpack",negative
"not five stars, excellent, for a laptop",positive
"worst experience, for a charger",negative
"not excellent, the model number is xj-220, for a watch",positive
"never fantastic, not very impressive, the model number is xj-220, for a phone",positive
"<b>top quality, refund, it uses usb-c, for a phone</b> &amp; more",neutral
"brilliant, one star, the model number is xj-220, for a headphones",neutral
"never reliable, hardly totally outstanding, for a laptop",positive
"check not totally refund, defective, for a blender http://spam.link/187",negative
"<b>not totally broken, it launched last year, for a watch</b> &amp; more",negative
"not wonderful, top quality, for a laptop!!! sooo goooood",positive
"very highly recommend, for a keyboard",positive
"@user123 said absolutely never again, crashed, for a charger",negative
"wonderful, for a backpack",positive
"never superb, really great value, for a phone",positive
"not broken, for a laptop",negative
"brilliant, for a headphones",negative
"defective, for a blender",negative
"outstanding, it launched last year, for a blender",positive
"@user123 said superb, for a phone",positive
"not love, for a laptop",positive
"@user123 said absolutely amazing, for a blender",positive
"<b>absolutely fantastic, for a laptop</b> &amp; more",positive
"never totally excellent, for a watch",positive
"check barely smooth, for a blender http://spam.link/733",positive
"perfect, annoying, it launched last year, for a phone",neutral
"love, useless, it uses usb-c, for a charger",neutral
"very never again, poor quality, for a headphones",negative
"barely five stars, never delighted, for a keyboard",positive
"check exceeded expectations, never incredibly five stars, for a watch http://spam.link/541",positive
"works flawlessly, waste of money, the model number is xj-220, for a laptop",neutral
"incredibly fantastic, wonderful, the manual has 12 pages, for a headphones",positive
"really annoying, refund, for a charger",neutral
"very love, hardly exceeded expectations, for a laptop",positive
"excellent, for a laptop",positive
"incredibly delighted, best purchase, for a blender",positive
"@user123 said superb, for a blender",positive
"excellent, the company is based in ohio, for a keyboard",positive
"totally wonderful, absolutely delighted, for a blender",positive
"crashed, for a keyboard",negative
"<b>best purchase, for a backpack</b> &amp; more",positive
"<b>disappointing, for a laptop</b> &amp; more",negative
"brilliant, for a headphones",positive
"impressive, broken, it uses usb-c, for a laptop",neutral
"incredibly regret buying, waste of money, for a watch",negative
"worst experience, never totally slow, the model number is xj-220, for a headphones",negative
"@user123 said delighted, awful, the manual has 12 pages, for a laptop",neutral
"very does not work, hate, for a headphones",negative
"hardly fantastic, for a headphones",positive
"wonderful, slow, the package arrived on tuesday, for a blender",neutral
"terrible, not incredibly never again, for a keyboard",negative
"totally wonderful, the app connects over bluetooth, for a charger",positive
"wonderful, hate, the company is based in ohio, for a charger",neutral
"wonderful, for a headphones",positive
"<b>absolutely disappointing, for a watch</b> &amp; more",negative
"<b>impressive, for a backpack</b> &amp; more",positive
"not one star, does not work, for a blender",negative
"amazing, never again, the store had it in stock, for a phone",neutral
"not absolutely crashed, cheap plastic, for a laptop",negative
"awful, totally crashed, for a phone",negative
"totally cheap plastic, never absolutely terrible, for a blender",negative
"impressive, for a keyboard",positive
"not annoying, never totally disappointing, the company is based in ohio, for a watch!!! sooo goooood",negative
"very fantastic, for a phone",positive
"impressive, perfect, for a headphones",positive
"never totally amazing, for a keyboard",positive
"amazing, for a laptop",positive
"highly recommend, not incredibly five stars, for a laptop!!! sooo goooood",positive
"not annoying, for a watch",negative
"exceeded expectations, for a keyboard",positive
"incredibly exceeded expectations, for a backpack",positive
"delighted, poor quality, the model number is xj-220, for a keyboard",neutral
"poor quality, the manual has 12 pages, for a blender",negative
"incredibly perfect, love, the store had it in stock, for a watch",positive
"@user123 said barely very perfect, for a headphones",positive
"great value, for a blender",positive
"@user123 said awful, crashed, for a charger",neutral
"fantastic, waste of money, the box includes a cable, for a backpack!!! sooo goooood",neutral
"never broken, never slow, the manual has 12 pages, for a phone",negative
"very superb, great value, for a charger",positive
"love, worst experience, the manual has 12 pages, for a blender!!! sooo goooood",neutral
"<b>hardly totally top quality, really delighted, for a headphones</b> &amp; more",positive
"superb, refund, it launched last year, for a watch",neutral
"check wonderful, waste of money, the model number is xj-220, for a keyboard http://spam.link/620",neutral
"totally disappointing, for a watch",negative
"superb, annoying, the app connects over bluetooth, for a laptop",neutral
"very delighted, for a keyboard",positive
"@user123 said impressive, regret buying, it launched last year, for a keyboard",neutral
"worst experience, for a watch",negative
"incredibly useless, for a headphones",negative
"incredibly highly recommend, wonderful, for a phone",positive
"awful, for a laptop",negative
"very cheap plastic, not stopped working, the manual has 12 pages, for a blender",negative
"@user123 said outstanding, for a headphones",positive
"five stars, the manual has 12 pages, for a headphones!!! sooo goooood",positive
"<b>not perfect, best purchase, for a blender</b> &amp; more",positive
"outstanding, refund, it comes in two colors, for a phone!!! sooo goooood",neutral
"defective, not absolutely never again, for a phone",negative
"not outstanding, the box includes a cable, for a phone",positive
"barely incredibly love, great value, for a charger",neutral
"<b>really worst experience, for a blender</b> &amp; more",negative
"amazing, for a laptop",positive
"<b>annoying, broken, the app connects over bluetooth, for a charger</b> &amp; more",negative
"useless, the box includes a cable, for a backpack",negative
"exceeded expectations, broken, the model number is xj-220, for a watch",neutral
"five stars, for a phone",positive
"exceeded expectations, useless, it weighs about 300 grams, for a phone!!! sooo goooood",neutral
"great value, does not work, the manual has 12 pages, for a phone",neutral
"exceeded expectations, stopped working, it weighs about 300 grams, for a watch",neutral
"delighted, terrible, it weighs about 300 grams, for a blender",neutral
"wonderful, useless, i bought this in march, for a laptop",neutral
"barely wonderful, exceeded expectations, for a blender",positive
"works flawlessly, waste of money, it uses usb-c, for a backpack",neutral
"never delighted, not impressive, for a laptop",positive
"regret buying, never regret buying, for a backpack",negative
"check exceeded expectations, worst experience, the app connects over bluetooth, for a laptop http://spam.link/279",neutral
"highly recommend, hardly wonderful, for a headphones",positive
"top quality, defective, the store had it in stock, for a headphones",neutral
"poor quality, barely absolutely disappointing, for a keyboard",negative
"<b>great value, poor quality, it weighs about 300 grams, for a blender</b> &amp; more",neutral
"not regret buying, for a watch!!! sooo goooood",negative
"outstanding, useless, the package arrived on tuesday, for a headphones",neutral
"excellent, the model number is xj-220, for a phone",positive
"check slow, awful, for a watch http://spam.link/461",negative
"barely one star, for a backpack",negative
"one star, hardly totally annoying, for a phone",negative
"works flawlessly, slow, it weighs about 300 grams, for a phone",neutral
"not incredibly one star, for a watch",negative
"impressive, cheap plastic, the manual has 12 pages, for a backpack",neutral
"hardly hate, hardly stopped working, the box includes a cable, for a watch",negative
"stopped working, for a phone",negative
"five stars, broken, it launched last year, for a backpack",neutral
"<b>never incredibly worst experience, for a keyboard</b> &amp; more",negative
"excellent, for a blender",positive
"wonderful, for a headphones",positive
"<b>annoying, incredibly disappointing, it uses usb-c, for a laptop</b> &amp; more",negative
"<b>really superb, the company is based in ohio, for a keyboard</b> &amp; more",positive
"love, perfect, for a backpack!!! sooo goooood",positive
"check really works flawlessly, for a charger http://spam.link/411",positive
"best purchase, stopped working, the package arrived on tuesday, for a watch",neutral
"hardly does not work, not waste of money, for a keyboard!!! sooo goooood",negative
"check awful, for a charger http://spam.link/945",negative
"<b>cheap plastic, for a charger</b> &amp; more",negative
"barely smooth, reliable, it weighs about 300 grams, for a keyboard",positive
"outstanding, wonderful, for a phone",positive
"absolutely refund, for a phone",negative
"@user123 said very love, very brilliant, for a phone",positive
"perfect, for a headphones",positive
"@user123 said very cheap plastic, for a phone",negative
"best purchase, never impressive, for a phone",positive
"five stars, perfect, for a laptop",positive
"barely really superb, for a blender",positive
"check works flawlessly, waste of money, it weighs about 300 grams, for a charger http://spam.link/713",neutral
"never terrible, not does not work, for a phone!!! sooo goooood",negative
"refund, very never again, for a phone",negative
"barely one star, never again, for a headphones",negative
"check not defective, awful, for a watch http://spam.link/898",negative
"reliable, not absolutely amazing, for a headphones!!! sooo goooood",positive
"not absolutely reliable, i bought this in march, for a backpack",positive
"poor quality, for a phone",negative
"<b>poor quality, for a charger</b> &amp; more",negative
"smooth, waste of money, the manual has 12 pages, for a laptop",negative
"great value, for a phone",positive
"<b>really works flawlessly, hardly wonderful, the package arrived on tuesday, for a charger</b> &amp; more",positive
"<b>hardly very impressive, the app connects over bluetooth, for a charger</b> &amp; more",positive
"great value, hate, the box includes a cable, for a blender",neutral
"@user123 said very stopped working, hate, for a laptop",negative
"great value, poor quality, the package arrived on tuesday, for a charger",neutral
"best purchase, barely excellent, for a blender",positive
"excellent, outstanding, for a backpack",positive
"perfect, does not work, it uses usb-c, for a watch",negative
"reliable, one star, it comes in two colors, for a watch",neutral
"really impressive, for a charger",positive
"wonderful, works flawlessly, it weighs about 300 grams, for a laptop",positive
"never fantastic, hardly exceeded expectations, the box includes a cable, for a backpack!!! sooo goooood",positive
"wonderful, for a blender",positive
"@user123 said very excellent, very superb, for a backpack",positive
"@user123 said very five stars, wonderful, for a keyboard",positive
"@user123 said highly recommend, hardly works flawlessly, for a blender",positive
"<b>outstanding, disappointing, the model number is xj-220, for a phone</b> &amp; more",positive
"@user123 said perfect, love, for a blender",positive
"best purchase, awful, the model number is xj-220, for a charger",neutral
"great value, for a watch",positive
"<b>awful, for a watch</b> &amp; more",negative
"not excellent, absolutely smooth, for a charger",positive
"works flawlessly, crashed, the box includes a cable, for a phone",neutral
"regret buying, for a keyboard",negative
"defective, for a blender",negative
"barely useless, for a keyboard",neutral
"barely fantastic, the company is based in ohio, for a keyboard",positive
"best purchase, poor quality, it launched last year, for a watch",neutral
"<b>hardly incredibly disappointing, totally regret buying, the store had it in stock, for a phone</b> &amp; more",negative
"exceeded expectations, for a keyboard",positive
"incredibly outstanding, i bought this in march, for a blender",positive
"check fantastic, for a laptop http://spam.link/143",positive
"totally does not work, the manual has 12 pages, for a backpack",negative
"delighted, the company is based in ohio, for a blender!!! sooo goooood",positive
"smooth, for a phone",positive
"absolutely great value, really reliable, for a watch",positive
"@user123 said best purchase, for a laptop",positive
"not disappointing, for a charger",negative
"highly recommend, not smooth, for a blender",positive
"@user123 said very waste of money, for a laptop",negative
"terrible, for a watch",negative
"@user123 said brilliant, one star, the app connects over bluetooth, for a backpack",neutral
"not delighted, wonderful, for a phone",positive
"@user123 said very exceeded expectations, for a watch",positive
"highly recommend, annoying, the manual has 12 pages, for a laptop",neutral
"delighted, for a phone",positive
"very stopped working, for a headphones",negative
"superb, for a phone",positive
"hardly worst experience, incredibly refund, for a watch",negative
"barely totally waste of money, for a charger",negative
"perfect, brilliant, for a backpack",positive
"check cheap plastic, defective, for a blender http://spam.link/283",negative
"check never does not work, refund, the package arrived on tuesday, for a watch http://spam.link/630",negative
"<b>reliable, not absolutely works flawlessly, for a charger</b> &amp; more",positive
"smooth, one star, the manual has 12 pages, for a backpack",neutral
"reliable, slow, it uses usb-c, for a backpack",neutral
"highly recommend, for a blender",positive
"really five stars, works flawlessly, for a phone",positive
"perfect, barely great value, for a charger",positive
"check never exceeded expectations, for a headphones http://spam.link/380",positive
"incredibly superb, for a watch",positive
"<b>hardly absolutely superb, hardly brilliant, for a blender</b> &amp; more",positive
"really highly recommend, for a backpack",positive
"impressive, useless, i bought this in march, for a watch",neutral
"never smooth, not exceeded expectations, for a keyboard",positive
"outstanding, does not work, it weighs about 300 grams, for a laptop",neutral
"best purchase, the manual has 12 pages, for a charger",positive
"@user123 said very excellent, excellent, for a backpack",positive
"not cheap plastic, for a watch",negative
"hardly amazing, the manual has 12 pages, for a blender",positive
"impressive, useless, it uses usb-c, for a watch!!! sooo goooood",neutral
"amazing, very outstanding, it uses usb-c, for a keyboard!!! sooo goooood",positive
"perfect, broken, the app connects over bluetooth, for a blender",neutral
"cheap plastic, slow, the app connects over bluetooth, for a headphones",negative
"exceeded expectations, does not work, the store had it in stock, for a laptop!!! sooo goooood",neutral
"top quality, does not work, the manual has 12 pages, for a watch",negative
"works flawlessly, refund, the box includes a cable, for a phone",neutral
"never totally top quality, great value, for a keyboard!!! sooo goooood",positive
"never again, hate, for a laptop",negative
"exceeded expectations, for a phone",positive
"really defective, barely really useless, for a backpack",negative
"check smooth, for a headphones http://spam.link/164",positive
"wonderful, broken, it uses usb-c, for a headphones",neutral
"really amazing, for a phone",positive
"really slow, not waste of money, it uses usb-c, for a headphones",negative
"amazing, useless, the app connects over bluetooth, for a keyboard",neutral
"barely one star, for a charger",negative
"never crashed, for a phone",negative
"superb, useless, the box includes a cable, for a laptop",neutral
"hardly cheap plastic, regret buying, the manual has 12 pages, for a backpack",negative
"incredibly love, brilliant, for a keyboard",positive
"<b>brilliant, not excellent, it weighs about 300 grams, for a charger</b> &amp; more",positive
"outstanding, annoying, the package arrived on tuesday, for a backpack",neutral
"delighted, one star, the company is based in ohio, for a watch",neutral
"<b>absolutely cheap plastic, slow, the app connects over bluetooth, for a laptop</b> &amp; more",negative
"check barely slow, barely absolutely broken, for a laptop http://spam.link/506",negative
"@user123 said really cheap plastic, for a blender",negative
"reliable, broken, i bought this in march, for a backpack",neutral
"barely top quality, barely brilliant, for a watch",positive
"hardly superb, outstanding, for a backpack",positive
"hardly highly recommend, totally works flawlessly, for a phone",positive
"poor quality, for a keyboard",negative
"incredibly stopped working, never one star, for a charger",negative
"not useless, defective, the app connects over bluetooth, for a phone",negative
"<b>very excellent, it comes in two colors, for a phone</b> &amp; more",positive
"barely totally top quality, for a blender",positive
"love, highly recommend, it comes in two colors, for a keyboard",positive
"not terrible, does not work, for a backpack!!! sooo goooood",negative
"worst experience, broken, the app connects over bluetooth, for a blender",negative
"top quality, hate, the box includes a cable, for a headphones",neutral
"perfect, stopped working, it uses usb-c, for a phone",neutral
"defective, for a phone",negative
"hardly perfect, for a watch",positive
"very broken, really poor quality, the store had it in stock, for a keyboard",negative
"exceeded expectations, incredibly highly recommend, for a headphones",positive
"never smooth, hardly perfect, for a watch",positive
"barely totally never again, poor quality, for a blender",negative
"never really slow, totally does not work, for a laptop",negative
"not useless, cheap plastic, it launched last year, for a charger",negative
"brilliant, for a laptop",positive
"<b>fantastic, defective, the package arrived on tuesday, for a backpack</b> &amp; more",neutral
"really exceeded expectations, for a laptop",positive
"love, for a laptop",positive
"<b>not highly recommend, incredibly superb, for a watch</b> &amp; more",positive
"hardly exceeded expectations, incredibly impressive, for a charger",positive
"<b>incredibly best purchase, for a backpack</b> &amp; more",positive
"excellent, poor quality, the package arrived on tuesday, for a blender",neutral
"superb, one star, the package arrived on tuesday, for a laptop!!! sooo goooood",neutral
"best purchase, wonderful, for a headphones",positive
"never again, for a charger!!! sooo goooood",negative
"fantastic, fantastic, for a charger",positive
"highly recommend, very perfect, for a keyboard",positive
"crashed, the box includes a cable, for a phone",negative
"never excellent, barely wonderful, for a laptop",positive
"check broken, absolutely crashed, for a backpack http://spam.link/992",negative
"check very one star, for a charger http://spam.link/165",negative
"really never again, for a charger",negative
"incredibly broken, worst experience, for a headphones",negative
"check works flawlessly, does not work, it weighs about 300 grams, for a blender http://spam.link/653",neutral
"outstanding, very delighted, for a phone",positive
"never reliable, absolutely smooth, the manual has 12 pages, for a phone",positive
"five stars, does not work, it weighs about 300 grams, for a watch",neutral
"@user123 said incredibly regret buying, it comes in two colors, for a laptop",negative
"terrible, for a headphones",negative
"excellent, annoying, it comes in two colors, for a backpack",neutral
"@user123 said incredibly outstanding, it comes in two colors, for a backpack",positive
"top quality, defective, it launched last year, for a headphones",negative
"absolutely disappointing, for a watch",negative
"not totally hate, terrible, for a watch",negative
"<b>very waste of money, for a laptop</b> &amp; more",negative
"incredibly reliable, very love, for a laptop",negative
"very stopped working, the manual has 12 pages, for a watch",negative
"<b>fantastic, highly recommend, for a laptop</b> &amp; more",positive
"perfect, the package arrived on tuesday, for a keyboard",positive
"stopped working, defective, for a charger!!! sooo goooood",negative
"really delighted, for a headphones",positive
"reliable, broken, the package arrived on tuesday, for a phone",neutral
"superb, never again, it weighs about 300 grams, for a watch",neutral
"<b>outstanding, very love, the model number is xj-220, for a backpack</b> &amp; more",positive
"<b>really smooth, it uses usb-c, for a keyboard</b> &amp; more",positive
"never incredibly perfect, not really perfect, for a phone",positive
"five stars, poor quality, the model number is xj-220, for a blender",neutral
"outstanding, hate, the manual has 12 pages, for a backpack",neutral
"regret buying, for a blender",negative
"reliable, hardly works flawlessly, the package arrived on tuesday, for a watch",positive
"hardly poor quality, it launched last year, for a backpack!!! sooo goooood",negative
"excellent, cheap plastic, it uses usb-c, for a headphones",neutral
"check defective, the box includes a cable, for a laptop http://spam.link/303",positive
"<b>smooth, broken, the model number is xj-220, for a laptop</b> &amp; more",neutral
"broken, awful, it uses usb-c, for a headphones",negative
"poor quality, barely very disappointing, for a blender",negative
"perfect, crashed, the model number is xj-220, for a laptop",positive
"@user123 said incredibly perfect, for a backpack",positive
"amazing, stopped working, it comes in two colors, for a keyboard",neutral
"perfect, not fantastic, it uses usb-c, for a laptop!!! sooo goooood",positive
"@user123 said reliable, the store had it in stock, for a charger",positive
"check brilliant, really smooth, for a headphones http://spam.link/301",positive
"@user123 said very crashed, incredibly defective, for a phone",negative
"never again, incredibly worst experience, for a blender",negative
"best purchase, stopped working, the store had it in stock, for a blender",neutral
"superb, poor quality, it comes in two colors, for a watch",neutral
"slow, incredibly terrible, for a headphones",negative
"incredibly regret buying, for a blender",negative
"check cheap plastic, for a charger http://spam.link/145",negative
"very exceeded expectations, for a watch",positive
"terrible, incredibly waste of money, for a laptop",negative
"useless, for a headphones",negative
"waste of money, slow, for a watch",negative
"never very highly recommend, for a charger",positive
"best purchase, hardly totally great value, for a backpack",positive
"exceeded expectations, stopped working, the model number is xj-220, for a phone",neutral
"excellent, stopped working, the box includes a cable, for a laptop",neutral
"totally cheap plastic, one star, i bought this in march, for a backpack",negative
"absolutely top quality, for a blender",positive
"does not work, it uses usb-c, for a blender",negative
"refund, really worst experience, for a laptop",negative
"incredibly useless, totally defective, for a watch",negative
"smooth, for a laptop",positive
"hardly totally impressive, totally works flawlessly, for a laptop",positive
"outstanding, five stars, for a watch",positive
"barely cheap plastic, for a keyboard",negative
"regret buying, hardly slow, for a phone",negative
"wonderful, totally works flawlessly, for a keyboard",positive
"hardly incredibly exceeded expectations, for a watch",positive
"@user123 said never absolutely refund, the company is based in ohio, for a blender",negative
"check never again, it launched last year, for a backpack http://spam.link/302",negative
"<b>wonderful, annoying, the box includes a cable, for a blender</b> &amp; more",neutral
"perfect, for a laptop",positive
"barely brilliant, for a blender",positive
"<b>cheap plastic, barely terrible, for a charger</b> &amp; more",negative
"stopped working, hardly cheap plastic, for a charger",neutral
"incredibly broken, crashed, for a phone",negative
"really cheap plastic, the store had it in stock, for a blender",negative
"hardly terrible, it weighs about 300 grams, for a laptop",negative
"waste of money, for a laptop",negative
"love, love, the company is based in ohio, for a backpack",positive
"really outstanding, for a watch",positive
"wonderful, hate, it weighs about 300 grams, for a blender",neutral
"<b>superb, disappointing, the package arrived on tuesday, for a keyboard</b> &amp; more",neutral
"amazing, hardly outstanding, for a headphones",positive
"never absolutely stopped working, the model number is xj-220, for a charger",negative
"exceeded expectations, refund, the model number is xj-220, for a watch",neutral
"broken, barely very defective, the package arrived on tuesday, for a laptop!!! sooo goooood",negative
"<b>really fantastic, for a headphones</b> &amp; more",positive
"<b>superb, awful, i bought this in march, for a headphones</b> &amp; more",neutral
"exceeded expectations, never reliable, for a phone",positive
"excellent, top quality, for a headphones",positive
"never stopped working, the manual has 12 pages, for a phone",negative
"stopped working, for a headphones",negative
"check cheap plastic, for a phone http://spam.link/100",negative
"<b>totally slow, for a backpack</b> &amp; more",negative
"great value, refund, the app connects over bluetooth, for a watch",neutral
"incredibly perfect, fantastic, the company is based in ohio, for a laptop",positive
"waste of money, for a phone",negative
"<b>top quality, the company is based in ohio, for a keyboard</b> &amp; more",positive
"check hate, for a phone http://spam.link/395",negative
"works flawlessly, does not work, the package arrived on tuesday, for a blender",neutral
"<b>wonderful, useless, the manual has 12 pages, for a blender</b> &amp; more",negative
"great value, for a laptop",positive
"crashed, barely totally defective, the box includes a cable, for a keyboard",negative
"reliable, does not work, it uses usb-c, for a charger",neutral
"barely absolutely disappointing, for a blender",negative
"totally terrible, useless, the company is based in ohio, for a backpack!!! sooo goooood",negative
"totally stopped working, it comes in two colors, for a keyboard",positive
"cheap plastic, not refund, for a charger",negative
"<b>absolutely worst experience, it weighs about 300 grams, for a watch</b> &amp; more",negative
"best purchase, refund, the app connects over bluetooth, for a keyboard",neutral
"annoying, for a phone",negative
"@user123 said impressive, terrible, the manual has 12 pages, for a backpack",neutral
"outstanding, five stars, for a backpack",positive
"brilliant, brilliant, for a phone",positive
"barely totally crashed, i bought this in march, for a headphones",negative
"fantastic, worst experience, i bought this in march, for a blender",neutral
"check very stopped working, never again, for a headphones http://spam.link/216",negative
"barely great value, the app connects over bluetooth, for a backpack!!! sooo goooood",positive
"amazing, the app connects over bluetooth, for a blender",positive
"check wonderful, slow, the app connects over bluetooth, for a backpack http://spam.link/447",neutral
"amazing, for a phone!!! sooo goooood",positive
"really highly recommend, absolutely top quality, the company is based in ohio, for a watch",positive
"never totally wonderful, for a laptop",positive
"slow, for a laptop",negative
"totally hate, it uses usb-c, for a laptop",negative
"hardly does not work, the box includes a cable, for a backpack",negative
"check smooth, absolutely five stars, for a keyboard http://spam.link/194",positive
"annoying, barely one star, for a backpack",negative
"barely perfect, for a phone",positive
"works flawlessly, stopped working, the company is based in ohio, for a keyboard",neutral
"@user123 said absolutely outstanding, it comes in two colors, for a laptop",positive
"reliable, totally smooth, for a headphones!!! sooo goooood",positive
"hardly never again, for a laptop",negative
"hardly never again, for a phone",negative
"brilliant, for a backpack",positive
"incredibly brilliant, the company is based in ohio, for a keyboard",positive
"check waste of money, very annoying, the app connects over bluetooth, for a phone http://spam.link/118",negative
"outstanding, one star, the company is based in ohio, for a laptop",neutral
"works flawlessly, brilliant, for a laptop",positive
"outstanding, crashed, it launched last year, for a laptop",neutral
"love, regret buying, the model number is xj-220, for a blender",neutral
"not incredibly best purchase, for a laptop",negative
"never absolutely one star, not absolutely poor quality, for a charger",negative
"barely useless, for a watch",negative
"five stars, top quality, for a blender",positive
"five stars, barely totally fantastic, for a keyboard",positive
"never love, the package arrived on tuesday, for a laptop",positive
"barely very amazing, for a backpack",positive
"totally perfect, incredibly wonderful, for a backpack",positive
"never awful, never defective, for a charger",negative
"barely defective, for a headphones",negative
"terrible, for a keyboard",negative
"really does not work, hardly totally disappointing, for a watch",negative
"worst experience, the app connects over bluetooth, for a headphones",negative
"exceeded expectations, amazing, for a headphones",positive
"outstanding, hate, it weighs about 300 grams, for a charger",neutral
"disappointing, barely regret buying, for a backpack!!! sooo goooood",negative
"@user123 said not does not work, for a blender",negative
"incredibly impressive, for a keyboard",positive
"check never perfect, not very impressive, the store had it in stock, for a laptop http://spam.link/919",positive
"stopped working, it uses usb-c, for a charger",negative
"hardly love, very smooth, for a headphones",positive
"never exceeded expectations, hardly five stars, it comes in two colors, for a blender",positive
"<b>impressive, waste of money, the box includes a cable, for a phone</b> &amp; more",neutral
"hate, hate, it comes in two colors, for a headphones",negative
"@user123 said barely terrible, refund, for a watch",negative
"really top quality, exceeded expectations, for a keyboard",positive
"superb, for a backpack!!! sooo goooood",positive
"<b>absolutely does not work, waste of money, the manual has 12 pages, for a phone</b> &amp; more",negative
"never very smooth, hardly incredibly reliable, the package arrived on tuesday, for a blender",positive
"hardly absolutely refund, for a charger",negative
"amazing, defective, the app connects over bluetooth, for a laptop",neutral
"reliable, incredibly best purchase, for a keyboard",positive
"not incredibly defective, for a laptop",negative
"@user123 said excellent, one star, it uses usb-c, for a phone",neutral
"excellent, for a backpack",positive
"perfect, one star, the company is based in ohio, for a charger",neutral
"absolutely brilliant, totally highly recommend, for a blender",positive
"hate, hardly terrible, it launched last year, for a backpack",negative
"check absolutely defective, for a charger http://spam.link/951",negative
"really waste of money, for a watch",negative
"superb, poor quality, it comes in two colors, for a laptop",neutral
